ISO-10303-21;
HEADER;
FILE_DESCRIPTION(('Open CASCADE Model'),'2;1');
FILE_NAME('Open CASCADE Shape Model','2026-07-29T17:08:23',('Author'),(
    'Open CASCADE'),'Open CASCADE STEP processor 7.9','Open CASCADE 7.9'
  ,'Unknown');
FILE_SCHEMA(('AUTOMOTIVE_DESIGN { 1 0 10303 214 1 1 1 1 }'));
ENDSEC;
DATA;
#1 = APPLICATION_PROTOCOL_DEFINITION('international standard',
  'automotive_design',2000,#2);
#2 = APPLICATION_CONTEXT(
  'core data for automotive mechanical design processes');
#3 = SHAPE_DEFINITION_REPRESENTATION(#4,#10);
#4 = PRODUCT_DEFINITION_SHAPE('','',#5);
#5 = PRODUCT_DEFINITION('design','',#6,#9);
#6 = PRODUCT_DEFINITION_FORMATION('','',#7);
#7 = PRODUCT('PertAcoustic_HTI_preliminary',
  'PertAcoustic_HTI_preliminary','',(#8));
#8 = PRODUCT_CONTEXT('',#2,'mechanical');
#9 = PRODUCT_DEFINITION_CONTEXT('part definition',#2,'design');
#10 = SHAPE_REPRESENTATION('',(#11,#15,#19,#23,#27,#31,#35,#39,#43,#47,
    #51,#55,#59,#63,#67,#71,#75),#79);
#11 = AXIS2_PLACEMENT_3D('',#12,#13,#14);
#12 = CARTESIAN_POINT('',(0.,0.,0.));
#13 = DIRECTION('',(0.,0.,1.));
#14 = DIRECTION('',(1.,0.,-0.));
#15 = AXIS2_PLACEMENT_3D('',#16,#17,#18);
#16 = CARTESIAN_POINT('',(0.,0.,0.));
#17 = DIRECTION('',(0.,0.,1.));
#18 = DIRECTION('',(1.,0.,-0.));
#19 = AXIS2_PLACEMENT_3D('',#20,#21,#22);
#20 = CARTESIAN_POINT('',(0.,0.,0.));
#21 = DIRECTION('',(0.,0.,1.));
#22 = DIRECTION('',(1.,0.,-0.));
#23 = AXIS2_PLACEMENT_3D('',#24,#25,#26);
#24 = CARTESIAN_POINT('',(0.,0.,0.));
#25 = DIRECTION('',(0.,0.,1.));
#26 = DIRECTION('',(1.,0.,-0.));
#27 = AXIS2_PLACEMENT_3D('',#28,#29,#30);
#28 = CARTESIAN_POINT('',(0.,0.,0.));
#29 = DIRECTION('',(0.,0.,1.));
#30 = DIRECTION('',(1.,0.,-0.));
#31 = AXIS2_PLACEMENT_3D('',#32,#33,#34);
#32 = CARTESIAN_POINT('',(0.,0.,0.));
#33 = DIRECTION('',(0.,0.,1.));
#34 = DIRECTION('',(1.,0.,-0.));
#35 = AXIS2_PLACEMENT_3D('',#36,#37,#38);
#36 = CARTESIAN_POINT('',(0.,0.,0.));
#37 = DIRECTION('',(0.,0.,1.));
#38 = DIRECTION('',(1.,0.,-0.));
#39 = AXIS2_PLACEMENT_3D('',#40,#41,#42);
#40 = CARTESIAN_POINT('',(0.,0.,0.));
#41 = DIRECTION('',(0.,0.,1.));
#42 = DIRECTION('',(1.,0.,-0.));
#43 = AXIS2_PLACEMENT_3D('',#44,#45,#46);
#44 = CARTESIAN_POINT('',(0.,0.,0.));
#45 = DIRECTION('',(0.,0.,1.));
#46 = DIRECTION('',(1.,0.,-0.));
#47 = AXIS2_PLACEMENT_3D('',#48,#49,#50);
#48 = CARTESIAN_POINT('',(0.,0.,0.));
#49 = DIRECTION('',(0.,0.,1.));
#50 = DIRECTION('',(1.,0.,-0.));
#51 = AXIS2_PLACEMENT_3D('',#52,#53,#54);
#52 = CARTESIAN_POINT('',(0.,0.,0.));
#53 = DIRECTION('',(0.,0.,1.));
#54 = DIRECTION('',(1.,0.,-0.));
#55 = AXIS2_PLACEMENT_3D('',#56,#57,#58);
#56 = CARTESIAN_POINT('',(0.,0.,0.));
#57 = DIRECTION('',(0.,0.,1.));
#58 = DIRECTION('',(1.,0.,-0.));
#59 = AXIS2_PLACEMENT_3D('',#60,#61,#62);
#60 = CARTESIAN_POINT('',(0.,0.,0.));
#61 = DIRECTION('',(0.,0.,1.));
#62 = DIRECTION('',(1.,0.,-0.));
#63 = AXIS2_PLACEMENT_3D('',#64,#65,#66);
#64 = CARTESIAN_POINT('',(0.,0.,0.));
#65 = DIRECTION('',(0.,0.,1.));
#66 = DIRECTION('',(1.,0.,-0.));
#67 = AXIS2_PLACEMENT_3D('',#68,#69,#70);
#68 = CARTESIAN_POINT('',(0.,0.,0.));
#69 = DIRECTION('',(0.,0.,1.));
#70 = DIRECTION('',(1.,0.,-0.));
#71 = AXIS2_PLACEMENT_3D('',#72,#73,#74);
#72 = CARTESIAN_POINT('',(0.,0.,0.));
#73 = DIRECTION('',(0.,0.,1.));
#74 = DIRECTION('',(1.,0.,-0.));
#75 = AXIS2_PLACEMENT_3D('',#76,#77,#78);
#76 = CARTESIAN_POINT('',(0.,0.,0.));
#77 = DIRECTION('',(0.,0.,1.));
#78 = DIRECTION('',(1.,0.,-0.));
#79 = ( GEOMETRIC_REPRESENTATION_CONTEXT(3) 
GLOBAL_UNCERTAINTY_ASSIGNED_CONTEXT((#83)) GLOBAL_UNIT_ASSIGNED_CONTEXT(
(#80,#81,#82)) REPRESENTATION_CONTEXT('Context #1',
  '3D Context with UNIT and UNCERTAINTY') );
#80 = ( LENGTH_UNIT() NAMED_UNIT(*) SI_UNIT(.MILLI.,.METRE.) );
#81 = ( NAMED_UNIT(*) PLANE_ANGLE_UNIT() SI_UNIT($,.RADIAN.) );
#82 = ( NAMED_UNIT(*) SI_UNIT($,.STERADIAN.) SOLID_ANGLE_UNIT() );
#83 = UNCERTAINTY_MEASURE_WITH_UNIT(LENGTH_MEASURE(2.E-06),#80,
  'distance_accuracy_value','confusion accuracy');
#84 = PRODUCT_RELATED_PRODUCT_CATEGORY('part',$,(#7));
#85 = SHAPE_DEFINITION_REPRESENTATION(#86,#92);
#86 = PRODUCT_DEFINITION_SHAPE('','',#87);
#87 = PRODUCT_DEFINITION('design','',#88,#91);
#88 = PRODUCT_DEFINITION_FORMATION('','',#89);
#89 = PRODUCT('HTI_sensor_reference_envelope',
  'HTI_sensor_reference_envelope','',(#90));
#90 = PRODUCT_CONTEXT('',#2,'mechanical');
#91 = PRODUCT_DEFINITION_CONTEXT('part definition',#2,'design');
#92 = ADVANCED_BREP_SHAPE_REPRESENTATION('',(#11,#93),#191);
#93 = MANIFOLD_SOLID_BREP('',#94);
#94 = CLOSED_SHELL('',(#95,#183,#187));
#95 = ADVANCED_FACE('',(#96),#110,.T.);
#96 = FACE_BOUND('',#97,.F.);
#97 = EDGE_LOOP('',(#98,#128,#155,#156));
#98 = ORIENTED_EDGE('',*,*,#99,.T.);
#99 = EDGE_CURVE('',#100,#102,#104,.T.);
#100 = VERTEX_POINT('',#101);
#101 = CARTESIAN_POINT('',(8.7375,0.,-88.9));
#102 = VERTEX_POINT('',#103);
#103 = CARTESIAN_POINT('',(8.7375,0.,0.));
#104 = SEAM_CURVE('',#105,(#109,#121),.PCURVE_S1.);
#105 = LINE('',#106,#107);
#106 = CARTESIAN_POINT('',(8.7375,0.,-88.9));
#107 = VECTOR('',#108,1.);
#108 = DIRECTION('',(0.,0.,1.));
#109 = PCURVE('',#110,#115);
#110 = CYLINDRICAL_SURFACE('',#111,8.7375);
#111 = AXIS2_PLACEMENT_3D('',#112,#113,#114);
#112 = CARTESIAN_POINT('',(0.,0.,-88.9));
#113 = DIRECTION('',(-0.,-0.,-1.));
#114 = DIRECTION('',(1.,0.,0.));
#115 = DEFINITIONAL_REPRESENTATION('',(#116),#120);
#116 = LINE('',#117,#118);
#117 = CARTESIAN_POINT('',(-0.,0.));
#118 = VECTOR('',#119,1.);
#119 = DIRECTION('',(-0.,-1.));
#120 = ( GEOMETRIC_REPRESENTATION_CONTEXT(2) 
PARAMETRIC_REPRESENTATION_CONTEXT() REPRESENTATION_CONTEXT('2D SPACE',''
  ) );
#121 = PCURVE('',#110,#122);
#122 = DEFINITIONAL_REPRESENTATION('',(#123),#127);
#123 = LINE('',#124,#125);
#124 = CARTESIAN_POINT('',(-6.28318530718,0.));
#125 = VECTOR('',#126,1.);
#126 = DIRECTION('',(-0.,-1.));
#127 = ( GEOMETRIC_REPRESENTATION_CONTEXT(2) 
PARAMETRIC_REPRESENTATION_CONTEXT() REPRESENTATION_CONTEXT('2D SPACE',''
  ) );
#128 = ORIENTED_EDGE('',*,*,#129,.T.);
#129 = EDGE_CURVE('',#102,#102,#130,.T.);
#130 = SURFACE_CURVE('',#131,(#136,#143),.PCURVE_S1.);
#131 = CIRCLE('',#132,8.7375);
#132 = AXIS2_PLACEMENT_3D('',#133,#134,#135);
#133 = CARTESIAN_POINT('',(0.,0.,0.));
#134 = DIRECTION('',(0.,0.,1.));
#135 = DIRECTION('',(1.,0.,0.));
#136 = PCURVE('',#110,#137);
#137 = DEFINITIONAL_REPRESENTATION('',(#138),#142);
#138 = LINE('',#139,#140);
#139 = CARTESIAN_POINT('',(-0.,-88.9));
#140 = VECTOR('',#141,1.);
#141 = DIRECTION('',(-1.,0.));
#142 = ( GEOMETRIC_REPRESENTATION_CONTEXT(2) 
PARAMETRIC_REPRESENTATION_CONTEXT() REPRESENTATION_CONTEXT('2D SPACE',''
  ) );
#143 = PCURVE('',#144,#149);
#144 = PLANE('',#145);
#145 = AXIS2_PLACEMENT_3D('',#146,#147,#148);
#146 = CARTESIAN_POINT('',(-6.260097888592E-16,5.823363030372E-16,0.));
#147 = DIRECTION('',(0.,0.,1.));
#148 = DIRECTION('',(1.,0.,-0.));
#149 = DEFINITIONAL_REPRESENTATION('',(#150),#154);
#150 = CIRCLE('',#151,8.7375);
#151 = AXIS2_PLACEMENT_2D('',#152,#153);
#152 = CARTESIAN_POINT('',(6.260097888592E-16,-5.823363030372E-16));
#153 = DIRECTION('',(1.,0.));
#154 = ( GEOMETRIC_REPRESENTATION_CONTEXT(2) 
PARAMETRIC_REPRESENTATION_CONTEXT() REPRESENTATION_CONTEXT('2D SPACE',''
  ) );
#155 = ORIENTED_EDGE('',*,*,#99,.F.);
#156 = ORIENTED_EDGE('',*,*,#157,.F.);
#157 = EDGE_CURVE('',#100,#100,#158,.T.);
#158 = SURFACE_CURVE('',#159,(#164,#171),.PCURVE_S1.);
#159 = CIRCLE('',#160,8.7375);
#160 = AXIS2_PLACEMENT_3D('',#161,#162,#163);
#161 = CARTESIAN_POINT('',(0.,0.,-88.9));
#162 = DIRECTION('',(0.,0.,1.));
#163 = DIRECTION('',(1.,0.,0.));
#164 = PCURVE('',#110,#165);
#165 = DEFINITIONAL_REPRESENTATION('',(#166),#170);
#166 = LINE('',#167,#168);
#167 = CARTESIAN_POINT('',(-0.,0.));
#168 = VECTOR('',#169,1.);
#169 = DIRECTION('',(-1.,0.));
#170 = ( GEOMETRIC_REPRESENTATION_CONTEXT(2) 
PARAMETRIC_REPRESENTATION_CONTEXT() REPRESENTATION_CONTEXT('2D SPACE',''
  ) );
#171 = PCURVE('',#172,#177);
#172 = PLANE('',#173);
#173 = AXIS2_PLACEMENT_3D('',#174,#175,#176);
#174 = CARTESIAN_POINT('',(-6.260097888592E-16,5.823363030372E-16,-88.9)
  );
#175 = DIRECTION('',(0.,0.,1.));
#176 = DIRECTION('',(1.,0.,-0.));
#177 = DEFINITIONAL_REPRESENTATION('',(#178),#182);
#178 = CIRCLE('',#179,8.7375);
#179 = AXIS2_PLACEMENT_2D('',#180,#181);
#180 = CARTESIAN_POINT('',(6.260097888592E-16,-5.823363030372E-16));
#181 = DIRECTION('',(1.,0.));
#182 = ( GEOMETRIC_REPRESENTATION_CONTEXT(2) 
PARAMETRIC_REPRESENTATION_CONTEXT() REPRESENTATION_CONTEXT('2D SPACE',''
  ) );
#183 = ADVANCED_FACE('',(#184),#172,.F.);
#184 = FACE_BOUND('',#185,.F.);
#185 = EDGE_LOOP('',(#186));
#186 = ORIENTED_EDGE('',*,*,#157,.T.);
#187 = ADVANCED_FACE('',(#188),#144,.T.);
#188 = FACE_BOUND('',#189,.T.);
#189 = EDGE_LOOP('',(#190));
#190 = ORIENTED_EDGE('',*,*,#129,.T.);
#191 = ( GEOMETRIC_REPRESENTATION_CONTEXT(3) 
GLOBAL_UNCERTAINTY_ASSIGNED_CONTEXT((#195)) GLOBAL_UNIT_ASSIGNED_CONTEXT
((#192,#193,#194)) REPRESENTATION_CONTEXT('Context #1',
  '3D Context with UNIT and UNCERTAINTY') );
#192 = ( LENGTH_UNIT() NAMED_UNIT(*) SI_UNIT(.MILLI.,.METRE.) );
#193 = ( NAMED_UNIT(*) PLANE_ANGLE_UNIT() SI_UNIT($,.RADIAN.) );
#194 = ( NAMED_UNIT(*) SI_UNIT($,.STERADIAN.) SOLID_ANGLE_UNIT() );
#195 = UNCERTAINTY_MEASURE_WITH_UNIT(LENGTH_MEASURE(1.E-07),#192,
  'distance_accuracy_value','confusion accuracy');
#196 = CONTEXT_DEPENDENT_SHAPE_REPRESENTATION(#197,#199);
#197 = ( REPRESENTATION_RELATIONSHIP('','',#92,#10) 
REPRESENTATION_RELATIONSHIP_WITH_TRANSFORMATION(#198) 
SHAPE_REPRESENTATION_RELATIONSHIP() );
#198 = ITEM_DEFINED_TRANSFORMATION('','',#11,#15);
#199 = PRODUCT_DEFINITION_SHAPE('Placement','Placement of an item',#200
  );
#200 = NEXT_ASSEMBLY_USAGE_OCCURRENCE('1',
  'HTI_sensor_reference_envelope','',#5,#87,$);
#201 = PRODUCT_RELATED_PRODUCT_CATEGORY('part',$,(#89));
#202 = SHAPE_DEFINITION_REPRESENTATION(#203,#209);
#203 = PRODUCT_DEFINITION_SHAPE('','',#204);
#204 = PRODUCT_DEFINITION('design','',#205,#208);
#205 = PRODUCT_DEFINITION_FORMATION('','',#206);
#206 = PRODUCT('HTI_feedthrough_end','HTI_feedthrough_end','',(#207));
#207 = PRODUCT_CONTEXT('',#2,'mechanical');
#208 = PRODUCT_DEFINITION_CONTEXT('part definition',#2,'design');
#209 = ADVANCED_BREP_SHAPE_REPRESENTATION('',(#11,#210),#308);
#210 = MANIFOLD_SOLID_BREP('',#211);
#211 = CLOSED_SHELL('',(#212,#300,#304));
#212 = ADVANCED_FACE('',(#213),#227,.T.);
#213 = FACE_BOUND('',#214,.F.);
#214 = EDGE_LOOP('',(#215,#245,#272,#273));
#215 = ORIENTED_EDGE('',*,*,#216,.T.);
#216 = EDGE_CURVE('',#217,#219,#221,.T.);
#217 = VERTEX_POINT('',#218);
#218 = CARTESIAN_POINT('',(9.525,0.,-8.));
#219 = VERTEX_POINT('',#220);
#220 = CARTESIAN_POINT('',(9.525,0.,0.));
#221 = SEAM_CURVE('',#222,(#226,#238),.PCURVE_S1.);
#222 = LINE('',#223,#224);
#223 = CARTESIAN_POINT('',(9.525,0.,-8.));
#224 = VECTOR('',#225,1.);
#225 = DIRECTION('',(0.,0.,1.));
#226 = PCURVE('',#227,#232);
#227 = CYLINDRICAL_SURFACE('',#228,9.525);
#228 = AXIS2_PLACEMENT_3D('',#229,#230,#231);
#229 = CARTESIAN_POINT('',(0.,0.,-8.));
#230 = DIRECTION('',(-0.,-0.,-1.));
#231 = DIRECTION('',(1.,0.,0.));
#232 = DEFINITIONAL_REPRESENTATION('',(#233),#237);
#233 = LINE('',#234,#235);
#234 = CARTESIAN_POINT('',(-0.,0.));
#235 = VECTOR('',#236,1.);
#236 = DIRECTION('',(-0.,-1.));
#237 = ( GEOMETRIC_REPRESENTATION_CONTEXT(2) 
PARAMETRIC_REPRESENTATION_CONTEXT() REPRESENTATION_CONTEXT('2D SPACE',''
  ) );
#238 = PCURVE('',#227,#239);
#239 = DEFINITIONAL_REPRESENTATION('',(#240),#244);
#240 = LINE('',#241,#242);
#241 = CARTESIAN_POINT('',(-6.28318530718,0.));
#242 = VECTOR('',#243,1.);
#243 = DIRECTION('',(-0.,-1.));
#244 = ( GEOMETRIC_REPRESENTATION_CONTEXT(2) 
PARAMETRIC_REPRESENTATION_CONTEXT() REPRESENTATION_CONTEXT('2D SPACE',''
  ) );
#245 = ORIENTED_EDGE('',*,*,#246,.T.);
#246 = EDGE_CURVE('',#219,#219,#247,.T.);
#247 = SURFACE_CURVE('',#248,(#253,#260),.PCURVE_S1.);
#248 = CIRCLE('',#249,9.525);
#249 = AXIS2_PLACEMENT_3D('',#250,#251,#252);
#250 = CARTESIAN_POINT('',(0.,0.,0.));
#251 = DIRECTION('',(0.,0.,1.));
#252 = DIRECTION('',(1.,0.,0.));
#253 = PCURVE('',#227,#254);
#254 = DEFINITIONAL_REPRESENTATION('',(#255),#259);
#255 = LINE('',#256,#257);
#256 = CARTESIAN_POINT('',(-0.,-8.));
#257 = VECTOR('',#258,1.);
#258 = DIRECTION('',(-1.,0.));
#259 = ( GEOMETRIC_REPRESENTATION_CONTEXT(2) 
PARAMETRIC_REPRESENTATION_CONTEXT() REPRESENTATION_CONTEXT('2D SPACE',''
  ) );
#260 = PCURVE('',#261,#266);
#261 = PLANE('',#262);
#262 = AXIS2_PLACEMENT_3D('',#263,#264,#265);
#263 = CARTESIAN_POINT('',(-2.871265370162E-16,1.85427715303E-16,0.));
#264 = DIRECTION('',(0.,0.,1.));
#265 = DIRECTION('',(1.,0.,-0.));
#266 = DEFINITIONAL_REPRESENTATION('',(#267),#271);
#267 = CIRCLE('',#268,9.525);
#268 = AXIS2_PLACEMENT_2D('',#269,#270);
#269 = CARTESIAN_POINT('',(2.871265370162E-16,-1.85427715303E-16));
#270 = DIRECTION('',(1.,0.));
#271 = ( GEOMETRIC_REPRESENTATION_CONTEXT(2) 
PARAMETRIC_REPRESENTATION_CONTEXT() REPRESENTATION_CONTEXT('2D SPACE',''
  ) );
#272 = ORIENTED_EDGE('',*,*,#216,.F.);
#273 = ORIENTED_EDGE('',*,*,#274,.F.);
#274 = EDGE_CURVE('',#217,#217,#275,.T.);
#275 = SURFACE_CURVE('',#276,(#281,#288),.PCURVE_S1.);
#276 = CIRCLE('',#277,9.525);
#277 = AXIS2_PLACEMENT_3D('',#278,#279,#280);
#278 = CARTESIAN_POINT('',(0.,0.,-8.));
#279 = DIRECTION('',(0.,0.,1.));
#280 = DIRECTION('',(1.,0.,0.));
#281 = PCURVE('',#227,#282);
#282 = DEFINITIONAL_REPRESENTATION('',(#283),#287);
#283 = LINE('',#284,#285);
#284 = CARTESIAN_POINT('',(-0.,0.));
#285 = VECTOR('',#286,1.);
#286 = DIRECTION('',(-1.,0.));
#287 = ( GEOMETRIC_REPRESENTATION_CONTEXT(2) 
PARAMETRIC_REPRESENTATION_CONTEXT() REPRESENTATION_CONTEXT('2D SPACE',''
  ) );
#288 = PCURVE('',#289,#294);
#289 = PLANE('',#290);
#290 = AXIS2_PLACEMENT_3D('',#291,#292,#293);
#291 = CARTESIAN_POINT('',(-2.871265370162E-16,1.85427715303E-16,-8.));
#292 = DIRECTION('',(0.,0.,1.));
#293 = DIRECTION('',(1.,0.,-0.));
#294 = DEFINITIONAL_REPRESENTATION('',(#295),#299);
#295 = CIRCLE('',#296,9.525);
#296 = AXIS2_PLACEMENT_2D('',#297,#298);
#297 = CARTESIAN_POINT('',(2.871265370162E-16,-1.85427715303E-16));
#298 = DIRECTION('',(1.,0.));
#299 = ( GEOMETRIC_REPRESENTATION_CONTEXT(2) 
PARAMETRIC_REPRESENTATION_CONTEXT() REPRESENTATION_CONTEXT('2D SPACE',''
  ) );
#300 = ADVANCED_FACE('',(#301),#289,.F.);
#301 = FACE_BOUND('',#302,.F.);
#302 = EDGE_LOOP('',(#303));
#303 = ORIENTED_EDGE('',*,*,#274,.T.);
#304 = ADVANCED_FACE('',(#305),#261,.T.);
#305 = FACE_BOUND('',#306,.T.);
#306 = EDGE_LOOP('',(#307));
#307 = ORIENTED_EDGE('',*,*,#246,.T.);
#308 = ( GEOMETRIC_REPRESENTATION_CONTEXT(3) 
GLOBAL_UNCERTAINTY_ASSIGNED_CONTEXT((#312)) GLOBAL_UNIT_ASSIGNED_CONTEXT
((#309,#310,#311)) REPRESENTATION_CONTEXT('Context #1',
  '3D Context with UNIT and UNCERTAINTY') );
#309 = ( LENGTH_UNIT() NAMED_UNIT(*) SI_UNIT(.MILLI.,.METRE.) );
#310 = ( NAMED_UNIT(*) PLANE_ANGLE_UNIT() SI_UNIT($,.RADIAN.) );
#311 = ( NAMED_UNIT(*) SI_UNIT($,.STERADIAN.) SOLID_ANGLE_UNIT() );
#312 = UNCERTAINTY_MEASURE_WITH_UNIT(LENGTH_MEASURE(1.E-07),#309,
  'distance_accuracy_value','confusion accuracy');
#313 = CONTEXT_DEPENDENT_SHAPE_REPRESENTATION(#314,#316);
#314 = ( REPRESENTATION_RELATIONSHIP('','',#209,#10) 
REPRESENTATION_RELATIONSHIP_WITH_TRANSFORMATION(#315) 
SHAPE_REPRESENTATION_RELATIONSHIP() );
#315 = ITEM_DEFINED_TRANSFORMATION('','',#11,#19);
#316 = PRODUCT_DEFINITION_SHAPE('Placement','Placement of an item',#317
  );
#317 = NEXT_ASSEMBLY_USAGE_OCCURRENCE('2','HTI_feedthrough_end','',#5,
  #204,$);
#318 = PRODUCT_RELATED_PRODUCT_CATEGORY('part',$,(#206));
#319 = SHAPE_DEFINITION_REPRESENTATION(#320,#326);
#320 = PRODUCT_DEFINITION_SHAPE('','',#321);
#321 = PRODUCT_DEFINITION('design','',#322,#325);
#322 = PRODUCT_DEFINITION_FORMATION('','',#323);
#323 = PRODUCT('Threaded_front_adapter','Threaded_front_adapter','',(
    #324));
#324 = PRODUCT_CONTEXT('',#2,'mechanical');
#325 = PRODUCT_DEFINITION_CONTEXT('part definition',#2,'design');
#326 = ADVANCED_BREP_SHAPE_REPRESENTATION('',(#11,#327),#2242);
#327 = MANIFOLD_SOLID_BREP('',#328);
#328 = CLOSED_SHELL('',(#329,#1017,#1269,#1293,#1377,#1401,#1469,#1523,
    #1578,#1629,#1664,#1719,#1774,#1809,#1844,#1903,#1962,#1997,#2032,
    #2087,#2142,#2181,#2215));
#329 = ADVANCED_FACE('',(#330),#415,.F.);
#330 = FACE_BOUND('',#331,.F.);
#331 = EDGE_LOOP('',(#332,#725,#751,#993));
#332 = ORIENTED_EDGE('',*,*,#333,.F.);
#333 = EDGE_CURVE('',#334,#336,#338,.T.);
#334 = VERTEX_POINT('',#335);
#335 = CARTESIAN_POINT('',(5.17525,7.726770529211E-16,-0.2794));
#336 = VERTEX_POINT('',#337);
#337 = CARTESIAN_POINT('',(5.175249983358,-5.401361267589E-14,9.8806));
#338 = SURFACE_CURVE('',#339,(#414,#570),.PCURVE_S1.);
#339 = B_SPLINE_CURVE_WITH_KNOTS('',10,(#340,#341,#342,#343,#344,#345,
    #346,#347,#348,#349,#350,#351,#352,#353,#354,#355,#356,#357,#358,
    #359,#360,#361,#362,#363,#364,#365,#366,#367,#368,#369,#370,#371,
    #372,#373,#374,#375,#376,#377,#378,#379,#380,#381,#382,#383,#384,
    #385,#386,#387,#388,#389,#390,#391,#392,#393,#394,#395,#396,#397,
    #398,#399,#400,#401,#402,#403,#404,#405,#406,#407,#408,#409,#410,
    #411,#412,#413),.UNSPECIFIED.,.F.,.F.,(11,9,9,9,9,9,9,9,11),(0.,
    6.410250978266,12.820501956532,19.230752934797,25.641003913063,
    32.051254891329,38.461505869595,44.87175684786,51.282007826126),
  .UNSPECIFIED.);
#340 = CARTESIAN_POINT('',(5.17525,4.356633769042E-15,-0.2794));
#341 = CARTESIAN_POINT('',(5.175249959976,3.25170547087,-0.1524));
#342 = CARTESIAN_POINT('',(2.905619685344,6.50602612766,
    -2.540000000004E-02));
#343 = CARTESIAN_POINT('',(-1.638938502541,7.956385670363,0.1016));
#344 = CARTESIAN_POINT('',(-6.828467468113,5.92450111127,0.2286));
#345 = CARTESIAN_POINT('',(-9.577420439387,-5.343181115336E-07,0.3556));
#346 = CARTESIAN_POINT('',(-6.828467751672,-5.924500280244,
    0.482600000001));
#347 = CARTESIAN_POINT('',(-1.638938192431,-7.956386043955,
    0.609599999999));
#348 = CARTESIAN_POINT('',(2.905619521908,-6.506026049536,0.7366));
#349 = CARTESIAN_POINT('',(5.175250006787,-3.251705470869,0.8636));
#350 = CARTESIAN_POINT('',(5.175249976286,3.251705470869,1.1176));
#351 = CARTESIAN_POINT('',(2.905619660424,6.506026127661,1.2446));
#352 = CARTESIAN_POINT('',(-1.638938471658,7.956385670362,1.3716));
#353 = CARTESIAN_POINT('',(-6.828467499419,5.924501111269,1.498600000001
    ));
#354 = CARTESIAN_POINT('',(-9.577420413498,-5.343149467001E-07,
    1.625599999999));
#355 = CARTESIAN_POINT('',(-6.828467768869,-5.924500280248,
    1.752600000002));
#356 = CARTESIAN_POINT('',(-1.638938183593,-7.956386043952,
    1.879599999998));
#357 = CARTESIAN_POINT('',(2.905619518706,-6.506026049537,2.006600000001
    ));
#358 = CARTESIAN_POINT('',(5.175250007355,-3.251705470869,2.1336));
#359 = CARTESIAN_POINT('',(5.175249976006,3.25170547087,2.387600000001)
  );
#360 = CARTESIAN_POINT('',(2.905619660857,6.50602612766,2.514599999998)
  );
#361 = CARTESIAN_POINT('',(-1.638938472199,7.956385670364,2.641600000005
    ));
#362 = CARTESIAN_POINT('',(-6.828467498871,5.924501111268,2.768599999995
    ));
#363 = CARTESIAN_POINT('',(-9.577420413944,-5.343181078822E-07,
    2.895600000002));
#364 = CARTESIAN_POINT('',(-6.828467768581,-5.924500280242,
    3.022600000002));
#365 = CARTESIAN_POINT('',(-1.638938183735,-7.956386043957,
    3.149599999997));
#366 = CARTESIAN_POINT('',(2.905619518756,-6.506026049535,3.276600000002
    ));
#367 = CARTESIAN_POINT('',(5.175250007346,-3.25170547087,3.403599999999)
  );
#368 = CARTESIAN_POINT('',(5.175249976012,3.25170547087,3.6576));
#369 = CARTESIAN_POINT('',(2.905619660844,6.50602612766,3.784599999998)
  );
#370 = CARTESIAN_POINT('',(-1.638938472181,7.956385670364,3.911600000003
    ));
#371 = CARTESIAN_POINT('',(-6.828467498886,5.924501111271,4.038599999996
    ));
#372 = CARTESIAN_POINT('',(-9.577420413941,-5.343227040421E-07,
    4.165600000004));
#373 = CARTESIAN_POINT('',(-6.828467768572,-5.924500280237,
    4.292599999997));
#374 = CARTESIAN_POINT('',(-1.638938183747,-7.95638604396,4.419600000001
    ));
#375 = CARTESIAN_POINT('',(2.905619518763,-6.506026049534,4.5466));
#376 = CARTESIAN_POINT('',(5.175250007344,-3.25170547087,4.6736));
#377 = CARTESIAN_POINT('',(5.175249976014,3.25170547087,4.9276));
#378 = CARTESIAN_POINT('',(2.905619660838,6.506026127661,5.0546));
#379 = CARTESIAN_POINT('',(-1.638938472168,7.956385670359,5.181600000001
    ));
#380 = CARTESIAN_POINT('',(-6.828467498902,5.924501111278,5.308599999998
    ));
#381 = CARTESIAN_POINT('',(-9.577420413929,-5.343302086191E-07,
    5.435600000004));
#382 = CARTESIAN_POINT('',(-6.828467768576,-5.924500280232,
    5.562599999996));
#383 = CARTESIAN_POINT('',(-1.638938183749,-7.956386043962,
    5.689600000003));
#384 = CARTESIAN_POINT('',(2.905619518766,-6.506026049534,5.816599999998
    ));
#385 = CARTESIAN_POINT('',(5.175250007342,-3.251705470869,5.943600000001
    ));
#386 = CARTESIAN_POINT('',(5.175249976017,3.251705470869,6.197599999999)
  );
#387 = CARTESIAN_POINT('',(2.905619660826,6.506026127667,6.324600000005)
  );
#388 = CARTESIAN_POINT('',(-1.638938472147,7.956385670346,6.451599999989
    ));
#389 = CARTESIAN_POINT('',(-6.828467498924,5.924501111296,6.578600000013
    ));
#390 = CARTESIAN_POINT('',(-9.577420413916,-5.343452910739E-07,
    6.705599999992));
#391 = CARTESIAN_POINT('',(-6.828467768578,-5.924500280225,
    6.832600000001));
#392 = CARTESIAN_POINT('',(-1.638938183751,-7.956386043963,
    6.959600000004));
#393 = CARTESIAN_POINT('',(2.905619518766,-6.506026049534,7.086599999997
    ));
#394 = CARTESIAN_POINT('',(5.175250007345,-3.25170547087,7.213600000001)
  );
#395 = CARTESIAN_POINT('',(5.17524997601,3.251705470869,7.467599999998)
  );
#396 = CARTESIAN_POINT('',(2.905619660872,6.506026127664,7.594600000007)
  );
#397 = CARTESIAN_POINT('',(-1.638938472286,7.956385670351,7.721599999988
    ));
#398 = CARTESIAN_POINT('',(-6.828467498636,5.924501111293,7.848600000008
    ));
#399 = CARTESIAN_POINT('',(-9.577420414371,-5.343473574505E-07,
    7.975600000006));
#400 = CARTESIAN_POINT('',(-6.828467768016,-5.924500280219,
    8.102599999982));
#401 = CARTESIAN_POINT('',(-1.638938184305,-7.956386043968,
    8.229600000018));
#402 = CARTESIAN_POINT('',(2.905619519205,-6.506026049532,8.35659999999)
  );
#403 = CARTESIAN_POINT('',(5.175250007063,-3.25170547087,8.483600000003)
  );
#404 = CARTESIAN_POINT('',(5.175249976577,3.251705470869,8.737599999998)
  );
#405 = CARTESIAN_POINT('',(2.905619657674,6.506026127666,8.864600000009)
  );
#406 = CARTESIAN_POINT('',(-1.638938463451,7.956385670348,8.991599999982
    ));
#407 = CARTESIAN_POINT('',(-6.828467515842,5.924501111294,9.118600000023
    ));
#408 = CARTESIAN_POINT('',(-9.577420388452,-5.343434725228E-07,
    9.245599999982));
#409 = CARTESIAN_POINT('',(-6.828467799365,-5.924500280226,
    9.372600000008));
#410 = CARTESIAN_POINT('',(-1.638938153385,-7.956386043963,
    9.499599999999));
#411 = CARTESIAN_POINT('',(2.905619494266,-6.506026049534,9.626599999999
    ));
#412 = CARTESIAN_POINT('',(5.175250023378,-3.251705470869,9.753600000001
    ));
#413 = CARTESIAN_POINT('',(5.175249983358,-5.404218478093E-14,9.8806));
#414 = PCURVE('',#415,#564);
#415 = B_SPLINE_SURFACE_WITH_KNOTS('',1,10,(
    (#416,#417,#418,#419,#420,#421,#422,#423,#424,#425,#426,#427,#428
      ,#429,#430,#431,#432,#433,#434,#435,#436,#437,#438,#439,#440,#441
      ,#442,#443,#444,#445,#446,#447,#448,#449,#450,#451,#452,#453,#454
      ,#455,#456,#457,#458,#459,#460,#461,#462,#463,#464,#465,#466,#467
      ,#468,#469,#470,#471,#472,#473,#474,#475,#476,#477,#478,#479,#480
      ,#481,#482,#483,#484,#485,#486,#487,#488,#489)
    ,(#490,#491,#492,#493,#494,#495,#496,#497,#498,#499,#500,#501,#502
      ,#503,#504,#505,#506,#507,#508,#509,#510,#511,#512,#513,#514,#515
      ,#516,#517,#518,#519,#520,#521,#522,#523,#524,#525,#526,#527,#528
      ,#529,#530,#531,#532,#533,#534,#535,#536,#537,#538,#539,#540,#541
      ,#542,#543,#544,#545,#546,#547,#548,#549,#550,#551,#552,#553,#554
      ,#555,#556,#557,#558,#559,#560,#561,#562,#563
  )),.UNSPECIFIED.,.F.,.F.,.F.,(2,2),(11,9,9,9,9,9,9,9,11),(0.,
    0.535813586987),(0.,6.410250978266,12.820501956532,19.230752934797,
    25.641003913063,32.051254891329,38.461505869595,44.87175684786,
    51.282007826126),.UNSPECIFIED.);
#416 = CARTESIAN_POINT('',(5.17525,4.356633769042E-15,-0.2794));
#417 = CARTESIAN_POINT('',(5.175249959976,3.25170547087,-0.1524));
#418 = CARTESIAN_POINT('',(2.905619685344,6.50602612766,
    -2.540000000004E-02));
#419 = CARTESIAN_POINT('',(-1.638938502541,7.956385670363,0.1016));
#420 = CARTESIAN_POINT('',(-6.828467468113,5.92450111127,0.2286));
#421 = CARTESIAN_POINT('',(-9.577420439387,-5.343181115336E-07,0.3556));
#422 = CARTESIAN_POINT('',(-6.828467751672,-5.924500280244,
    0.482600000001));
#423 = CARTESIAN_POINT('',(-1.638938192431,-7.956386043955,
    0.609599999999));
#424 = CARTESIAN_POINT('',(2.905619521908,-6.506026049536,0.7366));
#425 = CARTESIAN_POINT('',(5.175250006787,-3.251705470869,0.8636));
#426 = CARTESIAN_POINT('',(5.175249976286,3.251705470869,1.1176));
#427 = CARTESIAN_POINT('',(2.905619660424,6.506026127661,1.2446));
#428 = CARTESIAN_POINT('',(-1.638938471658,7.956385670362,1.3716));
#429 = CARTESIAN_POINT('',(-6.828467499419,5.924501111269,1.498600000001
    ));
#430 = CARTESIAN_POINT('',(-9.577420413498,-5.343149467001E-07,
    1.625599999999));
#431 = CARTESIAN_POINT('',(-6.828467768869,-5.924500280248,
    1.752600000002));
#432 = CARTESIAN_POINT('',(-1.638938183593,-7.956386043952,
    1.879599999998));
#433 = CARTESIAN_POINT('',(2.905619518706,-6.506026049537,2.006600000001
    ));
#434 = CARTESIAN_POINT('',(5.175250007355,-3.251705470869,2.1336));
#435 = CARTESIAN_POINT('',(5.175249976006,3.25170547087,2.387600000001)
  );
#436 = CARTESIAN_POINT('',(2.905619660857,6.50602612766,2.514599999998)
  );
#437 = CARTESIAN_POINT('',(-1.638938472199,7.956385670364,2.641600000005
    ));
#438 = CARTESIAN_POINT('',(-6.828467498871,5.924501111268,2.768599999995
    ));
#439 = CARTESIAN_POINT('',(-9.577420413944,-5.343181078822E-07,
    2.895600000002));
#440 = CARTESIAN_POINT('',(-6.828467768581,-5.924500280242,
    3.022600000002));
#441 = CARTESIAN_POINT('',(-1.638938183735,-7.956386043957,
    3.149599999997));
#442 = CARTESIAN_POINT('',(2.905619518756,-6.506026049535,3.276600000002
    ));
#443 = CARTESIAN_POINT('',(5.175250007346,-3.25170547087,3.403599999999)
  );
#444 = CARTESIAN_POINT('',(5.175249976012,3.25170547087,3.6576));
#445 = CARTESIAN_POINT('',(2.905619660844,6.50602612766,3.784599999998)
  );
#446 = CARTESIAN_POINT('',(-1.638938472181,7.956385670364,3.911600000003
    ));
#447 = CARTESIAN_POINT('',(-6.828467498886,5.924501111271,4.038599999996
    ));
#448 = CARTESIAN_POINT('',(-9.577420413941,-5.343227040421E-07,
    4.165600000004));
#449 = CARTESIAN_POINT('',(-6.828467768572,-5.924500280237,
    4.292599999997));
#450 = CARTESIAN_POINT('',(-1.638938183747,-7.95638604396,4.419600000001
    ));
#451 = CARTESIAN_POINT('',(2.905619518763,-6.506026049534,4.5466));
#452 = CARTESIAN_POINT('',(5.175250007344,-3.25170547087,4.6736));
#453 = CARTESIAN_POINT('',(5.175249976014,3.25170547087,4.9276));
#454 = CARTESIAN_POINT('',(2.905619660838,6.506026127661,5.0546));
#455 = CARTESIAN_POINT('',(-1.638938472168,7.956385670359,5.181600000001
    ));
#456 = CARTESIAN_POINT('',(-6.828467498902,5.924501111278,5.308599999998
    ));
#457 = CARTESIAN_POINT('',(-9.577420413929,-5.343302086191E-07,
    5.435600000004));
#458 = CARTESIAN_POINT('',(-6.828467768576,-5.924500280232,
    5.562599999996));
#459 = CARTESIAN_POINT('',(-1.638938183749,-7.956386043962,
    5.689600000003));
#460 = CARTESIAN_POINT('',(2.905619518766,-6.506026049534,5.816599999998
    ));
#461 = CARTESIAN_POINT('',(5.175250007342,-3.251705470869,5.943600000001
    ));
#462 = CARTESIAN_POINT('',(5.175249976017,3.251705470869,6.197599999999)
  );
#463 = CARTESIAN_POINT('',(2.905619660826,6.506026127667,6.324600000005)
  );
#464 = CARTESIAN_POINT('',(-1.638938472147,7.956385670346,6.451599999989
    ));
#465 = CARTESIAN_POINT('',(-6.828467498924,5.924501111296,6.578600000013
    ));
#466 = CARTESIAN_POINT('',(-9.577420413916,-5.343452910739E-07,
    6.705599999992));
#467 = CARTESIAN_POINT('',(-6.828467768578,-5.924500280225,
    6.832600000001));
#468 = CARTESIAN_POINT('',(-1.638938183751,-7.956386043963,
    6.959600000004));
#469 = CARTESIAN_POINT('',(2.905619518766,-6.506026049534,7.086599999997
    ));
#470 = CARTESIAN_POINT('',(5.175250007345,-3.25170547087,7.213600000001)
  );
#471 = CARTESIAN_POINT('',(5.17524997601,3.251705470869,7.467599999998)
  );
#472 = CARTESIAN_POINT('',(2.905619660872,6.506026127664,7.594600000007)
  );
#473 = CARTESIAN_POINT('',(-1.638938472286,7.956385670351,7.721599999988
    ));
#474 = CARTESIAN_POINT('',(-6.828467498636,5.924501111293,7.848600000008
    ));
#475 = CARTESIAN_POINT('',(-9.577420414371,-5.343473574505E-07,
    7.975600000006));
#476 = CARTESIAN_POINT('',(-6.828467768016,-5.924500280219,
    8.102599999982));
#477 = CARTESIAN_POINT('',(-1.638938184305,-7.956386043968,
    8.229600000018));
#478 = CARTESIAN_POINT('',(2.905619519205,-6.506026049532,8.35659999999)
  );
#479 = CARTESIAN_POINT('',(5.175250007063,-3.25170547087,8.483600000003)
  );
#480 = CARTESIAN_POINT('',(5.175249976577,3.251705470869,8.737599999998)
  );
#481 = CARTESIAN_POINT('',(2.905619657674,6.506026127666,8.864600000009)
  );
#482 = CARTESIAN_POINT('',(-1.638938463451,7.956385670348,8.991599999982
    ));
#483 = CARTESIAN_POINT('',(-6.828467515842,5.924501111294,9.118600000023
    ));
#484 = CARTESIAN_POINT('',(-9.577420388452,-5.343434725228E-07,
    9.245599999982));
#485 = CARTESIAN_POINT('',(-6.828467799365,-5.924500280226,
    9.372600000008));
#486 = CARTESIAN_POINT('',(-1.638938153385,-7.956386043963,
    9.499599999999));
#487 = CARTESIAN_POINT('',(2.905619494266,-6.506026049534,9.626599999999
    ));
#488 = CARTESIAN_POINT('',(5.175250023378,-3.251705470869,9.753600000001
    ));
#489 = CARTESIAN_POINT('',(5.175249983358,-5.404218478093E-14,9.8806));
#490 = CARTESIAN_POINT('',(5.63245,4.396406943992E-15,0.));
#491 = CARTESIAN_POINT('',(5.632449999989,3.538974287219,0.126999934506)
  );
#492 = CARTESIAN_POINT('',(3.16231262745,7.080785564503,0.254000117008)
  );
#493 = CARTESIAN_POINT('',(-1.783729270629,8.659292167545,0.380999781462
    ));
#494 = CARTESIAN_POINT('',(-7.43171582543,6.447882709657,0.508000168446)
  );
#495 = CARTESIAN_POINT('',(-10.42352765048,6.455298517949E-10,
    0.634999944717));
#496 = CARTESIAN_POINT('',(-7.431715824029,-6.447882714114,
    0.761999882376));
#497 = CARTESIAN_POINT('',(-1.78372926928,-8.659292165383,0.889000127387
    ));
#498 = CARTESIAN_POINT('',(3.16231262907,-7.080785565675,1.015999901008)
  );
#499 = CARTESIAN_POINT('',(5.632450000452,-3.538974285095,1.143000011105
    ));
#500 = CARTESIAN_POINT('',(5.632449999772,3.538974286176,1.396999961197)
  );
#501 = CARTESIAN_POINT('',(3.162312627783,7.080785566098,1.524000076224)
  );
#502 = CARTESIAN_POINT('',(-1.783729271044,8.659292165568,1.650999832006
    ));
#503 = CARTESIAN_POINT('',(-7.431715825007,6.447882711662,1.778000117206
    ));
#504 = CARTESIAN_POINT('',(-10.42352765083,-1.010236652528E-09,
    1.904999987095));
#505 = CARTESIAN_POINT('',(-7.431715823797,-6.447882713016,
    2.031999854227));
#506 = CARTESIAN_POINT('',(-1.783729269399,-8.659292165946,
    2.159000141853));
#507 = CARTESIAN_POINT('',(3.162312629112,-7.080785565471,2.285999895769
    ));
#508 = CARTESIAN_POINT('',(5.632450000445,-3.538974285131,2.413000012034
    ));
#509 = CARTESIAN_POINT('',(5.632449999775,3.538974286194,2.66699996074)
  );
#510 = CARTESIAN_POINT('',(3.162312627779,7.080785566072,2.794000076927)
  );
#511 = CARTESIAN_POINT('',(-1.783729271041,8.659292165597,2.920999831133
    ));
#512 = CARTESIAN_POINT('',(-7.43171582501,6.447882711638,3.04800011809)
  );
#513 = CARTESIAN_POINT('',(-10.42352765083,-9.98445594978E-10,
    3.174999986368));
#514 = CARTESIAN_POINT('',(-7.431715823805,-6.447882713017,
    3.301999854704));
#515 = CARTESIAN_POINT('',(-1.783729269393,-8.659292165948,
    3.429000141612));
#516 = CARTESIAN_POINT('',(3.162312629109,-7.08078556547,3.555999895854)
  );
#517 = CARTESIAN_POINT('',(5.632450000445,-3.538974285131,3.683000012019
    ));
#518 = CARTESIAN_POINT('',(5.632449999776,3.538974286194,3.936999960748)
  );
#519 = CARTESIAN_POINT('',(3.162312627778,7.08078556607,4.064000076911)
  );
#520 = CARTESIAN_POINT('',(-1.783729271039,8.659292165602,4.190999831154
    ));
#521 = CARTESIAN_POINT('',(-7.43171582501,6.44788271163,4.31800011807));
#522 = CARTESIAN_POINT('',(-10.42352765083,-9.891102485109E-10,
    4.44499998638));
#523 = CARTESIAN_POINT('',(-7.431715823795,-6.447882713026,
    4.571999854702));
#524 = CARTESIAN_POINT('',(-1.783729269401,-8.659292165943,
    4.699000141608));
#525 = CARTESIAN_POINT('',(3.162312629114,-7.080785565472,4.825999895858
    ));
#526 = CARTESIAN_POINT('',(5.632450000444,-3.538974285131,4.953000012018
    ));
#527 = CARTESIAN_POINT('',(5.632449999777,3.538974286194,5.206999960749)
  );
#528 = CARTESIAN_POINT('',(3.162312627773,7.080785566069,5.334000076908)
  );
#529 = CARTESIAN_POINT('',(-1.78372927103,8.659292165604,5.46099983116)
  );
#530 = CARTESIAN_POINT('',(-7.431715825022,6.447882711626,5.588000118063
    ));
#531 = CARTESIAN_POINT('',(-10.42352765082,-9.836057284382E-10,
    5.714999986385));
#532 = CARTESIAN_POINT('',(-7.431715823798,-6.447882713031,5.8419998547)
  );
#533 = CARTESIAN_POINT('',(-1.783729269402,-8.659292165939,
    5.969000141607));
#534 = CARTESIAN_POINT('',(3.162312629115,-7.080785565474,6.095999895859
    ));
#535 = CARTESIAN_POINT('',(5.632450000444,-3.53897428513,6.223000012016)
  );
#536 = CARTESIAN_POINT('',(5.632449999777,3.538974286193,6.476999960752)
  );
#537 = CARTESIAN_POINT('',(3.162312627772,7.080785566072,6.604000076898)
  );
#538 = CARTESIAN_POINT('',(-1.783729271028,8.6592921656,6.730999831177)
  );
#539 = CARTESIAN_POINT('',(-7.431715825021,6.447882711629,6.858000118044
    ));
#540 = CARTESIAN_POINT('',(-10.42352765083,-9.813299217882E-10,
    6.984999986399));
#541 = CARTESIAN_POINT('',(-7.431715823792,-6.447882713037,
    7.111999854694));
#542 = CARTESIAN_POINT('',(-1.783729269406,-8.659292165934,
    7.239000141611));
#543 = CARTESIAN_POINT('',(3.162312629117,-7.080785565476,7.365999895854
    ));
#544 = CARTESIAN_POINT('',(5.632450000444,-3.53897428513,7.493000012022)
  );
#545 = CARTESIAN_POINT('',(5.632449999777,3.538974286195,7.746999960739)
  );
#546 = CARTESIAN_POINT('',(3.162312627773,7.080785566065,7.874000076975)
  );
#547 = CARTESIAN_POINT('',(-1.783729271031,8.659292165619,8.000999830952
    ));
#548 = CARTESIAN_POINT('',(-7.431715825015,6.447882711595,8.128000118507
    ));
#549 = CARTESIAN_POINT('',(-10.42352765084,-9.376148873023E-10,
    8.254999985675));
#550 = CARTESIAN_POINT('',(-7.431715823781,-6.447882713083,
    8.381999855588));
#551 = CARTESIAN_POINT('',(-1.783729269416,-8.659292165895,
    8.509000140725));
#552 = CARTESIAN_POINT('',(3.162312629123,-7.080785565505,8.635999896565
    ));
#553 = CARTESIAN_POINT('',(5.63245000044,-3.538974285112,8.763000011563)
  );
#554 = CARTESIAN_POINT('',(5.632449999785,3.538974286158,9.016999961667)
  );
#555 = CARTESIAN_POINT('',(3.16231262773,7.080785566273,9.144000071745)
  );
#556 = CARTESIAN_POINT('',(-1.783729270914,8.659292165044,9.2709998454)
  );
#557 = CARTESIAN_POINT('',(-7.431715825246,6.44788271271,9.398000090373)
  );
#558 = CARTESIAN_POINT('',(-10.42352765049,-2.610809228451E-09,
    9.525000028051));
#559 = CARTESIAN_POINT('',(-7.431715824205,-6.447882711067,
    9.651999804333));
#560 = CARTESIAN_POINT('',(-1.783729268999,-8.659292167877,
    9.779000191288));
#561 = CARTESIAN_POINT('',(3.162312628789,-7.080785563909,9.90599985577)
  );
#562 = CARTESIAN_POINT('',(5.632450000657,-3.538974286154,
    10.033000038256));
#563 = CARTESIAN_POINT('',(5.63245,1.063565332332E-09,10.159999972768));
#564 = DEFINITIONAL_REPRESENTATION('',(#565),#569);
#565 = LINE('',#566,#567);
#566 = CARTESIAN_POINT('',(0.,0.));
#567 = VECTOR('',#568,1.);
#568 = DIRECTION('',(0.,1.));
#569 = ( GEOMETRIC_REPRESENTATION_CONTEXT(2) 
PARAMETRIC_REPRESENTATION_CONTEXT() REPRESENTATION_CONTEXT('2D SPACE',''
  ) );
#570 = PCURVE('',#571,#720);
#571 = B_SPLINE_SURFACE_WITH_KNOTS('',1,10,(
    (#572,#573,#574,#575,#576,#577,#578,#579,#580,#581,#582,#583,#584
      ,#585,#586,#587,#588,#589,#590,#591,#592,#593,#594,#595,#596,#597
      ,#598,#599,#600,#601,#602,#603,#604,#605,#606,#607,#608,#609,#610
      ,#611,#612,#613,#614,#615,#616,#617,#618,#619,#620,#621,#622,#623
      ,#624,#625,#626,#627,#628,#629,#630,#631,#632,#633,#634,#635,#636
      ,#637,#638,#639,#640,#641,#642,#643,#644,#645)
    ,(#646,#647,#648,#649,#650,#651,#652,#653,#654,#655,#656,#657,#658
      ,#659,#660,#661,#662,#663,#664,#665,#666,#667,#668,#669,#670,#671
      ,#672,#673,#674,#675,#676,#677,#678,#679,#680,#681,#682,#683,#684
      ,#685,#686,#687,#688,#689,#690,#691,#692,#693,#694,#695,#696,#697
      ,#698,#699,#700,#701,#702,#703,#704,#705,#706,#707,#708,#709,#710
      ,#711,#712,#713,#714,#715,#716,#717,#718,#719
  )),.UNSPECIFIED.,.F.,.F.,.F.,(2,2),(11,9,9,9,9,9,9,9,11),(0.,0.5588),(
    0.,6.410250978266,12.820501956532,19.230752934797,25.641003913063,
    32.051254891329,38.461505869595,44.87175684786,51.282007826126),
  .UNSPECIFIED.);
#572 = CARTESIAN_POINT('',(5.17525,-2.097003160672E-15,0.2794));
#573 = CARTESIAN_POINT('',(5.175250040024,3.251705481327,0.4064));
#574 = CARTESIAN_POINT('',(2.905619503601,6.506026070457,0.5334));
#575 = CARTESIAN_POINT('',(-1.638938158643,7.956386069545,0.6604));
#576 = CARTESIAN_POINT('',(-6.828467821329,5.924500299289,0.7874));
#577 = CARTESIAN_POINT('',(-9.577420419264,5.343252951207E-07,0.9144));
#578 = CARTESIAN_POINT('',(-6.828467537772,-5.924501130328,1.0414));
#579 = CARTESIAN_POINT('',(-1.638938468751,-7.956385695946,1.1684));
#580 = CARTESIAN_POINT('',(2.905619667036,-6.506026148584,1.2954));
#581 = CARTESIAN_POINT('',(5.175249993214,-3.251705481326,1.4224));
#582 = CARTESIAN_POINT('',(5.175250023713,3.251705481326,1.6764));
#583 = CARTESIAN_POINT('',(2.905619528526,6.506026070458,1.8034));
#584 = CARTESIAN_POINT('',(-1.638938189535,7.956386069544,1.9304));
#585 = CARTESIAN_POINT('',(-6.82846779001,5.92450029929,2.0574));
#586 = CARTESIAN_POINT('',(-9.577420445167,5.343264584337E-07,
    2.184399999999));
#587 = CARTESIAN_POINT('',(-6.828467520566,-5.92450113033,2.311400000002
    ));
#588 = CARTESIAN_POINT('',(-1.638938477592,-7.956385695944,
    2.438399999999));
#589 = CARTESIAN_POINT('',(2.905619670238,-6.506026148585,2.565400000001
    ));
#590 = CARTESIAN_POINT('',(5.175249992646,-3.251705481326,2.6924));
#591 = CARTESIAN_POINT('',(5.175250023992,3.251705481326,2.946400000001)
  );
#592 = CARTESIAN_POINT('',(2.905619528097,6.506026070458,3.073399999997)
  );
#593 = CARTESIAN_POINT('',(-1.638938189003,7.956386069541,3.200400000005
    ));
#594 = CARTESIAN_POINT('',(-6.82846779055,5.924500299299,3.327399999994)
  );
#595 = CARTESIAN_POINT('',(-9.577420444721,5.343116399838E-07,
    3.454400000003));
#596 = CARTESIAN_POINT('',(-6.828467520861,-5.924501130315,
    3.581400000001));
#597 = CARTESIAN_POINT('',(-1.638938477442,-7.956385695954,
    3.708399999998));
#598 = CARTESIAN_POINT('',(2.905619670184,-6.506026148581,3.835400000002
    ));
#599 = CARTESIAN_POINT('',(5.175249992655,-3.251705481327,3.9624));
#600 = CARTESIAN_POINT('',(5.175250023987,3.251705481327,4.2164));
#601 = CARTESIAN_POINT('',(2.905619528106,6.506026070457,4.343399999998)
  );
#602 = CARTESIAN_POINT('',(-1.638938189014,7.956386069544,4.470400000003
    ));
#603 = CARTESIAN_POINT('',(-6.828467790538,5.924500299294,4.597399999995
    ));
#604 = CARTESIAN_POINT('',(-9.577420444731,5.343175852224E-07,
    4.724400000005));
#605 = CARTESIAN_POINT('',(-6.828467520855,-5.924501130319,
    4.851399999997));
#606 = CARTESIAN_POINT('',(-1.638938477445,-7.956385695952,
    4.978400000001));
#607 = CARTESIAN_POINT('',(2.905619670184,-6.506026148581,5.1054));
#608 = CARTESIAN_POINT('',(5.175249992656,-3.251705481327,5.2324));
#609 = CARTESIAN_POINT('',(5.175250023987,3.251705481327,5.4864));
#610 = CARTESIAN_POINT('',(2.905619528104,6.506026070458,5.6134));
#611 = CARTESIAN_POINT('',(-1.638938189009,7.956386069542,5.740400000001
    ));
#612 = CARTESIAN_POINT('',(-6.828467790545,5.924500299295,5.867399999998
    ));
#613 = CARTESIAN_POINT('',(-9.577420444724,5.343172518794E-07,
    5.994400000004));
#614 = CARTESIAN_POINT('',(-6.82846752086,-5.924501130321,6.121399999996
    ));
#615 = CARTESIAN_POINT('',(-1.638938477442,-7.95638569595,6.248400000003
    ));
#616 = CARTESIAN_POINT('',(2.905619670183,-6.506026148583,6.375399999998
    ));
#617 = CARTESIAN_POINT('',(5.175249992656,-3.251705481326,6.502400000001
    ));
#618 = CARTESIAN_POINT('',(5.175250023985,3.251705481326,6.756399999999)
  );
#619 = CARTESIAN_POINT('',(2.905619528112,6.506026070459,6.883400000006)
  );
#620 = CARTESIAN_POINT('',(-1.638938189027,7.956386069541,7.010399999988
    ));
#621 = CARTESIAN_POINT('',(-6.828467790521,5.924500299292,7.137400000014
    ));
#622 = CARTESIAN_POINT('',(-9.577420444746,5.343264144445E-07,
    7.264399999991));
#623 = CARTESIAN_POINT('',(-6.828467520845,-5.924501130331,
    7.391400000001));
#624 = CARTESIAN_POINT('',(-1.638938477449,-7.956385695943,
    7.518400000003));
#625 = CARTESIAN_POINT('',(2.905619670187,-6.506026148586,7.645399999997
    ));
#626 = CARTESIAN_POINT('',(5.175249992654,-3.251705481326,7.772400000001
    ));
#627 = CARTESIAN_POINT('',(5.175250023992,3.251705481327,8.026399999998)
  );
#628 = CARTESIAN_POINT('',(2.905619528067,6.506026070453,8.153400000007)
  );
#629 = CARTESIAN_POINT('',(-1.638938188891,7.956386069558,8.280399999989
    ));
#630 = CARTESIAN_POINT('',(-6.828467790806,5.924500299265,8.407400000006
    ));
#631 = CARTESIAN_POINT('',(-9.577420444295,5.343555234775E-07,
    8.534400000009));
#632 = CARTESIAN_POINT('',(-6.828467521403,-5.924501130353,
    8.661399999979));
#633 = CARTESIAN_POINT('',(-1.638938476899,-7.956385695932,8.78840000002
    ));
#634 = CARTESIAN_POINT('',(2.905619669749,-6.506026148588,8.915399999989
    ));
#635 = CARTESIAN_POINT('',(5.175249992935,-3.251705481326,9.042400000003
    ));
#636 = CARTESIAN_POINT('',(5.175250023425,3.251705481326,9.296399999997)
  );
#637 = CARTESIAN_POINT('',(2.905619531265,6.506026070457,9.423400000009)
  );
#638 = CARTESIAN_POINT('',(-1.638938197726,7.956386069547,9.550399999981
    ));
#639 = CARTESIAN_POINT('',(-6.828467773603,5.924500299284,9.677400000024
    ));
#640 = CARTESIAN_POINT('',(-9.577420470207,5.34331622272E-07,
    9.80439999998));
#641 = CARTESIAN_POINT('',(-6.828467490067,-5.924501130333,
    9.931400000011));
#642 = CARTESIAN_POINT('',(-1.638938507807,-7.956385695943,
    10.058399999998));
#643 = CARTESIAN_POINT('',(2.905619694683,-6.506026148585,10.1854));
#644 = CARTESIAN_POINT('',(5.175249976621,-3.251705481326,10.3124));
#645 = CARTESIAN_POINT('',(5.175250016642,4.891347987741E-14,10.4394));
#646 = CARTESIAN_POINT('',(5.17525,7.726770529211E-16,-0.2794));
#647 = CARTESIAN_POINT('',(5.175249959976,3.25170547087,-0.1524));
#648 = CARTESIAN_POINT('',(2.905619685344,6.506026127661,
    -2.540000000004E-02));
#649 = CARTESIAN_POINT('',(-1.638938502541,7.956385670363,0.1016));
#650 = CARTESIAN_POINT('',(-6.828467468113,5.92450111127,0.2286));
#651 = CARTESIAN_POINT('',(-9.577420439387,-5.343182341022E-07,0.3556));
#652 = CARTESIAN_POINT('',(-6.828467751672,-5.924500280244,
    0.482600000001));
#653 = CARTESIAN_POINT('',(-1.638938192431,-7.956386043955,
    0.609599999999));
#654 = CARTESIAN_POINT('',(2.905619521908,-6.506026049536,0.7366));
#655 = CARTESIAN_POINT('',(5.175250006787,-3.251705470869,0.8636));
#656 = CARTESIAN_POINT('',(5.175249976287,3.251705470869,1.1176));
#657 = CARTESIAN_POINT('',(2.905619660423,6.506026127661,1.2446));
#658 = CARTESIAN_POINT('',(-1.638938471657,7.956385670363,1.3716));
#659 = CARTESIAN_POINT('',(-6.82846749942,5.924501111268,1.498600000001)
  );
#660 = CARTESIAN_POINT('',(-9.577420413496,-5.343141386448E-07,
    1.625599999999));
#661 = CARTESIAN_POINT('',(-6.82846776887,-5.924500280249,1.752600000002
    ));
#662 = CARTESIAN_POINT('',(-1.638938183592,-7.956386043951,
    1.879599999998));
#663 = CARTESIAN_POINT('',(2.905619518706,-6.506026049538,2.006600000001
    ));
#664 = CARTESIAN_POINT('',(5.175250007355,-3.251705470869,2.1336));
#665 = CARTESIAN_POINT('',(5.175249976006,3.25170547087,2.387600000001)
  );
#666 = CARTESIAN_POINT('',(2.905619660856,6.50602612766,2.514599999998)
  );
#667 = CARTESIAN_POINT('',(-1.638938472198,7.956385670364,2.641600000005
    ));
#668 = CARTESIAN_POINT('',(-6.828467498872,5.924501111269,2.768599999995
    ));
#669 = CARTESIAN_POINT('',(-9.577420413942,-5.343187222104E-07,
    2.895600000002));
#670 = CARTESIAN_POINT('',(-6.828467768583,-5.924500280241,
    3.022600000002));
#671 = CARTESIAN_POINT('',(-1.638938183734,-7.956386043958,
    3.149599999997));
#672 = CARTESIAN_POINT('',(2.905619518756,-6.506026049535,3.276600000002
    ));
#673 = CARTESIAN_POINT('',(5.175250007346,-3.25170547087,3.403599999999)
  );
#674 = CARTESIAN_POINT('',(5.175249976012,3.25170547087,3.6576));
#675 = CARTESIAN_POINT('',(2.905619660844,6.506026127659,3.784599999998)
  );
#676 = CARTESIAN_POINT('',(-1.638938472181,7.956385670364,3.911600000003
    ));
#677 = CARTESIAN_POINT('',(-6.828467498886,5.924501111271,4.038599999996
    ));
#678 = CARTESIAN_POINT('',(-9.577420413941,-5.34322243296E-07,
    4.165600000004));
#679 = CARTESIAN_POINT('',(-6.828467768573,-5.924500280237,
    4.292599999997));
#680 = CARTESIAN_POINT('',(-1.638938183747,-7.95638604396,4.419600000001
    ));
#681 = CARTESIAN_POINT('',(2.905619518763,-6.506026049534,4.5466));
#682 = CARTESIAN_POINT('',(5.175250007344,-3.25170547087,4.6736));
#683 = CARTESIAN_POINT('',(5.175249976014,3.25170547087,4.9276));
#684 = CARTESIAN_POINT('',(2.905619660838,6.506026127661,5.0546));
#685 = CARTESIAN_POINT('',(-1.638938472169,7.956385670359,5.181600000001
    ));
#686 = CARTESIAN_POINT('',(-6.828467498901,5.924501111278,5.308599999998
    ));
#687 = CARTESIAN_POINT('',(-9.57742041393,-5.343303011173E-07,
    5.435600000004));
#688 = CARTESIAN_POINT('',(-6.828467768575,-5.924500280232,
    5.562599999996));
#689 = CARTESIAN_POINT('',(-1.638938183749,-7.956386043962,
    5.689600000003));
#690 = CARTESIAN_POINT('',(2.905619518766,-6.506026049534,5.816599999998
    ));
#691 = CARTESIAN_POINT('',(5.175250007342,-3.251705470869,5.943600000001
    ));
#692 = CARTESIAN_POINT('',(5.175249976017,3.251705470869,6.197599999999)
  );
#693 = CARTESIAN_POINT('',(2.905619660826,6.506026127667,6.324600000005)
  );
#694 = CARTESIAN_POINT('',(-1.638938472146,7.956385670346,6.451599999989
    ));
#695 = CARTESIAN_POINT('',(-6.828467498926,5.924501111295,6.578600000013
    ));
#696 = CARTESIAN_POINT('',(-9.577420413915,-5.343444009961E-07,
    6.705599999992));
#697 = CARTESIAN_POINT('',(-6.828467768579,-5.924500280225,
    6.832600000001));
#698 = CARTESIAN_POINT('',(-1.63893818375,-7.956386043963,6.959600000004
    ));
#699 = CARTESIAN_POINT('',(2.905619518765,-6.506026049534,7.086599999997
    ));
#700 = CARTESIAN_POINT('',(5.175250007345,-3.251705470869,7.213600000001
    ));
#701 = CARTESIAN_POINT('',(5.17524997601,3.251705470869,7.467599999998)
  );
#702 = CARTESIAN_POINT('',(2.905619660872,6.506026127664,7.594600000007)
  );
#703 = CARTESIAN_POINT('',(-1.638938472286,7.956385670351,7.721599999988
    ));
#704 = CARTESIAN_POINT('',(-6.828467498635,5.924501111294,7.848600000008
    ));
#705 = CARTESIAN_POINT('',(-9.577420414372,-5.343480398434E-07,
    7.975600000006));
#706 = CARTESIAN_POINT('',(-6.828467768015,-5.924500280219,
    8.102599999982));
#707 = CARTESIAN_POINT('',(-1.638938184305,-7.956386043969,
    8.229600000018));
#708 = CARTESIAN_POINT('',(2.905619519205,-6.506026049532,8.35659999999)
  );
#709 = CARTESIAN_POINT('',(5.175250007063,-3.25170547087,8.483600000003)
  );
#710 = CARTESIAN_POINT('',(5.175249976577,3.251705470869,8.737599999998)
  );
#711 = CARTESIAN_POINT('',(2.905619657674,6.506026127666,8.864600000009)
  );
#712 = CARTESIAN_POINT('',(-1.638938463451,7.956385670348,8.991599999982
    ));
#713 = CARTESIAN_POINT('',(-6.828467515842,5.924501111293,9.118600000023
    ));
#714 = CARTESIAN_POINT('',(-9.577420388452,-5.343429733812E-07,
    9.245599999982));
#715 = CARTESIAN_POINT('',(-6.828467799364,-5.924500280226,
    9.372600000008));
#716 = CARTESIAN_POINT('',(-1.638938153385,-7.956386043963,
    9.499599999999));
#717 = CARTESIAN_POINT('',(2.905619494266,-6.506026049534,9.626599999999
    ));
#718 = CARTESIAN_POINT('',(5.175250023378,-3.251705470869,9.753600000001
    ));
#719 = CARTESIAN_POINT('',(5.175249983358,-5.401361267589E-14,9.8806));
#720 = DEFINITIONAL_REPRESENTATION('',(#721),#724);
#721 = B_SPLINE_CURVE_WITH_KNOTS('',1,(#722,#723),.UNSPECIFIED.,.F.,.F.,
  (2,2),(0.,51.282007826126),.PIECEWISE_BEZIER_KNOTS.);
#722 = CARTESIAN_POINT('',(0.5588,0.));
#723 = CARTESIAN_POINT('',(0.5588,51.282007826126));
#724 = ( GEOMETRIC_REPRESENTATION_CONTEXT(2) 
PARAMETRIC_REPRESENTATION_CONTEXT() REPRESENTATION_CONTEXT('2D SPACE',''
  ) );
#725 = ORIENTED_EDGE('',*,*,#726,.T.);
#726 = EDGE_CURVE('',#334,#727,#729,.T.);
#727 = VERTEX_POINT('',#728);
#728 = CARTESIAN_POINT('',(5.63245,4.551075995716E-15,
    -1.110223024625E-16));
#729 = SURFACE_CURVE('',#730,(#733,#740),.PCURVE_S1.);
#730 = B_SPLINE_CURVE_WITH_KNOTS('',1,(#731,#732),.UNSPECIFIED.,.F.,.F.,
  (2,2),(0.,0.535813586987),.PIECEWISE_BEZIER_KNOTS.);
#731 = CARTESIAN_POINT('',(5.17525,4.356633769042E-15,-0.2794));
#732 = CARTESIAN_POINT('',(5.63245,4.396406943992E-15,0.));
#733 = PCURVE('',#415,#734);
#734 = DEFINITIONAL_REPRESENTATION('',(#735),#739);
#735 = LINE('',#736,#737);
#736 = CARTESIAN_POINT('',(0.,0.));
#737 = VECTOR('',#738,1.);
#738 = DIRECTION('',(1.,0.));
#739 = ( GEOMETRIC_REPRESENTATION_CONTEXT(2) 
PARAMETRIC_REPRESENTATION_CONTEXT() REPRESENTATION_CONTEXT('2D SPACE',''
  ) );
#740 = PCURVE('',#741,#746);
#741 = PLANE('',#742);
#742 = AXIS2_PLACEMENT_3D('',#743,#744,#745);
#743 = CARTESIAN_POINT('',(5.325501403976,1.635197546871E-15,
    -1.055456947503E-15));
#744 = DIRECTION('',(9.247619828705E-15,-1.,-8.164978362603E-15));
#745 = DIRECTION('',(-1.,-9.247619828705E-15,0.));
#746 = DEFINITIONAL_REPRESENTATION('',(#747),#750);
#747 = B_SPLINE_CURVE_WITH_KNOTS('',1,(#748,#749),.UNSPECIFIED.,.F.,.F.,
  (2,2),(0.,0.535813586987),.PIECEWISE_BEZIER_KNOTS.);
#748 = CARTESIAN_POINT('',(0.150251403976,0.2794));
#749 = CARTESIAN_POINT('',(-0.306948596024,-1.055456947503E-15));
#750 = ( GEOMETRIC_REPRESENTATION_CONTEXT(2) 
PARAMETRIC_REPRESENTATION_CONTEXT() REPRESENTATION_CONTEXT('2D SPACE',''
  ) );
#751 = ORIENTED_EDGE('',*,*,#752,.T.);
#752 = EDGE_CURVE('',#727,#753,#755,.T.);
#753 = VERTEX_POINT('',#754);
#754 = CARTESIAN_POINT('',(5.63245,1.063568696893E-09,10.159999972768));
#755 = SURFACE_CURVE('',#756,(#831,#838),.PCURVE_S1.);
#756 = B_SPLINE_CURVE_WITH_KNOTS('',10,(#757,#758,#759,#760,#761,#762,
    #763,#764,#765,#766,#767,#768,#769,#770,#771,#772,#773,#774,#775,
    #776,#777,#778,#779,#780,#781,#782,#783,#784,#785,#786,#787,#788,
    #789,#790,#791,#792,#793,#794,#795,#796,#797,#798,#799,#800,#801,
    #802,#803,#804,#805,#806,#807,#808,#809,#810,#811,#812,#813,#814,
    #815,#816,#817,#818,#819,#820,#821,#822,#823,#824,#825,#826,#827,
    #828,#829,#830),.UNSPECIFIED.,.F.,.F.,(11,9,9,9,9,9,9,9,11),(0.,
    6.410250978266,12.820501956532,19.230752934797,25.641003913063,
    32.051254891329,38.461505869595,44.87175684786,51.282007826126),
  .UNSPECIFIED.);
#757 = CARTESIAN_POINT('',(5.63245,4.396406943992E-15,0.));
#758 = CARTESIAN_POINT('',(5.632449999989,3.538974287219,0.126999934506)
  );
#759 = CARTESIAN_POINT('',(3.16231262745,7.080785564503,0.254000117008)
  );
#760 = CARTESIAN_POINT('',(-1.783729270629,8.659292167545,0.380999781462
    ));
#761 = CARTESIAN_POINT('',(-7.43171582543,6.447882709657,0.508000168446)
  );
#762 = CARTESIAN_POINT('',(-10.42352765048,6.455298517949E-10,
    0.634999944717));
#763 = CARTESIAN_POINT('',(-7.431715824029,-6.447882714114,
    0.761999882376));
#764 = CARTESIAN_POINT('',(-1.78372926928,-8.659292165383,0.889000127387
    ));
#765 = CARTESIAN_POINT('',(3.16231262907,-7.080785565675,1.015999901008)
  );
#766 = CARTESIAN_POINT('',(5.632450000452,-3.538974285095,1.143000011105
    ));
#767 = CARTESIAN_POINT('',(5.632449999772,3.538974286176,1.396999961197)
  );
#768 = CARTESIAN_POINT('',(3.162312627783,7.080785566098,1.524000076224)
  );
#769 = CARTESIAN_POINT('',(-1.783729271044,8.659292165568,1.650999832006
    ));
#770 = CARTESIAN_POINT('',(-7.431715825007,6.447882711662,1.778000117206
    ));
#771 = CARTESIAN_POINT('',(-10.42352765083,-1.010236652528E-09,
    1.904999987095));
#772 = CARTESIAN_POINT('',(-7.431715823797,-6.447882713016,
    2.031999854227));
#773 = CARTESIAN_POINT('',(-1.783729269399,-8.659292165946,
    2.159000141853));
#774 = CARTESIAN_POINT('',(3.162312629112,-7.080785565471,2.285999895769
    ));
#775 = CARTESIAN_POINT('',(5.632450000445,-3.538974285131,2.413000012034
    ));
#776 = CARTESIAN_POINT('',(5.632449999775,3.538974286194,2.66699996074)
  );
#777 = CARTESIAN_POINT('',(3.162312627779,7.080785566072,2.794000076927)
  );
#778 = CARTESIAN_POINT('',(-1.783729271041,8.659292165597,2.920999831133
    ));
#779 = CARTESIAN_POINT('',(-7.43171582501,6.447882711638,3.04800011809)
  );
#780 = CARTESIAN_POINT('',(-10.42352765083,-9.98445594978E-10,
    3.174999986368));
#781 = CARTESIAN_POINT('',(-7.431715823805,-6.447882713017,
    3.301999854704));
#782 = CARTESIAN_POINT('',(-1.783729269393,-8.659292165948,
    3.429000141612));
#783 = CARTESIAN_POINT('',(3.162312629109,-7.08078556547,3.555999895854)
  );
#784 = CARTESIAN_POINT('',(5.632450000445,-3.538974285131,3.683000012019
    ));
#785 = CARTESIAN_POINT('',(5.632449999776,3.538974286194,3.936999960748)
  );
#786 = CARTESIAN_POINT('',(3.162312627778,7.08078556607,4.064000076911)
  );
#787 = CARTESIAN_POINT('',(-1.783729271039,8.659292165602,4.190999831154
    ));
#788 = CARTESIAN_POINT('',(-7.43171582501,6.44788271163,4.31800011807));
#789 = CARTESIAN_POINT('',(-10.42352765083,-9.891102485109E-10,
    4.44499998638));
#790 = CARTESIAN_POINT('',(-7.431715823795,-6.447882713026,
    4.571999854702));
#791 = CARTESIAN_POINT('',(-1.783729269401,-8.659292165943,
    4.699000141608));
#792 = CARTESIAN_POINT('',(3.162312629114,-7.080785565472,4.825999895858
    ));
#793 = CARTESIAN_POINT('',(5.632450000444,-3.538974285131,4.953000012018
    ));
#794 = CARTESIAN_POINT('',(5.632449999777,3.538974286194,5.206999960749)
  );
#795 = CARTESIAN_POINT('',(3.162312627773,7.080785566069,5.334000076908)
  );
#796 = CARTESIAN_POINT('',(-1.78372927103,8.659292165604,5.46099983116)
  );
#797 = CARTESIAN_POINT('',(-7.431715825022,6.447882711626,5.588000118063
    ));
#798 = CARTESIAN_POINT('',(-10.42352765082,-9.836057284382E-10,
    5.714999986385));
#799 = CARTESIAN_POINT('',(-7.431715823798,-6.447882713031,5.8419998547)
  );
#800 = CARTESIAN_POINT('',(-1.783729269402,-8.659292165939,
    5.969000141607));
#801 = CARTESIAN_POINT('',(3.162312629115,-7.080785565474,6.095999895859
    ));
#802 = CARTESIAN_POINT('',(5.632450000444,-3.53897428513,6.223000012016)
  );
#803 = CARTESIAN_POINT('',(5.632449999777,3.538974286193,6.476999960752)
  );
#804 = CARTESIAN_POINT('',(3.162312627772,7.080785566072,6.604000076898)
  );
#805 = CARTESIAN_POINT('',(-1.783729271028,8.6592921656,6.730999831177)
  );
#806 = CARTESIAN_POINT('',(-7.431715825021,6.447882711629,6.858000118044
    ));
#807 = CARTESIAN_POINT('',(-10.42352765083,-9.813299217882E-10,
    6.984999986399));
#808 = CARTESIAN_POINT('',(-7.431715823792,-6.447882713037,
    7.111999854694));
#809 = CARTESIAN_POINT('',(-1.783729269406,-8.659292165934,
    7.239000141611));
#810 = CARTESIAN_POINT('',(3.162312629117,-7.080785565476,7.365999895854
    ));
#811 = CARTESIAN_POINT('',(5.632450000444,-3.53897428513,7.493000012022)
  );
#812 = CARTESIAN_POINT('',(5.632449999777,3.538974286195,7.746999960739)
  );
#813 = CARTESIAN_POINT('',(3.162312627773,7.080785566065,7.874000076975)
  );
#814 = CARTESIAN_POINT('',(-1.783729271031,8.659292165619,8.000999830952
    ));
#815 = CARTESIAN_POINT('',(-7.431715825015,6.447882711595,8.128000118507
    ));
#816 = CARTESIAN_POINT('',(-10.42352765084,-9.376148873023E-10,
    8.254999985675));
#817 = CARTESIAN_POINT('',(-7.431715823781,-6.447882713083,
    8.381999855588));
#818 = CARTESIAN_POINT('',(-1.783729269416,-8.659292165895,
    8.509000140725));
#819 = CARTESIAN_POINT('',(3.162312629123,-7.080785565505,8.635999896565
    ));
#820 = CARTESIAN_POINT('',(5.63245000044,-3.538974285112,8.763000011563)
  );
#821 = CARTESIAN_POINT('',(5.632449999785,3.538974286158,9.016999961667)
  );
#822 = CARTESIAN_POINT('',(3.16231262773,7.080785566273,9.144000071745)
  );
#823 = CARTESIAN_POINT('',(-1.783729270914,8.659292165044,9.2709998454)
  );
#824 = CARTESIAN_POINT('',(-7.431715825246,6.44788271271,9.398000090373)
  );
#825 = CARTESIAN_POINT('',(-10.42352765049,-2.610809228451E-09,
    9.525000028051));
#826 = CARTESIAN_POINT('',(-7.431715824205,-6.447882711067,
    9.651999804333));
#827 = CARTESIAN_POINT('',(-1.783729268999,-8.659292167877,
    9.779000191288));
#828 = CARTESIAN_POINT('',(3.162312628789,-7.080785563909,9.90599985577)
  );
#829 = CARTESIAN_POINT('',(5.632450000657,-3.538974286154,
    10.033000038256));
#830 = CARTESIAN_POINT('',(5.63245,1.063565332332E-09,10.159999972768));
#831 = PCURVE('',#415,#832);
#832 = DEFINITIONAL_REPRESENTATION('',(#833),#837);
#833 = LINE('',#834,#835);
#834 = CARTESIAN_POINT('',(0.535813586987,0.));
#835 = VECTOR('',#836,1.);
#836 = DIRECTION('',(0.,1.));
#837 = ( GEOMETRIC_REPRESENTATION_CONTEXT(2) 
PARAMETRIC_REPRESENTATION_CONTEXT() REPRESENTATION_CONTEXT('2D SPACE',''
  ) );
#838 = PCURVE('',#839,#988);
#839 = B_SPLINE_SURFACE_WITH_KNOTS('',1,10,(
    (#840,#841,#842,#843,#844,#845,#846,#847,#848,#849,#850,#851,#852
      ,#853,#854,#855,#856,#857,#858,#859,#860,#861,#862,#863,#864,#865
      ,#866,#867,#868,#869,#870,#871,#872,#873,#874,#875,#876,#877,#878
      ,#879,#880,#881,#882,#883,#884,#885,#886,#887,#888,#889,#890,#891
      ,#892,#893,#894,#895,#896,#897,#898,#899,#900,#901,#902,#903,#904
      ,#905,#906,#907,#908,#909,#910,#911,#912,#913)
    ,(#914,#915,#916,#917,#918,#919,#920,#921,#922,#923,#924,#925,#926
      ,#927,#928,#929,#930,#931,#932,#933,#934,#935,#936,#937,#938,#939
      ,#940,#941,#942,#943,#944,#945,#946,#947,#948,#949,#950,#951,#952
      ,#953,#954,#955,#956,#957,#958,#959,#960,#961,#962,#963,#964,#965
      ,#966,#967,#968,#969,#970,#971,#972,#973,#974,#975,#976,#977,#978
      ,#979,#980,#981,#982,#983,#984,#985,#986,#987
  )),.UNSPECIFIED.,.F.,.F.,.F.,(2,2),(11,9,9,9,9,9,9,9,11),(0.,
    0.535813586987),(0.,6.410250978266,12.820501956532,19.230752934797,
    25.641003913063,32.051254891329,38.461505869595,44.87175684786,
    51.282007826126),.UNSPECIFIED.);
#840 = CARTESIAN_POINT('',(5.63245,4.551075995716E-15,
    -1.110223024625E-16));
#841 = CARTESIAN_POINT('',(5.632449999989,3.538974287219,0.126999934506)
  );
#842 = CARTESIAN_POINT('',(3.16231262745,7.080785564503,0.254000117008)
  );
#843 = CARTESIAN_POINT('',(-1.78372927063,8.659292167546,0.380999781462)
  );
#844 = CARTESIAN_POINT('',(-7.431715825429,6.447882709657,0.508000168446
    ));
#845 = CARTESIAN_POINT('',(-10.42352765048,6.460769697014E-10,
    0.634999944717));
#846 = CARTESIAN_POINT('',(-7.431715824028,-6.447882714114,
    0.761999882376));
#847 = CARTESIAN_POINT('',(-1.783729269281,-8.659292165383,
    0.889000127387));
#848 = CARTESIAN_POINT('',(3.16231262907,-7.080785565675,1.015999901008)
  );
#849 = CARTESIAN_POINT('',(5.632450000452,-3.538974285095,1.143000011105
    ));
#850 = CARTESIAN_POINT('',(5.632449999772,3.538974286176,1.396999961197)
  );
#851 = CARTESIAN_POINT('',(3.162312627783,7.080785566098,1.524000076224)
  );
#852 = CARTESIAN_POINT('',(-1.783729271044,8.659292165568,1.650999832006
    ));
#853 = CARTESIAN_POINT('',(-7.431715825008,6.447882711661,1.778000117206
    ));
#854 = CARTESIAN_POINT('',(-10.42352765083,-1.009379729967E-09,
    1.904999987095));
#855 = CARTESIAN_POINT('',(-7.431715823797,-6.447882713017,
    2.031999854227));
#856 = CARTESIAN_POINT('',(-1.783729269398,-8.659292165946,
    2.159000141853));
#857 = CARTESIAN_POINT('',(3.162312629112,-7.080785565471,2.285999895769
    ));
#858 = CARTESIAN_POINT('',(5.632450000445,-3.538974285131,2.413000012034
    ));
#859 = CARTESIAN_POINT('',(5.632449999775,3.538974286194,2.66699996074)
  );
#860 = CARTESIAN_POINT('',(3.16231262778,7.080785566072,2.794000076927)
  );
#861 = CARTESIAN_POINT('',(-1.783729271042,8.659292165597,2.920999831133
    ));
#862 = CARTESIAN_POINT('',(-7.431715825009,6.447882711638,3.04800011809)
  );
#863 = CARTESIAN_POINT('',(-10.42352765083,-9.980982901282E-10,
    3.174999986368));
#864 = CARTESIAN_POINT('',(-7.431715823803,-6.447882713018,
    3.301999854704));
#865 = CARTESIAN_POINT('',(-1.783729269393,-8.659292165948,
    3.429000141612));
#866 = CARTESIAN_POINT('',(3.16231262911,-7.08078556547,3.555999895854)
  );
#867 = CARTESIAN_POINT('',(5.632450000445,-3.538974285131,3.683000012019
    ));
#868 = CARTESIAN_POINT('',(5.632449999776,3.538974286194,3.936999960748)
  );
#869 = CARTESIAN_POINT('',(3.162312627778,7.080785566071,4.064000076911)
  );
#870 = CARTESIAN_POINT('',(-1.783729271039,8.659292165601,4.190999831154
    ));
#871 = CARTESIAN_POINT('',(-7.43171582501,6.447882711631,4.31800011807)
  );
#872 = CARTESIAN_POINT('',(-10.42352765083,-9.899427329986E-10,
    4.44499998638));
#873 = CARTESIAN_POINT('',(-7.431715823794,-6.447882713025,
    4.571999854702));
#874 = CARTESIAN_POINT('',(-1.783729269402,-8.659292165943,
    4.699000141608));
#875 = CARTESIAN_POINT('',(3.162312629114,-7.080785565472,4.825999895858
    ));
#876 = CARTESIAN_POINT('',(5.632450000444,-3.538974285131,4.953000012018
    ));
#877 = CARTESIAN_POINT('',(5.632449999777,3.538974286194,5.206999960749)
  );
#878 = CARTESIAN_POINT('',(3.162312627773,7.080785566069,5.334000076908)
  );
#879 = CARTESIAN_POINT('',(-1.783729271029,8.659292165604,5.460999831159
    ));
#880 = CARTESIAN_POINT('',(-7.431715825023,6.447882711626,5.588000118064
    ));
#881 = CARTESIAN_POINT('',(-10.42352765082,-9.832147923266E-10,
    5.714999986384));
#882 = CARTESIAN_POINT('',(-7.431715823799,-6.447882713032,
    5.841999854701));
#883 = CARTESIAN_POINT('',(-1.783729269401,-8.659292165939,
    5.969000141607));
#884 = CARTESIAN_POINT('',(3.162312629115,-7.080785565474,6.095999895859
    ));
#885 = CARTESIAN_POINT('',(5.632450000444,-3.53897428513,6.223000012016)
  );
#886 = CARTESIAN_POINT('',(5.632449999777,3.538974286193,6.476999960752)
  );
#887 = CARTESIAN_POINT('',(3.162312627771,7.080785566073,6.604000076898)
  );
#888 = CARTESIAN_POINT('',(-1.783729271027,8.659292165599,6.730999831177
    ));
#889 = CARTESIAN_POINT('',(-7.431715825023,6.44788271163,6.858000118045)
  );
#890 = CARTESIAN_POINT('',(-10.42352765083,-9.825865021471E-10,
    6.984999986398));
#891 = CARTESIAN_POINT('',(-7.431715823793,-6.447882713036,
    7.111999854694));
#892 = CARTESIAN_POINT('',(-1.783729269406,-8.659292165935,
    7.239000141611));
#893 = CARTESIAN_POINT('',(3.162312629116,-7.080785565476,7.365999895854
    ));
#894 = CARTESIAN_POINT('',(5.632450000444,-3.53897428513,7.493000012021)
  );
#895 = CARTESIAN_POINT('',(5.632449999777,3.538974286195,7.746999960739)
  );
#896 = CARTESIAN_POINT('',(3.162312627773,7.080785566065,7.874000076975)
  );
#897 = CARTESIAN_POINT('',(-1.783729271031,8.659292165618,8.000999830952
    ));
#898 = CARTESIAN_POINT('',(-7.431715825014,6.447882711597,8.128000118507
    ));
#899 = CARTESIAN_POINT('',(-10.42352765084,-9.399988994832E-10,
    8.254999985675));
#900 = CARTESIAN_POINT('',(-7.431715823781,-6.447882713081,
    8.381999855587));
#901 = CARTESIAN_POINT('',(-1.783729269416,-8.659292165896,
    8.509000140726));
#902 = CARTESIAN_POINT('',(3.162312629124,-7.080785565504,8.635999896564
    ));
#903 = CARTESIAN_POINT('',(5.63245000044,-3.538974285112,8.763000011563)
  );
#904 = CARTESIAN_POINT('',(5.632449999785,3.538974286158,9.016999961667)
  );
#905 = CARTESIAN_POINT('',(3.162312627731,7.080785566274,9.144000071744)
  );
#906 = CARTESIAN_POINT('',(-1.783729270914,8.659292165044,9.2709998454)
  );
#907 = CARTESIAN_POINT('',(-7.431715825245,6.447882712711,9.398000090372
    ));
#908 = CARTESIAN_POINT('',(-10.42352765049,-2.612224626606E-09,
    9.525000028052));
#909 = CARTESIAN_POINT('',(-7.431715824204,-6.447882711065,
    9.651999804333));
#910 = CARTESIAN_POINT('',(-1.783729268999,-8.659292167878,
    9.779000191288));
#911 = CARTESIAN_POINT('',(3.16231262879,-7.080785563909,9.90599985577)
  );
#912 = CARTESIAN_POINT('',(5.632450000657,-3.538974286154,
    10.033000038256));
#913 = CARTESIAN_POINT('',(5.63245,1.063568696893E-09,10.159999972768));
#914 = CARTESIAN_POINT('',(5.17525,-1.971491693353E-15,0.2794));
#915 = CARTESIAN_POINT('',(5.175250040024,3.251705481327,0.4064));
#916 = CARTESIAN_POINT('',(2.905619503601,6.506026070457,0.5334));
#917 = CARTESIAN_POINT('',(-1.638938158643,7.956386069545,0.6604));
#918 = CARTESIAN_POINT('',(-6.828467821329,5.924500299289,0.7874));
#919 = CARTESIAN_POINT('',(-9.577420419264,5.343250002454E-07,0.9144));
#920 = CARTESIAN_POINT('',(-6.828467537773,-5.924501130327,1.0414));
#921 = CARTESIAN_POINT('',(-1.638938468751,-7.956385695946,1.1684));
#922 = CARTESIAN_POINT('',(2.905619667036,-6.506026148584,1.2954));
#923 = CARTESIAN_POINT('',(5.175249993214,-3.251705481326,1.4224));
#924 = CARTESIAN_POINT('',(5.175250023713,3.251705481326,1.6764));
#925 = CARTESIAN_POINT('',(2.905619528525,6.506026070458,1.8034));
#926 = CARTESIAN_POINT('',(-1.638938189535,7.956386069544,1.9304));
#927 = CARTESIAN_POINT('',(-6.82846779001,5.92450029929,2.0574));
#928 = CARTESIAN_POINT('',(-9.577420445166,5.343258999506E-07,
    2.184399999999));
#929 = CARTESIAN_POINT('',(-6.828467520567,-5.924501130329,
    2.311400000002));
#930 = CARTESIAN_POINT('',(-1.638938477592,-7.956385695945,
    2.438399999998));
#931 = CARTESIAN_POINT('',(2.905619670238,-6.506026148584,2.565400000001
    ));
#932 = CARTESIAN_POINT('',(5.175249992646,-3.251705481326,2.6924));
#933 = CARTESIAN_POINT('',(5.175250023992,3.251705481326,2.946400000001)
  );
#934 = CARTESIAN_POINT('',(2.905619528097,6.506026070458,3.073399999997)
  );
#935 = CARTESIAN_POINT('',(-1.638938189003,7.956386069541,3.200400000005
    ));
#936 = CARTESIAN_POINT('',(-6.828467790549,5.924500299298,3.327399999995
    ));
#937 = CARTESIAN_POINT('',(-9.577420444722,5.343125021376E-07,
    3.454400000002));
#938 = CARTESIAN_POINT('',(-6.828467520861,-5.924501130315,
    3.581400000001));
#939 = CARTESIAN_POINT('',(-1.638938477442,-7.956385695954,
    3.708399999997));
#940 = CARTESIAN_POINT('',(2.905619670184,-6.506026148581,3.835400000002
    ));
#941 = CARTESIAN_POINT('',(5.175249992655,-3.251705481327,3.9624));
#942 = CARTESIAN_POINT('',(5.175250023987,3.251705481327,4.2164));
#943 = CARTESIAN_POINT('',(2.905619528106,6.506026070457,4.343399999998)
  );
#944 = CARTESIAN_POINT('',(-1.638938189014,7.956386069544,4.470400000003
    ));
#945 = CARTESIAN_POINT('',(-6.828467790538,5.924500299294,4.597399999995
    ));
#946 = CARTESIAN_POINT('',(-9.577420444731,5.343173007466E-07,
    4.724400000005));
#947 = CARTESIAN_POINT('',(-6.828467520855,-5.924501130319,
    4.851399999997));
#948 = CARTESIAN_POINT('',(-1.638938477445,-7.956385695952,
    4.978400000002));
#949 = CARTESIAN_POINT('',(2.905619670184,-6.506026148581,5.1054));
#950 = CARTESIAN_POINT('',(5.175249992656,-3.251705481327,5.2324));
#951 = CARTESIAN_POINT('',(5.175250023987,3.251705481327,5.4864));
#952 = CARTESIAN_POINT('',(2.905619528104,6.506026070457,5.6134));
#953 = CARTESIAN_POINT('',(-1.63893818901,7.956386069542,5.740400000001)
  );
#954 = CARTESIAN_POINT('',(-6.828467790544,5.924500299295,5.867399999997
    ));
#955 = CARTESIAN_POINT('',(-9.577420444725,5.343172990011E-07,
    5.994400000004));
#956 = CARTESIAN_POINT('',(-6.828467520859,-5.924501130321,
    6.121399999996));
#957 = CARTESIAN_POINT('',(-1.638938477443,-7.95638569595,6.248400000003
    ));
#958 = CARTESIAN_POINT('',(2.905619670184,-6.506026148583,6.375399999998
    ));
#959 = CARTESIAN_POINT('',(5.175249992656,-3.251705481326,6.502400000001
    ));
#960 = CARTESIAN_POINT('',(5.175250023985,3.251705481326,6.756399999999)
  );
#961 = CARTESIAN_POINT('',(2.905619528112,6.506026070459,6.883400000005)
  );
#962 = CARTESIAN_POINT('',(-1.638938189027,7.956386069541,7.01039999999)
  );
#963 = CARTESIAN_POINT('',(-6.828467790521,5.924500299292,7.137400000012
    ));
#964 = CARTESIAN_POINT('',(-9.577420444746,5.343260688849E-07,
    7.264399999993));
#965 = CARTESIAN_POINT('',(-6.828467520845,-5.924501130331,7.3914));
#966 = CARTESIAN_POINT('',(-1.638938477449,-7.956385695943,
    7.518400000004));
#967 = CARTESIAN_POINT('',(2.905619670187,-6.506026148586,7.645399999996
    ));
#968 = CARTESIAN_POINT('',(5.175249992654,-3.251705481326,7.772400000001
    ));
#969 = CARTESIAN_POINT('',(5.175250023992,3.251705481327,8.026399999998)
  );
#970 = CARTESIAN_POINT('',(2.905619528067,6.506026070453,8.153400000007)
  );
#971 = CARTESIAN_POINT('',(-1.638938188891,7.956386069558,8.280399999989
    ));
#972 = CARTESIAN_POINT('',(-6.828467790805,5.924500299265,8.407400000007
    ));
#973 = CARTESIAN_POINT('',(-9.577420444296,5.343555653636E-07,
    8.534400000007));
#974 = CARTESIAN_POINT('',(-6.828467521402,-5.924501130353,
    8.661399999981));
#975 = CARTESIAN_POINT('',(-1.638938476899,-7.956385695932,
    8.788400000019));
#976 = CARTESIAN_POINT('',(2.905619669749,-6.506026148588,8.915399999989
    ));
#977 = CARTESIAN_POINT('',(5.175249992934,-3.251705481326,9.042400000003
    ));
#978 = CARTESIAN_POINT('',(5.175250023425,3.251705481326,9.296399999997)
  );
#979 = CARTESIAN_POINT('',(2.905619531265,6.506026070456,9.42340000001)
  );
#980 = CARTESIAN_POINT('',(-1.638938197725,7.956386069548,9.550399999981
    ));
#981 = CARTESIAN_POINT('',(-6.828467773604,5.924500299284,9.677400000025
    ));
#982 = CARTESIAN_POINT('',(-9.577420470205,5.343323884369E-07,
    9.804399999979));
#983 = CARTESIAN_POINT('',(-6.828467490069,-5.924501130333,9.93140000001
    ));
#984 = CARTESIAN_POINT('',(-1.638938507806,-7.956385695943,
    10.058399999998));
#985 = CARTESIAN_POINT('',(2.905619694682,-6.506026148585,
    10.185399999999));
#986 = CARTESIAN_POINT('',(5.175249976622,-3.251705481326,10.3124));
#987 = CARTESIAN_POINT('',(5.175250016642,5.235201661437E-14,10.4394));
#988 = DEFINITIONAL_REPRESENTATION('',(#989),#992);
#989 = B_SPLINE_CURVE_WITH_KNOTS('',1,(#990,#991),.UNSPECIFIED.,.F.,.F.,
  (2,2),(0.,51.282007826126),.PIECEWISE_BEZIER_KNOTS.);
#990 = CARTESIAN_POINT('',(0.,0.));
#991 = CARTESIAN_POINT('',(0.,51.282007826126));
#992 = ( GEOMETRIC_REPRESENTATION_CONTEXT(2) 
PARAMETRIC_REPRESENTATION_CONTEXT() REPRESENTATION_CONTEXT('2D SPACE',''
  ) );
#993 = ORIENTED_EDGE('',*,*,#994,.F.);
#994 = EDGE_CURVE('',#336,#753,#995,.T.);
#995 = SURFACE_CURVE('',#996,(#999,#1006),.PCURVE_S1.);
#996 = B_SPLINE_CURVE_WITH_KNOTS('',1,(#997,#998),.UNSPECIFIED.,.F.,.F.,
  (2,2),(0.,0.535813586987),.PIECEWISE_BEZIER_KNOTS.);
#997 = CARTESIAN_POINT('',(5.175249983358,-5.404218478093E-14,9.8806));
#998 = CARTESIAN_POINT('',(5.63245,1.063565332332E-09,10.159999972768));
#999 = PCURVE('',#415,#1000);
#1000 = DEFINITIONAL_REPRESENTATION('',(#1001),#1005);
#1001 = LINE('',#1002,#1003);
#1002 = CARTESIAN_POINT('',(0.,51.282007826126));
#1003 = VECTOR('',#1004,1.);
#1004 = DIRECTION('',(1.,0.));
#1005 = ( GEOMETRIC_REPRESENTATION_CONTEXT(2) 
PARAMETRIC_REPRESENTATION_CONTEXT() REPRESENTATION_CONTEXT('2D SPACE',''
  ) );
#1006 = PCURVE('',#1007,#1012);
#1007 = PLANE('',#1008);
#1008 = AXIS2_PLACEMENT_3D('',#1009,#1010,#1011);
#1009 = CARTESIAN_POINT('',(5.325501403976,3.495229890747E-10,
    10.159999991051));
#1010 = DIRECTION('',(2.326265813856E-09,-1.,1.870916532221E-13));
#1011 = DIRECTION('',(-1.,-2.326265813856E-09,0.));
#1012 = DEFINITIONAL_REPRESENTATION('',(#1013),#1016);
#1013 = B_SPLINE_CURVE_WITH_KNOTS('',1,(#1014,#1015),.UNSPECIFIED.,.F.,
  .F.,(2,2),(0.,0.535813586987),.PIECEWISE_BEZIER_KNOTS.);
#1014 = CARTESIAN_POINT('',(0.150251420618,0.279399991051));
#1015 = CARTESIAN_POINT('',(-0.306948596024,1.828284723615E-08));
#1016 = ( GEOMETRIC_REPRESENTATION_CONTEXT(2) 
PARAMETRIC_REPRESENTATION_CONTEXT() REPRESENTATION_CONTEXT('2D SPACE',''
  ) );
#1017 = ADVANCED_FACE('',(#1018),#571,.F.);
#1018 = FACE_BOUND('',#1019,.F.);
#1019 = EDGE_LOOP('',(#1020,#1115,#1134,#1135,#1156));
#1020 = ORIENTED_EDGE('',*,*,#1021,.F.);
#1021 = EDGE_CURVE('',#1022,#1024,#1026,.T.);
#1022 = VERTEX_POINT('',#1023);
#1023 = CARTESIAN_POINT('',(5.17525,-2.097003160672E-15,0.2794));
#1024 = VERTEX_POINT('',#1025);
#1025 = CARTESIAN_POINT('',(0.96974976114,-5.08357770806,10.16));
#1026 = SURFACE_CURVE('',#1027,(#1102,#1108),.PCURVE_S1.);
#1027 = B_SPLINE_CURVE_WITH_KNOTS('',10,(#1028,#1029,#1030,#1031,#1032,
    #1033,#1034,#1035,#1036,#1037,#1038,#1039,#1040,#1041,#1042,#1043,
    #1044,#1045,#1046,#1047,#1048,#1049,#1050,#1051,#1052,#1053,#1054,
    #1055,#1056,#1057,#1058,#1059,#1060,#1061,#1062,#1063,#1064,#1065,
    #1066,#1067,#1068,#1069,#1070,#1071,#1072,#1073,#1074,#1075,#1076,
    #1077,#1078,#1079,#1080,#1081,#1082,#1083,#1084,#1085,#1086,#1087,
    #1088,#1089,#1090,#1091,#1092,#1093,#1094,#1095,#1096,#1097,#1098,
    #1099,#1100,#1101),.UNSPECIFIED.,.F.,.F.,(11,9,9,9,9,9,9,9,11),(0.,
    6.410250978266,12.820501956532,19.230752934797,25.641003913063,
    32.051254891329,38.461505869595,44.87175684786,51.282007826126),
  .UNSPECIFIED.);
#1028 = CARTESIAN_POINT('',(5.17525,-1.971491693353E-15,0.2794));
#1029 = CARTESIAN_POINT('',(5.175250040024,3.251705481327,0.4064));
#1030 = CARTESIAN_POINT('',(2.905619503601,6.506026070457,0.5334));
#1031 = CARTESIAN_POINT('',(-1.638938158643,7.956386069545,0.6604));
#1032 = CARTESIAN_POINT('',(-6.828467821329,5.924500299289,0.7874));
#1033 = CARTESIAN_POINT('',(-9.577420419264,5.343250002454E-07,0.9144));
#1034 = CARTESIAN_POINT('',(-6.828467537773,-5.924501130327,1.0414));
#1035 = CARTESIAN_POINT('',(-1.638938468751,-7.956385695946,1.1684));
#1036 = CARTESIAN_POINT('',(2.905619667036,-6.506026148584,1.2954));
#1037 = CARTESIAN_POINT('',(5.175249993214,-3.251705481326,1.4224));
#1038 = CARTESIAN_POINT('',(5.175250023713,3.251705481326,1.6764));
#1039 = CARTESIAN_POINT('',(2.905619528525,6.506026070458,1.8034));
#1040 = CARTESIAN_POINT('',(-1.638938189535,7.956386069544,1.9304));
#1041 = CARTESIAN_POINT('',(-6.82846779001,5.92450029929,2.0574));
#1042 = CARTESIAN_POINT('',(-9.577420445166,5.343258999506E-07,
    2.184399999999));
#1043 = CARTESIAN_POINT('',(-6.828467520567,-5.924501130329,
    2.311400000002));
#1044 = CARTESIAN_POINT('',(-1.638938477592,-7.956385695945,
    2.438399999998));
#1045 = CARTESIAN_POINT('',(2.905619670238,-6.506026148584,
    2.565400000001));
#1046 = CARTESIAN_POINT('',(5.175249992646,-3.251705481326,2.6924));
#1047 = CARTESIAN_POINT('',(5.175250023992,3.251705481326,2.946400000001
    ));
#1048 = CARTESIAN_POINT('',(2.905619528097,6.506026070458,3.073399999997
    ));
#1049 = CARTESIAN_POINT('',(-1.638938189003,7.956386069541,
    3.200400000005));
#1050 = CARTESIAN_POINT('',(-6.828467790549,5.924500299298,
    3.327399999995));
#1051 = CARTESIAN_POINT('',(-9.577420444722,5.343125021376E-07,
    3.454400000002));
#1052 = CARTESIAN_POINT('',(-6.828467520861,-5.924501130315,
    3.581400000001));
#1053 = CARTESIAN_POINT('',(-1.638938477442,-7.956385695954,
    3.708399999997));
#1054 = CARTESIAN_POINT('',(2.905619670184,-6.506026148581,
    3.835400000002));
#1055 = CARTESIAN_POINT('',(5.175249992655,-3.251705481327,3.9624));
#1056 = CARTESIAN_POINT('',(5.175250023987,3.251705481327,4.2164));
#1057 = CARTESIAN_POINT('',(2.905619528106,6.506026070457,4.343399999998
    ));
#1058 = CARTESIAN_POINT('',(-1.638938189014,7.956386069544,
    4.470400000003));
#1059 = CARTESIAN_POINT('',(-6.828467790538,5.924500299294,
    4.597399999995));
#1060 = CARTESIAN_POINT('',(-9.577420444731,5.343173007466E-07,
    4.724400000005));
#1061 = CARTESIAN_POINT('',(-6.828467520855,-5.924501130319,
    4.851399999997));
#1062 = CARTESIAN_POINT('',(-1.638938477445,-7.956385695952,
    4.978400000002));
#1063 = CARTESIAN_POINT('',(2.905619670184,-6.506026148581,5.1054));
#1064 = CARTESIAN_POINT('',(5.175249992656,-3.251705481327,5.2324));
#1065 = CARTESIAN_POINT('',(5.175250023987,3.251705481327,5.4864));
#1066 = CARTESIAN_POINT('',(2.905619528104,6.506026070457,5.6134));
#1067 = CARTESIAN_POINT('',(-1.63893818901,7.956386069542,5.740400000001
    ));
#1068 = CARTESIAN_POINT('',(-6.828467790544,5.924500299295,
    5.867399999997));
#1069 = CARTESIAN_POINT('',(-9.577420444725,5.343172990011E-07,
    5.994400000004));
#1070 = CARTESIAN_POINT('',(-6.828467520859,-5.924501130321,
    6.121399999996));
#1071 = CARTESIAN_POINT('',(-1.638938477443,-7.95638569595,
    6.248400000003));
#1072 = CARTESIAN_POINT('',(2.905619670184,-6.506026148583,
    6.375399999998));
#1073 = CARTESIAN_POINT('',(5.175249992656,-3.251705481326,
    6.502400000001));
#1074 = CARTESIAN_POINT('',(5.175250023985,3.251705481326,6.756399999999
    ));
#1075 = CARTESIAN_POINT('',(2.905619528112,6.506026070459,6.883400000005
    ));
#1076 = CARTESIAN_POINT('',(-1.638938189027,7.956386069541,7.01039999999
    ));
#1077 = CARTESIAN_POINT('',(-6.828467790521,5.924500299292,
    7.137400000012));
#1078 = CARTESIAN_POINT('',(-9.577420444746,5.343260688849E-07,
    7.264399999993));
#1079 = CARTESIAN_POINT('',(-6.828467520845,-5.924501130331,7.3914));
#1080 = CARTESIAN_POINT('',(-1.638938477449,-7.956385695943,
    7.518400000004));
#1081 = CARTESIAN_POINT('',(2.905619670187,-6.506026148586,
    7.645399999996));
#1082 = CARTESIAN_POINT('',(5.175249992654,-3.251705481326,
    7.772400000001));
#1083 = CARTESIAN_POINT('',(5.175250023992,3.251705481327,8.026399999998
    ));
#1084 = CARTESIAN_POINT('',(2.905619528067,6.506026070453,8.153400000007
    ));
#1085 = CARTESIAN_POINT('',(-1.638938188891,7.956386069558,
    8.280399999989));
#1086 = CARTESIAN_POINT('',(-6.828467790805,5.924500299265,
    8.407400000007));
#1087 = CARTESIAN_POINT('',(-9.577420444296,5.343555653636E-07,
    8.534400000007));
#1088 = CARTESIAN_POINT('',(-6.828467521402,-5.924501130353,
    8.661399999981));
#1089 = CARTESIAN_POINT('',(-1.638938476899,-7.956385695932,
    8.788400000019));
#1090 = CARTESIAN_POINT('',(2.905619669749,-6.506026148588,
    8.915399999989));
#1091 = CARTESIAN_POINT('',(5.175249992934,-3.251705481326,
    9.042400000003));
#1092 = CARTESIAN_POINT('',(5.175250023425,3.251705481326,9.296399999997
    ));
#1093 = CARTESIAN_POINT('',(2.905619531265,6.506026070456,9.42340000001)
  );
#1094 = CARTESIAN_POINT('',(-1.638938197725,7.956386069548,
    9.550399999981));
#1095 = CARTESIAN_POINT('',(-6.828467773604,5.924500299284,
    9.677400000025));
#1096 = CARTESIAN_POINT('',(-9.577420470205,5.343323884369E-07,
    9.804399999979));
#1097 = CARTESIAN_POINT('',(-6.828467490069,-5.924501130333,
    9.93140000001));
#1098 = CARTESIAN_POINT('',(-1.638938507806,-7.956385695943,
    10.058399999998));
#1099 = CARTESIAN_POINT('',(2.905619694682,-6.506026148585,
    10.185399999999));
#1100 = CARTESIAN_POINT('',(5.175249976622,-3.251705481326,10.3124));
#1101 = CARTESIAN_POINT('',(5.175250016642,5.235201661437E-14,10.4394));
#1102 = PCURVE('',#571,#1103);
#1103 = DEFINITIONAL_REPRESENTATION('',(#1104),#1107);
#1104 = B_SPLINE_CURVE_WITH_KNOTS('',1,(#1105,#1106),.UNSPECIFIED.,.F.,
  .F.,(2,2),(0.,51.282007826126),.PIECEWISE_BEZIER_KNOTS.);
#1105 = CARTESIAN_POINT('',(0.,0.));
#1106 = CARTESIAN_POINT('',(0.,51.282007826126));
#1107 = ( GEOMETRIC_REPRESENTATION_CONTEXT(2) 
PARAMETRIC_REPRESENTATION_CONTEXT() REPRESENTATION_CONTEXT('2D SPACE',''
  ) );
#1108 = PCURVE('',#839,#1109);
#1109 = DEFINITIONAL_REPRESENTATION('',(#1110),#1114);
#1110 = LINE('',#1111,#1112);
#1111 = CARTESIAN_POINT('',(0.535813586987,0.));
#1112 = VECTOR('',#1113,1.);
#1113 = DIRECTION('',(0.,1.));
#1114 = ( GEOMETRIC_REPRESENTATION_CONTEXT(2) 
PARAMETRIC_REPRESENTATION_CONTEXT() REPRESENTATION_CONTEXT('2D SPACE',''
  ) );
#1115 = ORIENTED_EDGE('',*,*,#1116,.T.);
#1116 = EDGE_CURVE('',#1022,#334,#1117,.T.);
#1117 = SURFACE_CURVE('',#1118,(#1121,#1128),.PCURVE_S1.);
#1118 = B_SPLINE_CURVE_WITH_KNOTS('',1,(#1119,#1120),.UNSPECIFIED.,.F.,
  .F.,(2,2),(0.,0.5588),.PIECEWISE_BEZIER_KNOTS.);
#1119 = CARTESIAN_POINT('',(5.17525,-2.097003160672E-15,0.2794));
#1120 = CARTESIAN_POINT('',(5.17525,7.726770529211E-16,-0.2794));
#1121 = PCURVE('',#571,#1122);
#1122 = DEFINITIONAL_REPRESENTATION('',(#1123),#1127);
#1123 = LINE('',#1124,#1125);
#1124 = CARTESIAN_POINT('',(0.,0.));
#1125 = VECTOR('',#1126,1.);
#1126 = DIRECTION('',(1.,0.));
#1127 = ( GEOMETRIC_REPRESENTATION_CONTEXT(2) 
PARAMETRIC_REPRESENTATION_CONTEXT() REPRESENTATION_CONTEXT('2D SPACE',''
  ) );
#1128 = PCURVE('',#741,#1129);
#1129 = DEFINITIONAL_REPRESENTATION('',(#1130),#1133);
#1130 = B_SPLINE_CURVE_WITH_KNOTS('',1,(#1131,#1132),.UNSPECIFIED.,.F.,
  .F.,(2,2),(0.,0.5588),.PIECEWISE_BEZIER_KNOTS.);
#1131 = CARTESIAN_POINT('',(0.150251403976,-0.2794));
#1132 = CARTESIAN_POINT('',(0.150251403976,0.2794));
#1133 = ( GEOMETRIC_REPRESENTATION_CONTEXT(2) 
PARAMETRIC_REPRESENTATION_CONTEXT() REPRESENTATION_CONTEXT('2D SPACE',''
  ) );
#1134 = ORIENTED_EDGE('',*,*,#333,.T.);
#1135 = ORIENTED_EDGE('',*,*,#1136,.F.);
#1136 = EDGE_CURVE('',#1137,#336,#1139,.T.);
#1137 = VERTEX_POINT('',#1138);
#1138 = CARTESIAN_POINT('',(5.17525,-2.550066399241E-15,10.16));
#1139 = SURFACE_CURVE('',#1140,(#1143,#1150),.PCURVE_S1.);
#1140 = B_SPLINE_CURVE_WITH_KNOTS('',1,(#1141,#1142),.UNSPECIFIED.,.F.,
  .F.,(2,2),(0.,0.5588),.PIECEWISE_BEZIER_KNOTS.);
#1141 = CARTESIAN_POINT('',(5.175250016642,4.891347987741E-14,10.4394));
#1142 = CARTESIAN_POINT('',(5.175249983358,-5.401361267589E-14,9.8806));
#1143 = PCURVE('',#571,#1144);
#1144 = DEFINITIONAL_REPRESENTATION('',(#1145),#1149);
#1145 = LINE('',#1146,#1147);
#1146 = CARTESIAN_POINT('',(0.,51.282007826126));
#1147 = VECTOR('',#1148,1.);
#1148 = DIRECTION('',(1.,0.));
#1149 = ( GEOMETRIC_REPRESENTATION_CONTEXT(2) 
PARAMETRIC_REPRESENTATION_CONTEXT() REPRESENTATION_CONTEXT('2D SPACE',''
  ) );
#1150 = PCURVE('',#1007,#1151);
#1151 = DEFINITIONAL_REPRESENTATION('',(#1152),#1155);
#1152 = B_SPLINE_CURVE_WITH_KNOTS('',1,(#1153,#1154),.UNSPECIFIED.,.F.,
  .F.,(2,2),(0.,0.5588),.PIECEWISE_BEZIER_KNOTS.);
#1153 = CARTESIAN_POINT('',(0.150251387334,-0.279400008949));
#1154 = CARTESIAN_POINT('',(0.150251420618,0.279399991051));
#1155 = ( GEOMETRIC_REPRESENTATION_CONTEXT(2) 
PARAMETRIC_REPRESENTATION_CONTEXT() REPRESENTATION_CONTEXT('2D SPACE',''
  ) );
#1156 = ORIENTED_EDGE('',*,*,#1157,.T.);
#1157 = EDGE_CURVE('',#1137,#1024,#1158,.T.);
#1158 = SURFACE_CURVE('',#1159,(#1192,#1228),.PCURVE_S1.);
#1159 = B_SPLINE_CURVE_WITH_KNOTS('',6,(#1160,#1161,#1162,#1163,#1164,
    #1165,#1166,#1167,#1168,#1169,#1170,#1171,#1172,#1173,#1174,#1175,
    #1176,#1177,#1178,#1179,#1180,#1181,#1182,#1183,#1184,#1185,#1186,
    #1187,#1188,#1189,#1190,#1191),.UNSPECIFIED.,.F.,.F.,(7,5,5,5,5,5,7)
  ,(0.,0.132006898469,0.298010711872,0.494004534892,0.568002550304,
    0.728000852085,1.),.UNSPECIFIED.);
#1160 = CARTESIAN_POINT('',(5.17525,-3.492470928811E-14,10.16));
#1161 = CARTESIAN_POINT('',(5.175250000366,-0.157389682458,10.16));
#1162 = CARTESIAN_POINT('',(5.169507430719,-0.314780060696,10.16));
#1163 = CARTESIAN_POINT('',(5.15802224047,-0.471908160507,10.16));
#1164 = CARTESIAN_POINT('',(5.140810101558,-0.628512447669,10.16));
#1165 = CARTESIAN_POINT('',(5.117902408458,-0.784332827941,10.16));
#1166 = CARTESIAN_POINT('',(5.053435832744,-1.133749779582,10.16));
#1167 = CARTESIAN_POINT('',(5.008592608145,-1.326742185936,10.16));
#1168 = CARTESIAN_POINT('',(4.954910935066,-1.517572245003,10.16));
#1169 = CARTESIAN_POINT('',(4.892523620538,-1.705736044608,10.16));
#1170 = CARTESIAN_POINT('',(4.821601947934,-1.890741381522,10.16));
#1171 = CARTESIAN_POINT('',(4.64879288893,-2.286239530141,10.16));
#1172 = CARTESIAN_POINT('',(4.543623991096,-2.495303163878,10.16));
#1173 = CARTESIAN_POINT('',(4.427195331334,-2.698506874105,10.16));
#1174 = CARTESIAN_POINT('',(4.299920422929,-2.895098946496,10.16));
#1175 = CARTESIAN_POINT('',(4.16227918014,-3.084368299981,10.16));
#1176 = CARTESIAN_POINT('',(3.959142453733,-3.334086587531,10.16));
#1177 = CARTESIAN_POINT('',(3.902067579979,-3.401389175498,10.16));
#1178 = CARTESIAN_POINT('',(3.84362172655,-3.467516995209,10.16));
#1179 = CARTESIAN_POINT('',(3.783835251385,-3.532435287461,10.16));
#1180 = CARTESIAN_POINT('',(3.722739676302,-3.59611034829,10.16));
#1181 = CARTESIAN_POINT('',(3.525507146298,-3.793428862753,10.16));
#1182 = CARTESIAN_POINT('',(3.384678336156,-3.922384146883,10.16));
#1183 = CARTESIAN_POINT('',(3.23821310104,-4.045044106563,10.16));
#1184 = CARTESIAN_POINT('',(3.086464683167,-4.161104255787,10.16));
#1185 = CARTESIAN_POINT('',(2.929807722486,-4.270286897338,10.16));
#1186 = CARTESIAN_POINT('',(2.494648115033,-4.545834604006,10.16));
#1187 = CARTESIAN_POINT('',(2.207601085959,-4.698736692625,10.16));
#1188 = CARTESIAN_POINT('',(1.90945931675,-4.829799967679,10.16));
#1189 = CARTESIAN_POINT('',(1.602301742656,-4.938060739557,10.16));
#1190 = CARTESIAN_POINT('',(1.288303504736,-5.022797721232,10.16));
#1191 = CARTESIAN_POINT('',(0.96974976114,-5.08357770806,10.16));
#1192 = PCURVE('',#571,#1193);
#1193 = DEFINITIONAL_REPRESENTATION('',(#1194),#1227);
#1194 = B_SPLINE_CURVE_WITH_KNOTS('',6,(#1195,#1196,#1197,#1198,#1199,
    #1200,#1201,#1202,#1203,#1204,#1205,#1206,#1207,#1208,#1209,#1210,
    #1211,#1212,#1213,#1214,#1215,#1216,#1217,#1218,#1219,#1220,#1221,
    #1222,#1223,#1224,#1225,#1226),.UNSPECIFIED.,.F.,.F.,(7,5,5,5,5,5,7)
  ,(0.,0.132006898469,0.298010711872,0.494004534892,0.568002550304,
    0.728000852085,1.),.UNSPECIFIED.);
#1195 = CARTESIAN_POINT('',(0.2794,51.282007826126));
#1196 = CARTESIAN_POINT('',(0.273252921238,51.250980804357));
#1197 = CARTESIAN_POINT('',(0.267106081512,51.219954989104));
#1198 = CARTESIAN_POINT('',(0.26095935944,51.188929767709));
#1199 = CARTESIAN_POINT('',(0.254812667953,51.157904700688));
#1200 = CARTESIAN_POINT('',(0.24866595429,51.126879521734));
#1201 = CARTESIAN_POINT('',(0.234789417208,51.056838509603));
#1202 = CARTESIAN_POINT('',(0.227059535724,51.01782238335));
#1203 = CARTESIAN_POINT('',(0.219329525235,50.978805605945));
#1204 = CARTESIAN_POINT('',(0.211599380985,50.939788153396));
#1205 = CARTESIAN_POINT('',(0.203869123784,50.90077013073));
#1206 = CARTESIAN_POINT('',(0.187011927065,50.815684412812));
#1207 = CARTESIAN_POINT('',(0.177884816434,50.76961585387));
#1208 = CARTESIAN_POINT('',(0.168757760485,50.723547570941));
#1209 = CARTESIAN_POINT('',(0.15963067349,50.6774791313));
#1210 = CARTESIAN_POINT('',(0.150503462791,50.631410067279));
#1211 = CARTESIAN_POINT('',(0.137930451946,50.567948527851));
#1212 = CARTESIAN_POINT('',(0.134484508218,50.550555327729));
#1213 = CARTESIAN_POINT('',(0.131038570196,50.53316215641));
#1214 = CARTESIAN_POINT('',(0.127592638982,50.515769019456));
#1215 = CARTESIAN_POINT('',(0.124146715402,50.498375921028));
#1216 = CARTESIAN_POINT('',(0.113250051365,50.443375644412));
#1217 = CARTESIAN_POINT('',(0.10579932603,50.405768542548));
#1218 = CARTESIAN_POINT('',(9.834863367739E-02,50.368161607161));
#1219 = CARTESIAN_POINT('',(9.089798056734E-02,50.330554869848));
#1220 = CARTESIAN_POINT('',(8.344736953676E-02,50.292948344929));
#1221 = CARTESIAN_POINT('',(6.333073702994E-02,50.191410814845));
#1222 = CARTESIAN_POINT('',(5.066416203787E-02,50.127477015842));
#1223 = CARTESIAN_POINT('',(3.799832243523E-02,50.063546928674));
#1224 = CARTESIAN_POINT('',(2.533249524141E-02,49.999616904139));
#1225 = CARTESIAN_POINT('',(1.266596284027E-02,49.935683320111));
#1226 = CARTESIAN_POINT('',(0.,49.871752610908));
#1227 = ( GEOMETRIC_REPRESENTATION_CONTEXT(2) 
PARAMETRIC_REPRESENTATION_CONTEXT() REPRESENTATION_CONTEXT('2D SPACE',''
  ) );
#1228 = PCURVE('',#1229,#1234);
#1229 = PLANE('',#1230);
#1230 = AXIS2_PLACEMENT_3D('',#1231,#1232,#1233);
#1231 = CARTESIAN_POINT('',(-3.906971807255E-16,-2.85750919801E-16,10.16
    ));
#1232 = DIRECTION('',(0.,0.,1.));
#1233 = DIRECTION('',(1.,0.,-0.));
#1234 = DEFINITIONAL_REPRESENTATION('',(#1235),#1268);
#1235 = B_SPLINE_CURVE_WITH_KNOTS('',6,(#1236,#1237,#1238,#1239,#1240,
    #1241,#1242,#1243,#1244,#1245,#1246,#1247,#1248,#1249,#1250,#1251,
    #1252,#1253,#1254,#1255,#1256,#1257,#1258,#1259,#1260,#1261,#1262,
    #1263,#1264,#1265,#1266,#1267),.UNSPECIFIED.,.F.,.F.,(7,5,5,5,5,5,7)
  ,(0.,0.132006898469,0.298010711872,0.494004534892,0.568002550304,
    0.728000852085,1.),.UNSPECIFIED.);
#1236 = CARTESIAN_POINT('',(5.17525,-3.46389583683E-14));
#1237 = CARTESIAN_POINT('',(5.175250000366,-0.157389682458));
#1238 = CARTESIAN_POINT('',(5.169507430719,-0.314780060696));
#1239 = CARTESIAN_POINT('',(5.15802224047,-0.471908160507));
#1240 = CARTESIAN_POINT('',(5.140810101558,-0.628512447669));
#1241 = CARTESIAN_POINT('',(5.117902408458,-0.784332827941));
#1242 = CARTESIAN_POINT('',(5.053435832744,-1.133749779582));
#1243 = CARTESIAN_POINT('',(5.008592608145,-1.326742185936));
#1244 = CARTESIAN_POINT('',(4.954910935066,-1.517572245003));
#1245 = CARTESIAN_POINT('',(4.892523620538,-1.705736044608));
#1246 = CARTESIAN_POINT('',(4.821601947934,-1.890741381522));
#1247 = CARTESIAN_POINT('',(4.64879288893,-2.286239530141));
#1248 = CARTESIAN_POINT('',(4.543623991096,-2.495303163878));
#1249 = CARTESIAN_POINT('',(4.427195331334,-2.698506874105));
#1250 = CARTESIAN_POINT('',(4.299920422929,-2.895098946496));
#1251 = CARTESIAN_POINT('',(4.16227918014,-3.084368299981));
#1252 = CARTESIAN_POINT('',(3.959142453733,-3.334086587531));
#1253 = CARTESIAN_POINT('',(3.902067579979,-3.401389175498));
#1254 = CARTESIAN_POINT('',(3.84362172655,-3.467516995209));
#1255 = CARTESIAN_POINT('',(3.783835251385,-3.532435287461));
#1256 = CARTESIAN_POINT('',(3.722739676302,-3.59611034829));
#1257 = CARTESIAN_POINT('',(3.525507146298,-3.793428862753));
#1258 = CARTESIAN_POINT('',(3.384678336156,-3.922384146883));
#1259 = CARTESIAN_POINT('',(3.23821310104,-4.045044106563));
#1260 = CARTESIAN_POINT('',(3.086464683167,-4.161104255787));
#1261 = CARTESIAN_POINT('',(2.929807722486,-4.270286897338));
#1262 = CARTESIAN_POINT('',(2.494648115033,-4.545834604006));
#1263 = CARTESIAN_POINT('',(2.207601085959,-4.698736692625));
#1264 = CARTESIAN_POINT('',(1.90945931675,-4.829799967679));
#1265 = CARTESIAN_POINT('',(1.602301742656,-4.938060739557));
#1266 = CARTESIAN_POINT('',(1.288303504736,-5.022797721232));
#1267 = CARTESIAN_POINT('',(0.96974976114,-5.08357770806));
#1268 = ( GEOMETRIC_REPRESENTATION_CONTEXT(2) 
PARAMETRIC_REPRESENTATION_CONTEXT() REPRESENTATION_CONTEXT('2D SPACE',''
  ) );
#1269 = ADVANCED_FACE('',(#1270),#741,.T.);
#1270 = FACE_BOUND('',#1271,.T.);
#1271 = EDGE_LOOP('',(#1272,#1273,#1292));
#1272 = ORIENTED_EDGE('',*,*,#726,.T.);
#1273 = ORIENTED_EDGE('',*,*,#1274,.T.);
#1274 = EDGE_CURVE('',#727,#1022,#1275,.T.);
#1275 = SURFACE_CURVE('',#1276,(#1279,#1285),.PCURVE_S1.);
#1276 = B_SPLINE_CURVE_WITH_KNOTS('',1,(#1277,#1278),.UNSPECIFIED.,.F.,
  .F.,(2,2),(0.,0.535813586987),.PIECEWISE_BEZIER_KNOTS.);
#1277 = CARTESIAN_POINT('',(5.63245,4.551075995716E-15,
    -1.110223024625E-16));
#1278 = CARTESIAN_POINT('',(5.17525,-1.971491693353E-15,0.2794));
#1279 = PCURVE('',#741,#1280);
#1280 = DEFINITIONAL_REPRESENTATION('',(#1281),#1284);
#1281 = B_SPLINE_CURVE_WITH_KNOTS('',1,(#1282,#1283),.UNSPECIFIED.,.F.,
  .F.,(2,2),(0.,0.535813586987),.PIECEWISE_BEZIER_KNOTS.);
#1282 = CARTESIAN_POINT('',(-0.306948596024,-9.444346450406E-16));
#1283 = CARTESIAN_POINT('',(0.150251403976,-0.2794));
#1284 = ( GEOMETRIC_REPRESENTATION_CONTEXT(2) 
PARAMETRIC_REPRESENTATION_CONTEXT() REPRESENTATION_CONTEXT('2D SPACE',''
  ) );
#1285 = PCURVE('',#839,#1286);
#1286 = DEFINITIONAL_REPRESENTATION('',(#1287),#1291);
#1287 = LINE('',#1288,#1289);
#1288 = CARTESIAN_POINT('',(0.,0.));
#1289 = VECTOR('',#1290,1.);
#1290 = DIRECTION('',(1.,0.));
#1291 = ( GEOMETRIC_REPRESENTATION_CONTEXT(2) 
PARAMETRIC_REPRESENTATION_CONTEXT() REPRESENTATION_CONTEXT('2D SPACE',''
  ) );
#1292 = ORIENTED_EDGE('',*,*,#1116,.T.);
#1293 = ADVANCED_FACE('',(#1294),#839,.F.);
#1294 = FACE_BOUND('',#1295,.F.);
#1295 = EDGE_LOOP('',(#1296,#1297,#1298,#1299));
#1296 = ORIENTED_EDGE('',*,*,#752,.F.);
#1297 = ORIENTED_EDGE('',*,*,#1274,.T.);
#1298 = ORIENTED_EDGE('',*,*,#1021,.T.);
#1299 = ORIENTED_EDGE('',*,*,#1300,.T.);
#1300 = EDGE_CURVE('',#1024,#753,#1301,.T.);
#1301 = SURFACE_CURVE('',#1302,(#1325,#1351),.PCURVE_S1.);
#1302 = B_SPLINE_CURVE_WITH_KNOTS('',6,(#1303,#1304,#1305,#1306,#1307,
    #1308,#1309,#1310,#1311,#1312,#1313,#1314,#1315,#1316,#1317,#1318,
    #1319,#1320,#1321,#1322,#1323,#1324),.UNSPECIFIED.,.F.,.F.,(7,5,5,5,
    7),(0.,0.23946980468,0.49787261941,0.772013762635,1.),
  .UNSPECIFIED.);
#1303 = CARTESIAN_POINT('',(0.96974976114,-5.08357770806,10.16));
#1304 = CARTESIAN_POINT('',(1.26560127174,-5.046489541548,10.16));
#1305 = CARTESIAN_POINT('',(1.558946646584,-4.988897645542,10.16));
#1306 = CARTESIAN_POINT('',(1.848003017348,-4.91112529707,10.16));
#1307 = CARTESIAN_POINT('',(2.131082576586,-4.813698618353,10.16));
#1308 = CARTESIAN_POINT('',(2.406584028182,-4.697309253761,10.16));
#1309 = CARTESIAN_POINT('',(2.960476609707,-4.417713916696,10.16));
#1310 = CARTESIAN_POINT('',(3.237394502776,-4.251523707169,10.16));
#1311 = CARTESIAN_POINT('',(3.501854753885,-4.065345138809,10.16));
#1312 = CARTESIAN_POINT('',(3.752161565201,-3.860468598813,10.16));
#1313 = CARTESIAN_POINT('',(3.986792280595,-3.638342891863,10.16));
#1314 = CARTESIAN_POINT('',(4.435289777524,-3.148361675242,10.16));
#1315 = CARTESIAN_POINT('',(4.647041455083,-2.878523084281,10.16));
#1316 = CARTESIAN_POINT('',(4.838071551733,-2.593010366947,10.16));
#1317 = CARTESIAN_POINT('',(5.007095344156,-2.293897709204,10.16));
#1318 = CARTESIAN_POINT('',(5.15308841144,-1.983361963011,10.16));
#1319 = CARTESIAN_POINT('',(5.376964543221,-1.397851466136,10.16));
#1320 = CARTESIAN_POINT('',(5.46218221741,-1.125675931445,10.16));
#1321 = CARTESIAN_POINT('',(5.530547077445,-0.848480251584,10.16));
#1322 = CARTESIAN_POINT('',(5.581783718264,-0.56758413972,10.16));
#1323 = CARTESIAN_POINT('',(5.615754317982,-0.284314044156,10.16));
#1324 = CARTESIAN_POINT('',(5.63245,1.063504553998E-09,10.16));
#1325 = PCURVE('',#839,#1326);
#1326 = DEFINITIONAL_REPRESENTATION('',(#1327),#1350);
#1327 = B_SPLINE_CURVE_WITH_KNOTS('',6,(#1328,#1329,#1330,#1331,#1332,
    #1333,#1334,#1335,#1336,#1337,#1338,#1339,#1340,#1341,#1342,#1343,
    #1344,#1345,#1346,#1347,#1348,#1349),.UNSPECIFIED.,.F.,.F.,(7,5,5,5,
    7),(0.,0.23946980468,0.49787261941,0.772013762635,1.),
  .UNSPECIFIED.);
#1328 = CARTESIAN_POINT('',(0.535813586987,49.871752610908));
#1329 = CARTESIAN_POINT('',(0.513526473579,49.930412040584));
#1330 = CARTESIAN_POINT('',(0.491332509637,49.988826302007));
#1331 = CARTESIAN_POINT('',(0.469231657766,50.046995493615));
#1332 = CARTESIAN_POINT('',(0.447221565912,50.104925805991));
#1333 = CARTESIAN_POINT('',(0.425300174203,50.162622660652));
#1334 = CARTESIAN_POINT('',(0.379908958864,50.282091825237));
#1335 = CARTESIAN_POINT('',(0.356452078831,50.343830067764));
#1336 = CARTESIAN_POINT('',(0.333097134851,50.405300015663));
#1337 = CARTESIAN_POINT('',(0.309841287464,50.466509142254));
#1338 = CARTESIAN_POINT('',(0.286682143963,50.527463744984));
#1339 = CARTESIAN_POINT('',(0.23915381587,50.652557764266));
#1340 = CARTESIAN_POINT('',(0.214794744425,50.716670563091));
#1341 = CARTESIAN_POINT('',(0.190543734322,50.780498945417));
#1342 = CARTESIAN_POINT('',(0.166397807911,50.844050748657));
#1343 = CARTESIAN_POINT('',(0.142354523987,50.907332398765));
#1344 = CARTESIAN_POINT('',(9.850561687212E-02,51.022742228879));
#1345 = CARTESIAN_POINT('',(7.866683350396E-02,51.074957552888));
#1346 = CARTESIAN_POINT('',(5.889850304796E-02,51.126987788943));
#1347 = CARTESIAN_POINT('',(3.919900405876E-02,51.178836769676));
#1348 = CARTESIAN_POINT('',(1.956643399688E-02,51.230509164697));
#1349 = CARTESIAN_POINT('',(0.,51.282007826126));
#1350 = ( GEOMETRIC_REPRESENTATION_CONTEXT(2) 
PARAMETRIC_REPRESENTATION_CONTEXT() REPRESENTATION_CONTEXT('2D SPACE',''
  ) );
#1351 = PCURVE('',#1229,#1352);
#1352 = DEFINITIONAL_REPRESENTATION('',(#1353),#1376);
#1353 = B_SPLINE_CURVE_WITH_KNOTS('',6,(#1354,#1355,#1356,#1357,#1358,
    #1359,#1360,#1361,#1362,#1363,#1364,#1365,#1366,#1367,#1368,#1369,
    #1370,#1371,#1372,#1373,#1374,#1375),.UNSPECIFIED.,.F.,.F.,(7,5,5,5,
    7),(0.,0.23946980468,0.49787261941,0.772013762635,1.),
  .UNSPECIFIED.);
#1354 = CARTESIAN_POINT('',(0.96974976114,-5.08357770806));
#1355 = CARTESIAN_POINT('',(1.26560127174,-5.046489541548));
#1356 = CARTESIAN_POINT('',(1.558946646584,-4.988897645542));
#1357 = CARTESIAN_POINT('',(1.848003017348,-4.91112529707));
#1358 = CARTESIAN_POINT('',(2.131082576586,-4.813698618353));
#1359 = CARTESIAN_POINT('',(2.406584028182,-4.697309253761));
#1360 = CARTESIAN_POINT('',(2.960476609707,-4.417713916696));
#1361 = CARTESIAN_POINT('',(3.237394502776,-4.251523707169));
#1362 = CARTESIAN_POINT('',(3.501854753885,-4.065345138809));
#1363 = CARTESIAN_POINT('',(3.752161565201,-3.860468598813));
#1364 = CARTESIAN_POINT('',(3.986792280595,-3.638342891863));
#1365 = CARTESIAN_POINT('',(4.435289777524,-3.148361675242));
#1366 = CARTESIAN_POINT('',(4.647041455083,-2.878523084281));
#1367 = CARTESIAN_POINT('',(4.838071551733,-2.593010366947));
#1368 = CARTESIAN_POINT('',(5.007095344156,-2.293897709204));
#1369 = CARTESIAN_POINT('',(5.15308841144,-1.983361963011));
#1370 = CARTESIAN_POINT('',(5.376964543221,-1.397851466136));
#1371 = CARTESIAN_POINT('',(5.46218221741,-1.125675931445));
#1372 = CARTESIAN_POINT('',(5.530547077445,-0.848480251584));
#1373 = CARTESIAN_POINT('',(5.581783718264,-0.56758413972));
#1374 = CARTESIAN_POINT('',(5.615754317982,-0.284314044156));
#1375 = CARTESIAN_POINT('',(5.63245,1.063504839749E-09));
#1376 = ( GEOMETRIC_REPRESENTATION_CONTEXT(2) 
PARAMETRIC_REPRESENTATION_CONTEXT() REPRESENTATION_CONTEXT('2D SPACE',''
  ) );
#1377 = ADVANCED_FACE('',(#1378),#1007,.F.);
#1378 = FACE_BOUND('',#1379,.F.);
#1379 = EDGE_LOOP('',(#1380,#1381,#1382));
#1380 = ORIENTED_EDGE('',*,*,#1136,.T.);
#1381 = ORIENTED_EDGE('',*,*,#994,.T.);
#1382 = ORIENTED_EDGE('',*,*,#1383,.T.);
#1383 = EDGE_CURVE('',#753,#1137,#1384,.T.);
#1384 = SURFACE_CURVE('',#1385,(#1389,#1395),.PCURVE_S1.);
#1385 = LINE('',#1386,#1387);
#1386 = CARTESIAN_POINT('',(2.662750701988,-5.84474293978E-09,10.16));
#1387 = VECTOR('',#1388,1.);
#1388 = DIRECTION('',(-1.,-2.326265813856E-09,0.));
#1389 = PCURVE('',#1007,#1390);
#1390 = DEFINITIONAL_REPRESENTATION('',(#1391),#1394);
#1391 = B_SPLINE_CURVE_WITH_KNOTS('',1,(#1392,#1393),.UNSPECIFIED.,.F.,
  .F.,(2,2),(-2.969699298012,-2.51249928137),.PIECEWISE_BEZIER_KNOTS.);
#1392 = CARTESIAN_POINT('',(-0.306948596024,-8.949454510798E-09));
#1393 = CARTESIAN_POINT('',(0.150251420618,-8.949454510798E-09));
#1394 = ( GEOMETRIC_REPRESENTATION_CONTEXT(2) 
PARAMETRIC_REPRESENTATION_CONTEXT() REPRESENTATION_CONTEXT('2D SPACE',''
  ) );
#1395 = PCURVE('',#1229,#1396);
#1396 = DEFINITIONAL_REPRESENTATION('',(#1397),#1400);
#1397 = B_SPLINE_CURVE_WITH_KNOTS('',1,(#1398,#1399),.UNSPECIFIED.,.F.,
  .F.,(2,2),(-2.969699298012,-2.51249928137),.PIECEWISE_BEZIER_KNOTS.);
#1398 = CARTESIAN_POINT('',(5.63245,1.063567300369E-09));
#1399 = CARTESIAN_POINT('',(5.175249983358,-1.468439903588E-15));
#1400 = ( GEOMETRIC_REPRESENTATION_CONTEXT(2) 
PARAMETRIC_REPRESENTATION_CONTEXT() REPRESENTATION_CONTEXT('2D SPACE',''
  ) );
#1401 = ADVANCED_FACE('',(#1402,#1433,#1438),#1229,.F.);
#1402 = FACE_BOUND('',#1403,.F.);
#1403 = EDGE_LOOP('',(#1404));
#1404 = ORIENTED_EDGE('',*,*,#1405,.T.);
#1405 = EDGE_CURVE('',#1406,#1406,#1408,.T.);
#1406 = VERTEX_POINT('',#1407);
#1407 = CARTESIAN_POINT('',(7.,0.,10.16));
#1408 = SURFACE_CURVE('',#1409,(#1414,#1421),.PCURVE_S1.);
#1409 = CIRCLE('',#1410,7.);
#1410 = AXIS2_PLACEMENT_3D('',#1411,#1412,#1413);
#1411 = CARTESIAN_POINT('',(0.,0.,10.16));
#1412 = DIRECTION('',(0.,0.,1.));
#1413 = DIRECTION('',(1.,0.,0.));
#1414 = PCURVE('',#1229,#1415);
#1415 = DEFINITIONAL_REPRESENTATION('',(#1416),#1420);
#1416 = CIRCLE('',#1417,7.);
#1417 = AXIS2_PLACEMENT_2D('',#1418,#1419);
#1418 = CARTESIAN_POINT('',(3.906971807255E-16,2.85750919801E-16));
#1419 = DIRECTION('',(1.,0.));
#1420 = ( GEOMETRIC_REPRESENTATION_CONTEXT(2) 
PARAMETRIC_REPRESENTATION_CONTEXT() REPRESENTATION_CONTEXT('2D SPACE',''
  ) );
#1421 = PCURVE('',#1422,#1427);
#1422 = CYLINDRICAL_SURFACE('',#1423,7.);
#1423 = AXIS2_PLACEMENT_3D('',#1424,#1425,#1426);
#1424 = CARTESIAN_POINT('',(0.,0.,10.16));
#1425 = DIRECTION('',(-0.,-0.,-1.));
#1426 = DIRECTION('',(1.,0.,0.));
#1427 = DEFINITIONAL_REPRESENTATION('',(#1428),#1432);
#1428 = LINE('',#1429,#1430);
#1429 = CARTESIAN_POINT('',(-0.,0.));
#1430 = VECTOR('',#1431,1.);
#1431 = DIRECTION('',(-1.,0.));
#1432 = ( GEOMETRIC_REPRESENTATION_CONTEXT(2) 
PARAMETRIC_REPRESENTATION_CONTEXT() REPRESENTATION_CONTEXT('2D SPACE',''
  ) );
#1433 = FACE_BOUND('',#1434,.F.);
#1434 = EDGE_LOOP('',(#1435,#1436,#1437));
#1435 = ORIENTED_EDGE('',*,*,#1300,.F.);
#1436 = ORIENTED_EDGE('',*,*,#1157,.F.);
#1437 = ORIENTED_EDGE('',*,*,#1383,.F.);
#1438 = FACE_BOUND('',#1439,.F.);
#1439 = EDGE_LOOP('',(#1440));
#1440 = ORIENTED_EDGE('',*,*,#1441,.F.);
#1441 = EDGE_CURVE('',#1442,#1442,#1444,.T.);
#1442 = VERTEX_POINT('',#1443);
#1443 = CARTESIAN_POINT('',(4.7752,0.,10.16));
#1444 = SURFACE_CURVE('',#1445,(#1450,#1457),.PCURVE_S1.);
#1445 = CIRCLE('',#1446,4.7752);
#1446 = AXIS2_PLACEMENT_3D('',#1447,#1448,#1449);
#1447 = CARTESIAN_POINT('',(0.,0.,10.16));
#1448 = DIRECTION('',(0.,0.,1.));
#1449 = DIRECTION('',(1.,0.,0.));
#1450 = PCURVE('',#1229,#1451);
#1451 = DEFINITIONAL_REPRESENTATION('',(#1452),#1456);
#1452 = CIRCLE('',#1453,4.7752);
#1453 = AXIS2_PLACEMENT_2D('',#1454,#1455);
#1454 = CARTESIAN_POINT('',(3.906971807255E-16,2.85750919801E-16));
#1455 = DIRECTION('',(1.,0.));
#1456 = ( GEOMETRIC_REPRESENTATION_CONTEXT(2) 
PARAMETRIC_REPRESENTATION_CONTEXT() REPRESENTATION_CONTEXT('2D SPACE',''
  ) );
#1457 = PCURVE('',#1458,#1463);
#1458 = CYLINDRICAL_SURFACE('',#1459,4.7752);
#1459 = AXIS2_PLACEMENT_3D('',#1460,#1461,#1462);
#1460 = CARTESIAN_POINT('',(0.,0.,0.));
#1461 = DIRECTION('',(-0.,-0.,-1.));
#1462 = DIRECTION('',(1.,0.,0.));
#1463 = DEFINITIONAL_REPRESENTATION('',(#1464),#1468);
#1464 = LINE('',#1465,#1466);
#1465 = CARTESIAN_POINT('',(-0.,-10.16));
#1466 = VECTOR('',#1467,1.);
#1467 = DIRECTION('',(-1.,0.));
#1468 = ( GEOMETRIC_REPRESENTATION_CONTEXT(2) 
PARAMETRIC_REPRESENTATION_CONTEXT() REPRESENTATION_CONTEXT('2D SPACE',''
  ) );
#1469 = ADVANCED_FACE('',(#1470),#1422,.T.);
#1470 = FACE_BOUND('',#1471,.F.);
#1471 = EDGE_LOOP('',(#1472,#1495,#1521,#1522));
#1472 = ORIENTED_EDGE('',*,*,#1473,.T.);
#1473 = EDGE_CURVE('',#1406,#1474,#1476,.T.);
#1474 = VERTEX_POINT('',#1475);
#1475 = CARTESIAN_POINT('',(7.,0.,18.16));
#1476 = SEAM_CURVE('',#1477,(#1481,#1488),.PCURVE_S1.);
#1477 = LINE('',#1478,#1479);
#1478 = CARTESIAN_POINT('',(7.,0.,10.16));
#1479 = VECTOR('',#1480,1.);
#1480 = DIRECTION('',(0.,0.,1.));
#1481 = PCURVE('',#1422,#1482);
#1482 = DEFINITIONAL_REPRESENTATION('',(#1483),#1487);
#1483 = LINE('',#1484,#1485);
#1484 = CARTESIAN_POINT('',(-0.,0.));
#1485 = VECTOR('',#1486,1.);
#1486 = DIRECTION('',(-0.,-1.));
#1487 = ( GEOMETRIC_REPRESENTATION_CONTEXT(2) 
PARAMETRIC_REPRESENTATION_CONTEXT() REPRESENTATION_CONTEXT('2D SPACE',''
  ) );
#1488 = PCURVE('',#1422,#1489);
#1489 = DEFINITIONAL_REPRESENTATION('',(#1490),#1494);
#1490 = LINE('',#1491,#1492);
#1491 = CARTESIAN_POINT('',(-6.28318530718,0.));
#1492 = VECTOR('',#1493,1.);
#1493 = DIRECTION('',(-0.,-1.));
#1494 = ( GEOMETRIC_REPRESENTATION_CONTEXT(2) 
PARAMETRIC_REPRESENTATION_CONTEXT() REPRESENTATION_CONTEXT('2D SPACE',''
  ) );
#1495 = ORIENTED_EDGE('',*,*,#1496,.T.);
#1496 = EDGE_CURVE('',#1474,#1474,#1497,.T.);
#1497 = SURFACE_CURVE('',#1498,(#1503,#1510),.PCURVE_S1.);
#1498 = CIRCLE('',#1499,7.);
#1499 = AXIS2_PLACEMENT_3D('',#1500,#1501,#1502);
#1500 = CARTESIAN_POINT('',(0.,0.,18.16));
#1501 = DIRECTION('',(0.,0.,1.));
#1502 = DIRECTION('',(1.,0.,0.));
#1503 = PCURVE('',#1422,#1504);
#1504 = DEFINITIONAL_REPRESENTATION('',(#1505),#1509);
#1505 = LINE('',#1506,#1507);
#1506 = CARTESIAN_POINT('',(-0.,-8.));
#1507 = VECTOR('',#1508,1.);
#1508 = DIRECTION('',(-1.,0.));
#1509 = ( GEOMETRIC_REPRESENTATION_CONTEXT(2) 
PARAMETRIC_REPRESENTATION_CONTEXT() REPRESENTATION_CONTEXT('2D SPACE',''
  ) );
#1510 = PCURVE('',#1511,#1516);
#1511 = CONICAL_SURFACE('',#1512,7.,1.322138203576);
#1512 = AXIS2_PLACEMENT_3D('',#1513,#1514,#1515);
#1513 = CARTESIAN_POINT('',(0.,0.,18.16));
#1514 = DIRECTION('',(0.,0.,1.));
#1515 = DIRECTION('',(1.,0.,0.));
#1516 = DEFINITIONAL_REPRESENTATION('',(#1517),#1520);
#1517 = B_SPLINE_CURVE_WITH_KNOTS('',1,(#1518,#1519),.UNSPECIFIED.,.F.,
  .F.,(2,2),(0.,6.28318530718),.PIECEWISE_BEZIER_KNOTS.);
#1518 = CARTESIAN_POINT('',(0.,0.));
#1519 = CARTESIAN_POINT('',(6.28318530718,0.));
#1520 = ( GEOMETRIC_REPRESENTATION_CONTEXT(2) 
PARAMETRIC_REPRESENTATION_CONTEXT() REPRESENTATION_CONTEXT('2D SPACE',''
  ) );
#1521 = ORIENTED_EDGE('',*,*,#1473,.F.);
#1522 = ORIENTED_EDGE('',*,*,#1405,.F.);
#1523 = ADVANCED_FACE('',(#1524),#1458,.T.);
#1524 = FACE_BOUND('',#1525,.F.);
#1525 = EDGE_LOOP('',(#1526,#1549,#1550,#1551));
#1526 = ORIENTED_EDGE('',*,*,#1527,.T.);
#1527 = EDGE_CURVE('',#1528,#1442,#1530,.T.);
#1528 = VERTEX_POINT('',#1529);
#1529 = CARTESIAN_POINT('',(4.7752,0.,0.));
#1530 = SEAM_CURVE('',#1531,(#1535,#1542),.PCURVE_S1.);
#1531 = LINE('',#1532,#1533);
#1532 = CARTESIAN_POINT('',(4.7752,0.,0.));
#1533 = VECTOR('',#1534,1.);
#1534 = DIRECTION('',(0.,0.,1.));
#1535 = PCURVE('',#1458,#1536);
#1536 = DEFINITIONAL_REPRESENTATION('',(#1537),#1541);
#1537 = LINE('',#1538,#1539);
#1538 = CARTESIAN_POINT('',(-0.,0.));
#1539 = VECTOR('',#1540,1.);
#1540 = DIRECTION('',(-0.,-1.));
#1541 = ( GEOMETRIC_REPRESENTATION_CONTEXT(2) 
PARAMETRIC_REPRESENTATION_CONTEXT() REPRESENTATION_CONTEXT('2D SPACE',''
  ) );
#1542 = PCURVE('',#1458,#1543);
#1543 = DEFINITIONAL_REPRESENTATION('',(#1544),#1548);
#1544 = LINE('',#1545,#1546);
#1545 = CARTESIAN_POINT('',(-6.28318530718,0.));
#1546 = VECTOR('',#1547,1.);
#1547 = DIRECTION('',(-0.,-1.));
#1548 = ( GEOMETRIC_REPRESENTATION_CONTEXT(2) 
PARAMETRIC_REPRESENTATION_CONTEXT() REPRESENTATION_CONTEXT('2D SPACE',''
  ) );
#1549 = ORIENTED_EDGE('',*,*,#1441,.T.);
#1550 = ORIENTED_EDGE('',*,*,#1527,.F.);
#1551 = ORIENTED_EDGE('',*,*,#1552,.F.);
#1552 = EDGE_CURVE('',#1528,#1528,#1553,.T.);
#1553 = SURFACE_CURVE('',#1554,(#1559,#1566),.PCURVE_S1.);
#1554 = CIRCLE('',#1555,4.7752);
#1555 = AXIS2_PLACEMENT_3D('',#1556,#1557,#1558);
#1556 = CARTESIAN_POINT('',(0.,0.,0.));
#1557 = DIRECTION('',(0.,0.,1.));
#1558 = DIRECTION('',(1.,0.,0.));
#1559 = PCURVE('',#1458,#1560);
#1560 = DEFINITIONAL_REPRESENTATION('',(#1561),#1565);
#1561 = LINE('',#1562,#1563);
#1562 = CARTESIAN_POINT('',(-0.,0.));
#1563 = VECTOR('',#1564,1.);
#1564 = DIRECTION('',(-1.,0.));
#1565 = ( GEOMETRIC_REPRESENTATION_CONTEXT(2) 
PARAMETRIC_REPRESENTATION_CONTEXT() REPRESENTATION_CONTEXT('2D SPACE',''
  ) );
#1566 = PCURVE('',#1567,#1572);
#1567 = PLANE('',#1568);
#1568 = AXIS2_PLACEMENT_3D('',#1569,#1570,#1571);
#1569 = CARTESIAN_POINT('',(-2.863629026092E-16,9.143178943291E-17,0.));
#1570 = DIRECTION('',(0.,0.,1.));
#1571 = DIRECTION('',(1.,0.,-0.));
#1572 = DEFINITIONAL_REPRESENTATION('',(#1573),#1577);
#1573 = CIRCLE('',#1574,4.7752);
#1574 = AXIS2_PLACEMENT_2D('',#1575,#1576);
#1575 = CARTESIAN_POINT('',(2.863629026092E-16,-9.143178943291E-17));
#1576 = DIRECTION('',(1.,0.));
#1577 = ( GEOMETRIC_REPRESENTATION_CONTEXT(2) 
PARAMETRIC_REPRESENTATION_CONTEXT() REPRESENTATION_CONTEXT('2D SPACE',''
  ) );
#1578 = ADVANCED_FACE('',(#1579),#1511,.T.);
#1579 = FACE_BOUND('',#1580,.T.);
#1580 = EDGE_LOOP('',(#1581,#1582,#1602,#1628));
#1581 = ORIENTED_EDGE('',*,*,#1496,.T.);
#1582 = ORIENTED_EDGE('',*,*,#1583,.T.);
#1583 = EDGE_CURVE('',#1474,#1584,#1586,.T.);
#1584 = VERTEX_POINT('',#1585);
#1585 = CARTESIAN_POINT('',(30.,0.,24.));
#1586 = SEAM_CURVE('',#1587,(#1590,#1596),.PCURVE_S1.);
#1587 = B_SPLINE_CURVE_WITH_KNOTS('',1,(#1588,#1589),.UNSPECIFIED.,.F.,
  .F.,(2,2),(0.,1.),.PIECEWISE_BEZIER_KNOTS.);
#1588 = CARTESIAN_POINT('',(7.,0.,18.16));
#1589 = CARTESIAN_POINT('',(30.,0.,24.));
#1590 = PCURVE('',#1511,#1591);
#1591 = DEFINITIONAL_REPRESENTATION('',(#1592),#1595);
#1592 = B_SPLINE_CURVE_WITH_KNOTS('',1,(#1593,#1594),.UNSPECIFIED.,.F.,
  .F.,(2,2),(0.,1.),.PIECEWISE_BEZIER_KNOTS.);
#1593 = CARTESIAN_POINT('',(6.28318530718,0.));
#1594 = CARTESIAN_POINT('',(6.28318530718,5.84));
#1595 = ( GEOMETRIC_REPRESENTATION_CONTEXT(2) 
PARAMETRIC_REPRESENTATION_CONTEXT() REPRESENTATION_CONTEXT('2D SPACE',''
  ) );
#1596 = PCURVE('',#1511,#1597);
#1597 = DEFINITIONAL_REPRESENTATION('',(#1598),#1601);
#1598 = B_SPLINE_CURVE_WITH_KNOTS('',1,(#1599,#1600),.UNSPECIFIED.,.F.,
  .F.,(2,2),(0.,1.),.PIECEWISE_BEZIER_KNOTS.);
#1599 = CARTESIAN_POINT('',(0.,0.));
#1600 = CARTESIAN_POINT('',(0.,5.84));
#1601 = ( GEOMETRIC_REPRESENTATION_CONTEXT(2) 
PARAMETRIC_REPRESENTATION_CONTEXT() REPRESENTATION_CONTEXT('2D SPACE',''
  ) );
#1602 = ORIENTED_EDGE('',*,*,#1603,.F.);
#1603 = EDGE_CURVE('',#1584,#1584,#1604,.T.);
#1604 = SURFACE_CURVE('',#1605,(#1610,#1617),.PCURVE_S1.);
#1605 = CIRCLE('',#1606,30.);
#1606 = AXIS2_PLACEMENT_3D('',#1607,#1608,#1609);
#1607 = CARTESIAN_POINT('',(0.,0.,24.));
#1608 = DIRECTION('',(0.,0.,1.));
#1609 = DIRECTION('',(1.,0.,0.));
#1610 = PCURVE('',#1511,#1611);
#1611 = DEFINITIONAL_REPRESENTATION('',(#1612),#1616);
#1612 = LINE('',#1613,#1614);
#1613 = CARTESIAN_POINT('',(0.,5.84));
#1614 = VECTOR('',#1615,1.);
#1615 = DIRECTION('',(1.,0.));
#1616 = ( GEOMETRIC_REPRESENTATION_CONTEXT(2) 
PARAMETRIC_REPRESENTATION_CONTEXT() REPRESENTATION_CONTEXT('2D SPACE',''
  ) );
#1617 = PCURVE('',#1618,#1623);
#1618 = CYLINDRICAL_SURFACE('',#1619,30.);
#1619 = AXIS2_PLACEMENT_3D('',#1620,#1621,#1622);
#1620 = CARTESIAN_POINT('',(0.,0.,24.));
#1621 = DIRECTION('',(-0.,-0.,-1.));
#1622 = DIRECTION('',(1.,0.,0.));
#1623 = DEFINITIONAL_REPRESENTATION('',(#1624),#1627);
#1624 = B_SPLINE_CURVE_WITH_KNOTS('',1,(#1625,#1626),.UNSPECIFIED.,.F.,
  .F.,(2,2),(0.,6.28318530718),.PIECEWISE_BEZIER_KNOTS.);
#1625 = CARTESIAN_POINT('',(0.,0.));
#1626 = CARTESIAN_POINT('',(-6.28318530718,0.));
#1627 = ( GEOMETRIC_REPRESENTATION_CONTEXT(2) 
PARAMETRIC_REPRESENTATION_CONTEXT() REPRESENTATION_CONTEXT('2D SPACE',''
  ) );
#1628 = ORIENTED_EDGE('',*,*,#1583,.F.);
#1629 = ADVANCED_FACE('',(#1630,#1633),#1567,.F.);
#1630 = FACE_BOUND('',#1631,.F.);
#1631 = EDGE_LOOP('',(#1632));
#1632 = ORIENTED_EDGE('',*,*,#1552,.T.);
#1633 = FACE_BOUND('',#1634,.F.);
#1634 = EDGE_LOOP('',(#1635));
#1635 = ORIENTED_EDGE('',*,*,#1636,.F.);
#1636 = EDGE_CURVE('',#1637,#1637,#1639,.T.);
#1637 = VERTEX_POINT('',#1638);
#1638 = CARTESIAN_POINT('',(2.2,0.,0.));
#1639 = SURFACE_CURVE('',#1640,(#1645,#1652),.PCURVE_S1.);
#1640 = CIRCLE('',#1641,2.2);
#1641 = AXIS2_PLACEMENT_3D('',#1642,#1643,#1644);
#1642 = CARTESIAN_POINT('',(0.,0.,0.));
#1643 = DIRECTION('',(0.,0.,1.));
#1644 = DIRECTION('',(1.,0.,0.));
#1645 = PCURVE('',#1567,#1646);
#1646 = DEFINITIONAL_REPRESENTATION('',(#1647),#1651);
#1647 = CIRCLE('',#1648,2.2);
#1648 = AXIS2_PLACEMENT_2D('',#1649,#1650);
#1649 = CARTESIAN_POINT('',(2.863629026092E-16,-9.143178943291E-17));
#1650 = DIRECTION('',(1.,0.));
#1651 = ( GEOMETRIC_REPRESENTATION_CONTEXT(2) 
PARAMETRIC_REPRESENTATION_CONTEXT() REPRESENTATION_CONTEXT('2D SPACE',''
  ) );
#1652 = PCURVE('',#1653,#1658);
#1653 = CYLINDRICAL_SURFACE('',#1654,2.2);
#1654 = AXIS2_PLACEMENT_3D('',#1655,#1656,#1657);
#1655 = CARTESIAN_POINT('',(0.,0.,0.));
#1656 = DIRECTION('',(-0.,-0.,-1.));
#1657 = DIRECTION('',(1.,0.,0.));
#1658 = DEFINITIONAL_REPRESENTATION('',(#1659),#1663);
#1659 = LINE('',#1660,#1661);
#1660 = CARTESIAN_POINT('',(-0.,0.));
#1661 = VECTOR('',#1662,1.);
#1662 = DIRECTION('',(-1.,0.));
#1663 = ( GEOMETRIC_REPRESENTATION_CONTEXT(2) 
PARAMETRIC_REPRESENTATION_CONTEXT() REPRESENTATION_CONTEXT('2D SPACE',''
  ) );
#1664 = ADVANCED_FACE('',(#1665),#1618,.T.);
#1665 = FACE_BOUND('',#1666,.F.);
#1666 = EDGE_LOOP('',(#1667,#1690,#1717,#1718));
#1667 = ORIENTED_EDGE('',*,*,#1668,.T.);
#1668 = EDGE_CURVE('',#1584,#1669,#1671,.T.);
#1669 = VERTEX_POINT('',#1670);
#1670 = CARTESIAN_POINT('',(30.,0.,30.));
#1671 = SEAM_CURVE('',#1672,(#1676,#1683),.PCURVE_S1.);
#1672 = LINE('',#1673,#1674);
#1673 = CARTESIAN_POINT('',(30.,0.,24.));
#1674 = VECTOR('',#1675,1.);
#1675 = DIRECTION('',(0.,0.,1.));
#1676 = PCURVE('',#1618,#1677);
#1677 = DEFINITIONAL_REPRESENTATION('',(#1678),#1682);
#1678 = LINE('',#1679,#1680);
#1679 = CARTESIAN_POINT('',(-0.,0.));
#1680 = VECTOR('',#1681,1.);
#1681 = DIRECTION('',(-0.,-1.));
#1682 = ( GEOMETRIC_REPRESENTATION_CONTEXT(2) 
PARAMETRIC_REPRESENTATION_CONTEXT() REPRESENTATION_CONTEXT('2D SPACE',''
  ) );
#1683 = PCURVE('',#1618,#1684);
#1684 = DEFINITIONAL_REPRESENTATION('',(#1685),#1689);
#1685 = LINE('',#1686,#1687);
#1686 = CARTESIAN_POINT('',(-6.28318530718,0.));
#1687 = VECTOR('',#1688,1.);
#1688 = DIRECTION('',(-0.,-1.));
#1689 = ( GEOMETRIC_REPRESENTATION_CONTEXT(2) 
PARAMETRIC_REPRESENTATION_CONTEXT() REPRESENTATION_CONTEXT('2D SPACE',''
  ) );
#1690 = ORIENTED_EDGE('',*,*,#1691,.T.);
#1691 = EDGE_CURVE('',#1669,#1669,#1692,.T.);
#1692 = SURFACE_CURVE('',#1693,(#1698,#1705),.PCURVE_S1.);
#1693 = CIRCLE('',#1694,30.);
#1694 = AXIS2_PLACEMENT_3D('',#1695,#1696,#1697);
#1695 = CARTESIAN_POINT('',(0.,0.,30.));
#1696 = DIRECTION('',(0.,0.,1.));
#1697 = DIRECTION('',(1.,0.,0.));
#1698 = PCURVE('',#1618,#1699);
#1699 = DEFINITIONAL_REPRESENTATION('',(#1700),#1704);
#1700 = LINE('',#1701,#1702);
#1701 = CARTESIAN_POINT('',(-0.,-6.));
#1702 = VECTOR('',#1703,1.);
#1703 = DIRECTION('',(-1.,0.));
#1704 = ( GEOMETRIC_REPRESENTATION_CONTEXT(2) 
PARAMETRIC_REPRESENTATION_CONTEXT() REPRESENTATION_CONTEXT('2D SPACE',''
  ) );
#1705 = PCURVE('',#1706,#1711);
#1706 = PLANE('',#1707);
#1707 = AXIS2_PLACEMENT_3D('',#1708,#1709,#1710);
#1708 = CARTESIAN_POINT('',(-1.458602808042E-15,2.339560088947E-16,30.)
  );
#1709 = DIRECTION('',(0.,0.,1.));
#1710 = DIRECTION('',(1.,0.,-0.));
#1711 = DEFINITIONAL_REPRESENTATION('',(#1712),#1716);
#1712 = CIRCLE('',#1713,30.);
#1713 = AXIS2_PLACEMENT_2D('',#1714,#1715);
#1714 = CARTESIAN_POINT('',(1.458602808042E-15,-2.339560088947E-16));
#1715 = DIRECTION('',(1.,0.));
#1716 = ( GEOMETRIC_REPRESENTATION_CONTEXT(2) 
PARAMETRIC_REPRESENTATION_CONTEXT() REPRESENTATION_CONTEXT('2D SPACE',''
  ) );
#1717 = ORIENTED_EDGE('',*,*,#1668,.F.);
#1718 = ORIENTED_EDGE('',*,*,#1603,.F.);
#1719 = ADVANCED_FACE('',(#1720),#1653,.F.);
#1720 = FACE_BOUND('',#1721,.T.);
#1721 = EDGE_LOOP('',(#1722,#1745,#1772,#1773));
#1722 = ORIENTED_EDGE('',*,*,#1723,.T.);
#1723 = EDGE_CURVE('',#1637,#1724,#1726,.T.);
#1724 = VERTEX_POINT('',#1725);
#1725 = CARTESIAN_POINT('',(2.2,0.,42.));
#1726 = SEAM_CURVE('',#1727,(#1731,#1738),.PCURVE_S1.);
#1727 = LINE('',#1728,#1729);
#1728 = CARTESIAN_POINT('',(2.2,0.,0.));
#1729 = VECTOR('',#1730,1.);
#1730 = DIRECTION('',(0.,0.,1.));
#1731 = PCURVE('',#1653,#1732);
#1732 = DEFINITIONAL_REPRESENTATION('',(#1733),#1737);
#1733 = LINE('',#1734,#1735);
#1734 = CARTESIAN_POINT('',(-0.,0.));
#1735 = VECTOR('',#1736,1.);
#1736 = DIRECTION('',(-0.,-1.));
#1737 = ( GEOMETRIC_REPRESENTATION_CONTEXT(2) 
PARAMETRIC_REPRESENTATION_CONTEXT() REPRESENTATION_CONTEXT('2D SPACE',''
  ) );
#1738 = PCURVE('',#1653,#1739);
#1739 = DEFINITIONAL_REPRESENTATION('',(#1740),#1744);
#1740 = LINE('',#1741,#1742);
#1741 = CARTESIAN_POINT('',(-6.28318530718,0.));
#1742 = VECTOR('',#1743,1.);
#1743 = DIRECTION('',(-0.,-1.));
#1744 = ( GEOMETRIC_REPRESENTATION_CONTEXT(2) 
PARAMETRIC_REPRESENTATION_CONTEXT() REPRESENTATION_CONTEXT('2D SPACE',''
  ) );
#1745 = ORIENTED_EDGE('',*,*,#1746,.T.);
#1746 = EDGE_CURVE('',#1724,#1724,#1747,.T.);
#1747 = SURFACE_CURVE('',#1748,(#1753,#1760),.PCURVE_S1.);
#1748 = CIRCLE('',#1749,2.2);
#1749 = AXIS2_PLACEMENT_3D('',#1750,#1751,#1752);
#1750 = CARTESIAN_POINT('',(0.,0.,42.));
#1751 = DIRECTION('',(0.,0.,1.));
#1752 = DIRECTION('',(1.,0.,0.));
#1753 = PCURVE('',#1653,#1754);
#1754 = DEFINITIONAL_REPRESENTATION('',(#1755),#1759);
#1755 = LINE('',#1756,#1757);
#1756 = CARTESIAN_POINT('',(-0.,-42.));
#1757 = VECTOR('',#1758,1.);
#1758 = DIRECTION('',(-1.,0.));
#1759 = ( GEOMETRIC_REPRESENTATION_CONTEXT(2) 
PARAMETRIC_REPRESENTATION_CONTEXT() REPRESENTATION_CONTEXT('2D SPACE',''
  ) );
#1760 = PCURVE('',#1761,#1766);
#1761 = PLANE('',#1762);
#1762 = AXIS2_PLACEMENT_3D('',#1763,#1764,#1765);
#1763 = CARTESIAN_POINT('',(-2.673610035108E-15,7.802373927695E-16,42.)
  );
#1764 = DIRECTION('',(0.,0.,1.));
#1765 = DIRECTION('',(1.,0.,-0.));
#1766 = DEFINITIONAL_REPRESENTATION('',(#1767),#1771);
#1767 = CIRCLE('',#1768,2.2);
#1768 = AXIS2_PLACEMENT_2D('',#1769,#1770);
#1769 = CARTESIAN_POINT('',(2.673610035108E-15,-7.802373927695E-16));
#1770 = DIRECTION('',(1.,0.));
#1771 = ( GEOMETRIC_REPRESENTATION_CONTEXT(2) 
PARAMETRIC_REPRESENTATION_CONTEXT() REPRESENTATION_CONTEXT('2D SPACE',''
  ) );
#1772 = ORIENTED_EDGE('',*,*,#1723,.F.);
#1773 = ORIENTED_EDGE('',*,*,#1636,.F.);
#1774 = ADVANCED_FACE('',(#1775,#1778),#1706,.T.);
#1775 = FACE_BOUND('',#1776,.T.);
#1776 = EDGE_LOOP('',(#1777));
#1777 = ORIENTED_EDGE('',*,*,#1691,.T.);
#1778 = FACE_BOUND('',#1779,.T.);
#1779 = EDGE_LOOP('',(#1780));
#1780 = ORIENTED_EDGE('',*,*,#1781,.F.);
#1781 = EDGE_CURVE('',#1782,#1782,#1784,.T.);
#1782 = VERTEX_POINT('',#1783);
#1783 = CARTESIAN_POINT('',(24.55,0.,30.));
#1784 = SURFACE_CURVE('',#1785,(#1790,#1797),.PCURVE_S1.);
#1785 = CIRCLE('',#1786,24.55);
#1786 = AXIS2_PLACEMENT_3D('',#1787,#1788,#1789);
#1787 = CARTESIAN_POINT('',(0.,0.,30.));
#1788 = DIRECTION('',(0.,0.,1.));
#1789 = DIRECTION('',(1.,0.,0.));
#1790 = PCURVE('',#1706,#1791);
#1791 = DEFINITIONAL_REPRESENTATION('',(#1792),#1796);
#1792 = CIRCLE('',#1793,24.55);
#1793 = AXIS2_PLACEMENT_2D('',#1794,#1795);
#1794 = CARTESIAN_POINT('',(1.458602808042E-15,-2.339560088947E-16));
#1795 = DIRECTION('',(1.,0.));
#1796 = ( GEOMETRIC_REPRESENTATION_CONTEXT(2) 
PARAMETRIC_REPRESENTATION_CONTEXT() REPRESENTATION_CONTEXT('2D SPACE',''
  ) );
#1797 = PCURVE('',#1798,#1803);
#1798 = CYLINDRICAL_SURFACE('',#1799,24.55);
#1799 = AXIS2_PLACEMENT_3D('',#1800,#1801,#1802);
#1800 = CARTESIAN_POINT('',(0.,0.,30.));
#1801 = DIRECTION('',(-0.,-0.,-1.));
#1802 = DIRECTION('',(1.,0.,0.));
#1803 = DEFINITIONAL_REPRESENTATION('',(#1804),#1808);
#1804 = LINE('',#1805,#1806);
#1805 = CARTESIAN_POINT('',(-0.,0.));
#1806 = VECTOR('',#1807,1.);
#1807 = DIRECTION('',(-1.,0.));
#1808 = ( GEOMETRIC_REPRESENTATION_CONTEXT(2) 
PARAMETRIC_REPRESENTATION_CONTEXT() REPRESENTATION_CONTEXT('2D SPACE',''
  ) );
#1809 = ADVANCED_FACE('',(#1810,#1841),#1761,.T.);
#1810 = FACE_BOUND('',#1811,.T.);
#1811 = EDGE_LOOP('',(#1812));
#1812 = ORIENTED_EDGE('',*,*,#1813,.T.);
#1813 = EDGE_CURVE('',#1814,#1814,#1816,.T.);
#1814 = VERTEX_POINT('',#1815);
#1815 = CARTESIAN_POINT('',(24.55,0.,42.));
#1816 = SURFACE_CURVE('',#1817,(#1822,#1829),.PCURVE_S1.);
#1817 = CIRCLE('',#1818,24.55);
#1818 = AXIS2_PLACEMENT_3D('',#1819,#1820,#1821);
#1819 = CARTESIAN_POINT('',(0.,0.,42.));
#1820 = DIRECTION('',(0.,0.,1.));
#1821 = DIRECTION('',(1.,0.,0.));
#1822 = PCURVE('',#1761,#1823);
#1823 = DEFINITIONAL_REPRESENTATION('',(#1824),#1828);
#1824 = CIRCLE('',#1825,24.55);
#1825 = AXIS2_PLACEMENT_2D('',#1826,#1827);
#1826 = CARTESIAN_POINT('',(2.673610035108E-15,-7.802373927695E-16));
#1827 = DIRECTION('',(1.,0.));
#1828 = ( GEOMETRIC_REPRESENTATION_CONTEXT(2) 
PARAMETRIC_REPRESENTATION_CONTEXT() REPRESENTATION_CONTEXT('2D SPACE',''
  ) );
#1829 = PCURVE('',#1830,#1835);
#1830 = CYLINDRICAL_SURFACE('',#1831,24.55);
#1831 = AXIS2_PLACEMENT_3D('',#1832,#1833,#1834);
#1832 = CARTESIAN_POINT('',(0.,0.,30.));
#1833 = DIRECTION('',(-0.,-0.,-1.));
#1834 = DIRECTION('',(1.,0.,0.));
#1835 = DEFINITIONAL_REPRESENTATION('',(#1836),#1840);
#1836 = LINE('',#1837,#1838);
#1837 = CARTESIAN_POINT('',(-0.,-12.));
#1838 = VECTOR('',#1839,1.);
#1839 = DIRECTION('',(-1.,0.));
#1840 = ( GEOMETRIC_REPRESENTATION_CONTEXT(2) 
PARAMETRIC_REPRESENTATION_CONTEXT() REPRESENTATION_CONTEXT('2D SPACE',''
  ) );
#1841 = FACE_BOUND('',#1842,.T.);
#1842 = EDGE_LOOP('',(#1843));
#1843 = ORIENTED_EDGE('',*,*,#1746,.F.);
#1844 = ADVANCED_FACE('',(#1845),#1798,.T.);
#1845 = FACE_BOUND('',#1846,.F.);
#1846 = EDGE_LOOP('',(#1847,#1848,#1871,#1902));
#1847 = ORIENTED_EDGE('',*,*,#1781,.F.);
#1848 = ORIENTED_EDGE('',*,*,#1849,.T.);
#1849 = EDGE_CURVE('',#1782,#1850,#1852,.T.);
#1850 = VERTEX_POINT('',#1851);
#1851 = CARTESIAN_POINT('',(24.55,0.,33.));
#1852 = SEAM_CURVE('',#1853,(#1857,#1864),.PCURVE_S1.);
#1853 = LINE('',#1854,#1855);
#1854 = CARTESIAN_POINT('',(24.55,0.,30.));
#1855 = VECTOR('',#1856,1.);
#1856 = DIRECTION('',(0.,0.,1.));
#1857 = PCURVE('',#1798,#1858);
#1858 = DEFINITIONAL_REPRESENTATION('',(#1859),#1863);
#1859 = LINE('',#1860,#1861);
#1860 = CARTESIAN_POINT('',(-6.28318530718,0.));
#1861 = VECTOR('',#1862,1.);
#1862 = DIRECTION('',(-0.,-1.));
#1863 = ( GEOMETRIC_REPRESENTATION_CONTEXT(2) 
PARAMETRIC_REPRESENTATION_CONTEXT() REPRESENTATION_CONTEXT('2D SPACE',''
  ) );
#1864 = PCURVE('',#1798,#1865);
#1865 = DEFINITIONAL_REPRESENTATION('',(#1866),#1870);
#1866 = LINE('',#1867,#1868);
#1867 = CARTESIAN_POINT('',(-0.,0.));
#1868 = VECTOR('',#1869,1.);
#1869 = DIRECTION('',(-0.,-1.));
#1870 = ( GEOMETRIC_REPRESENTATION_CONTEXT(2) 
PARAMETRIC_REPRESENTATION_CONTEXT() REPRESENTATION_CONTEXT('2D SPACE',''
  ) );
#1871 = ORIENTED_EDGE('',*,*,#1872,.F.);
#1872 = EDGE_CURVE('',#1850,#1850,#1873,.T.);
#1873 = SURFACE_CURVE('',#1874,(#1879,#1886),.PCURVE_S1.);
#1874 = CIRCLE('',#1875,24.55);
#1875 = AXIS2_PLACEMENT_3D('',#1876,#1877,#1878);
#1876 = CARTESIAN_POINT('',(0.,0.,33.));
#1877 = DIRECTION('',(0.,0.,-1.));
#1878 = DIRECTION('',(1.,0.,0.));
#1879 = PCURVE('',#1798,#1880);
#1880 = DEFINITIONAL_REPRESENTATION('',(#1881),#1885);
#1881 = LINE('',#1882,#1883);
#1882 = CARTESIAN_POINT('',(-6.28318530718,-3.));
#1883 = VECTOR('',#1884,1.);
#1884 = DIRECTION('',(1.,-0.));
#1885 = ( GEOMETRIC_REPRESENTATION_CONTEXT(2) 
PARAMETRIC_REPRESENTATION_CONTEXT() REPRESENTATION_CONTEXT('2D SPACE',''
  ) );
#1886 = PCURVE('',#1887,#1892);
#1887 = PLANE('',#1888);
#1888 = AXIS2_PLACEMENT_3D('',#1889,#1890,#1891);
#1889 = CARTESIAN_POINT('',(-8.82219440348E-16,-1.301552469471E-16,33.)
  );
#1890 = DIRECTION('',(0.,0.,1.));
#1891 = DIRECTION('',(1.,0.,-0.));
#1892 = DEFINITIONAL_REPRESENTATION('',(#1893),#1901);
#1893 = ( BOUNDED_CURVE() B_SPLINE_CURVE(2,(#1894,#1895,#1896,#1897,
#1898,#1899,#1900),.UNSPECIFIED.,.T.,.F.) B_SPLINE_CURVE_WITH_KNOTS((1,2
    ,2,2,2,1),(-2.094395102393,0.,2.094395102393,4.188790204786,
6.28318530718,8.377580409573),.UNSPECIFIED.) CURVE() 
GEOMETRIC_REPRESENTATION_ITEM() RATIONAL_B_SPLINE_CURVE((1.,0.5,1.,0.5,
1.,0.5,1.)) REPRESENTATION_ITEM('') );
#1894 = CARTESIAN_POINT('',(24.55,1.301552469471E-16));
#1895 = CARTESIAN_POINT('',(24.55,-42.52184732581));
#1896 = CARTESIAN_POINT('',(-12.275,-21.2609236629));
#1897 = CARTESIAN_POINT('',(-49.1,-5.882860536866E-15));
#1898 = CARTESIAN_POINT('',(-12.275,21.260923662908));
#1899 = CARTESIAN_POINT('',(24.55,42.521847325816));
#1900 = CARTESIAN_POINT('',(24.55,1.301552469471E-16));
#1901 = ( GEOMETRIC_REPRESENTATION_CONTEXT(2) 
PARAMETRIC_REPRESENTATION_CONTEXT() REPRESENTATION_CONTEXT('2D SPACE',''
  ) );
#1902 = ORIENTED_EDGE('',*,*,#1849,.F.);
#1903 = ADVANCED_FACE('',(#1904),#1830,.T.);
#1904 = FACE_BOUND('',#1905,.F.);
#1905 = EDGE_LOOP('',(#1906,#1939,#1960,#1961));
#1906 = ORIENTED_EDGE('',*,*,#1907,.T.);
#1907 = EDGE_CURVE('',#1908,#1908,#1910,.T.);
#1908 = VERTEX_POINT('',#1909);
#1909 = CARTESIAN_POINT('',(24.55,0.,40.));
#1910 = SURFACE_CURVE('',#1911,(#1916,#1923),.PCURVE_S1.);
#1911 = CIRCLE('',#1912,24.55);
#1912 = AXIS2_PLACEMENT_3D('',#1913,#1914,#1915);
#1913 = CARTESIAN_POINT('',(0.,0.,40.));
#1914 = DIRECTION('',(0.,0.,-1.));
#1915 = DIRECTION('',(1.,0.,0.));
#1916 = PCURVE('',#1830,#1917);
#1917 = DEFINITIONAL_REPRESENTATION('',(#1918),#1922);
#1918 = LINE('',#1919,#1920);
#1919 = CARTESIAN_POINT('',(-6.28318530718,-10.));
#1920 = VECTOR('',#1921,1.);
#1921 = DIRECTION('',(1.,-0.));
#1922 = ( GEOMETRIC_REPRESENTATION_CONTEXT(2) 
PARAMETRIC_REPRESENTATION_CONTEXT() REPRESENTATION_CONTEXT('2D SPACE',''
  ) );
#1923 = PCURVE('',#1924,#1929);
#1924 = PLANE('',#1925);
#1925 = AXIS2_PLACEMENT_3D('',#1926,#1927,#1928);
#1926 = CARTESIAN_POINT('',(-8.82219440348E-16,-1.301552469471E-16,40.)
  );
#1927 = DIRECTION('',(0.,0.,1.));
#1928 = DIRECTION('',(1.,0.,-0.));
#1929 = DEFINITIONAL_REPRESENTATION('',(#1930),#1938);
#1930 = ( BOUNDED_CURVE() B_SPLINE_CURVE(2,(#1931,#1932,#1933,#1934,
#1935,#1936,#1937),.UNSPECIFIED.,.T.,.F.) B_SPLINE_CURVE_WITH_KNOTS((1,2
    ,2,2,2,1),(-2.094395102393,0.,2.094395102393,4.188790204786,
6.28318530718,8.377580409573),.UNSPECIFIED.) CURVE() 
GEOMETRIC_REPRESENTATION_ITEM() RATIONAL_B_SPLINE_CURVE((1.,0.5,1.,0.5,
1.,0.5,1.)) REPRESENTATION_ITEM('') );
#1931 = CARTESIAN_POINT('',(24.55,1.301552469471E-16));
#1932 = CARTESIAN_POINT('',(24.55,-42.52184732581));
#1933 = CARTESIAN_POINT('',(-12.275,-21.2609236629));
#1934 = CARTESIAN_POINT('',(-49.1,-5.882860536866E-15));
#1935 = CARTESIAN_POINT('',(-12.275,21.260923662908));
#1936 = CARTESIAN_POINT('',(24.55,42.521847325816));
#1937 = CARTESIAN_POINT('',(24.55,1.301552469471E-16));
#1938 = ( GEOMETRIC_REPRESENTATION_CONTEXT(2) 
PARAMETRIC_REPRESENTATION_CONTEXT() REPRESENTATION_CONTEXT('2D SPACE',''
  ) );
#1939 = ORIENTED_EDGE('',*,*,#1940,.T.);
#1940 = EDGE_CURVE('',#1908,#1814,#1941,.T.);
#1941 = SEAM_CURVE('',#1942,(#1946,#1953),.PCURVE_S1.);
#1942 = LINE('',#1943,#1944);
#1943 = CARTESIAN_POINT('',(24.55,0.,30.));
#1944 = VECTOR('',#1945,1.);
#1945 = DIRECTION('',(0.,0.,1.));
#1946 = PCURVE('',#1830,#1947);
#1947 = DEFINITIONAL_REPRESENTATION('',(#1948),#1952);
#1948 = LINE('',#1949,#1950);
#1949 = CARTESIAN_POINT('',(-6.28318530718,0.));
#1950 = VECTOR('',#1951,1.);
#1951 = DIRECTION('',(-0.,-1.));
#1952 = ( GEOMETRIC_REPRESENTATION_CONTEXT(2) 
PARAMETRIC_REPRESENTATION_CONTEXT() REPRESENTATION_CONTEXT('2D SPACE',''
  ) );
#1953 = PCURVE('',#1830,#1954);
#1954 = DEFINITIONAL_REPRESENTATION('',(#1955),#1959);
#1955 = LINE('',#1956,#1957);
#1956 = CARTESIAN_POINT('',(-0.,0.));
#1957 = VECTOR('',#1958,1.);
#1958 = DIRECTION('',(-0.,-1.));
#1959 = ( GEOMETRIC_REPRESENTATION_CONTEXT(2) 
PARAMETRIC_REPRESENTATION_CONTEXT() REPRESENTATION_CONTEXT('2D SPACE',''
  ) );
#1960 = ORIENTED_EDGE('',*,*,#1813,.T.);
#1961 = ORIENTED_EDGE('',*,*,#1940,.F.);
#1962 = ADVANCED_FACE('',(#1963,#1966),#1887,.T.);
#1963 = FACE_BOUND('',#1964,.T.);
#1964 = EDGE_LOOP('',(#1965));
#1965 = ORIENTED_EDGE('',*,*,#1872,.F.);
#1966 = FACE_BOUND('',#1967,.T.);
#1967 = EDGE_LOOP('',(#1968));
#1968 = ORIENTED_EDGE('',*,*,#1969,.F.);
#1969 = EDGE_CURVE('',#1970,#1970,#1972,.T.);
#1970 = VERTEX_POINT('',#1971);
#1971 = CARTESIAN_POINT('',(23.75,5.730183352904E-16,33.));
#1972 = SURFACE_CURVE('',#1973,(#1978,#1985),.PCURVE_S1.);
#1973 = CIRCLE('',#1974,23.75);
#1974 = AXIS2_PLACEMENT_3D('',#1975,#1976,#1977);
#1975 = CARTESIAN_POINT('',(1.174687587345E-13,5.730183352904E-16,33.));
#1976 = DIRECTION('',(0.,0.,1.));
#1977 = DIRECTION('',(1.,0.,0.));
#1978 = PCURVE('',#1887,#1979);
#1979 = DEFINITIONAL_REPRESENTATION('',(#1980),#1984);
#1980 = CIRCLE('',#1981,23.75);
#1981 = AXIS2_PLACEMENT_2D('',#1982,#1983);
#1982 = CARTESIAN_POINT('',(1.183509781749E-13,7.031735822375E-16));
#1983 = DIRECTION('',(1.,0.));
#1984 = ( GEOMETRIC_REPRESENTATION_CONTEXT(2) 
PARAMETRIC_REPRESENTATION_CONTEXT() REPRESENTATION_CONTEXT('2D SPACE',''
  ) );
#1985 = PCURVE('',#1986,#1991);
#1986 = CYLINDRICAL_SURFACE('',#1987,23.75);
#1987 = AXIS2_PLACEMENT_3D('',#1988,#1989,#1990);
#1988 = CARTESIAN_POINT('',(1.174687587345E-13,5.730183352904E-16,33.));
#1989 = DIRECTION('',(-0.,-0.,-1.));
#1990 = DIRECTION('',(1.,0.,0.));
#1991 = DEFINITIONAL_REPRESENTATION('',(#1992),#1996);
#1992 = LINE('',#1993,#1994);
#1993 = CARTESIAN_POINT('',(-0.,0.));
#1994 = VECTOR('',#1995,1.);
#1995 = DIRECTION('',(-1.,0.));
#1996 = ( GEOMETRIC_REPRESENTATION_CONTEXT(2) 
PARAMETRIC_REPRESENTATION_CONTEXT() REPRESENTATION_CONTEXT('2D SPACE',''
  ) );
#1997 = ADVANCED_FACE('',(#1998,#2001),#1924,.F.);
#1998 = FACE_BOUND('',#1999,.F.);
#1999 = EDGE_LOOP('',(#2000));
#2000 = ORIENTED_EDGE('',*,*,#1907,.F.);
#2001 = FACE_BOUND('',#2002,.F.);
#2002 = EDGE_LOOP('',(#2003));
#2003 = ORIENTED_EDGE('',*,*,#2004,.F.);
#2004 = EDGE_CURVE('',#2005,#2005,#2007,.T.);
#2005 = VERTEX_POINT('',#2006);
#2006 = CARTESIAN_POINT('',(23.75,5.730183352904E-16,40.));
#2007 = SURFACE_CURVE('',#2008,(#2013,#2020),.PCURVE_S1.);
#2008 = CIRCLE('',#2009,23.75);
#2009 = AXIS2_PLACEMENT_3D('',#2010,#2011,#2012);
#2010 = CARTESIAN_POINT('',(1.174687587345E-13,5.730183352904E-16,40.));
#2011 = DIRECTION('',(0.,0.,1.));
#2012 = DIRECTION('',(1.,0.,0.));
#2013 = PCURVE('',#1924,#2014);
#2014 = DEFINITIONAL_REPRESENTATION('',(#2015),#2019);
#2015 = CIRCLE('',#2016,23.75);
#2016 = AXIS2_PLACEMENT_2D('',#2017,#2018);
#2017 = CARTESIAN_POINT('',(1.183509781749E-13,7.031735822375E-16));
#2018 = DIRECTION('',(1.,0.));
#2019 = ( GEOMETRIC_REPRESENTATION_CONTEXT(2) 
PARAMETRIC_REPRESENTATION_CONTEXT() REPRESENTATION_CONTEXT('2D SPACE',''
  ) );
#2020 = PCURVE('',#2021,#2026);
#2021 = CYLINDRICAL_SURFACE('',#2022,23.75);
#2022 = AXIS2_PLACEMENT_3D('',#2023,#2024,#2025);
#2023 = CARTESIAN_POINT('',(1.174687587345E-13,5.730183352904E-16,38.));
#2024 = DIRECTION('',(-0.,-0.,-1.));
#2025 = DIRECTION('',(1.,0.,0.));
#2026 = DEFINITIONAL_REPRESENTATION('',(#2027),#2031);
#2027 = LINE('',#2028,#2029);
#2028 = CARTESIAN_POINT('',(-0.,-2.));
#2029 = VECTOR('',#2030,1.);
#2030 = DIRECTION('',(-1.,0.));
#2031 = ( GEOMETRIC_REPRESENTATION_CONTEXT(2) 
PARAMETRIC_REPRESENTATION_CONTEXT() REPRESENTATION_CONTEXT('2D SPACE',''
  ) );
#2032 = ADVANCED_FACE('',(#2033),#1986,.T.);
#2033 = FACE_BOUND('',#2034,.F.);
#2034 = EDGE_LOOP('',(#2035,#2058,#2085,#2086));
#2035 = ORIENTED_EDGE('',*,*,#2036,.T.);
#2036 = EDGE_CURVE('',#1970,#2037,#2039,.T.);
#2037 = VERTEX_POINT('',#2038);
#2038 = CARTESIAN_POINT('',(23.75,5.730183352904E-16,35.));
#2039 = SEAM_CURVE('',#2040,(#2044,#2051),.PCURVE_S1.);
#2040 = LINE('',#2041,#2042);
#2041 = CARTESIAN_POINT('',(23.75,5.730183352904E-16,33.));
#2042 = VECTOR('',#2043,1.);
#2043 = DIRECTION('',(0.,0.,1.));
#2044 = PCURVE('',#1986,#2045);
#2045 = DEFINITIONAL_REPRESENTATION('',(#2046),#2050);
#2046 = LINE('',#2047,#2048);
#2047 = CARTESIAN_POINT('',(-0.,0.));
#2048 = VECTOR('',#2049,1.);
#2049 = DIRECTION('',(-0.,-1.));
#2050 = ( GEOMETRIC_REPRESENTATION_CONTEXT(2) 
PARAMETRIC_REPRESENTATION_CONTEXT() REPRESENTATION_CONTEXT('2D SPACE',''
  ) );
#2051 = PCURVE('',#1986,#2052);
#2052 = DEFINITIONAL_REPRESENTATION('',(#2053),#2057);
#2053 = LINE('',#2054,#2055);
#2054 = CARTESIAN_POINT('',(-6.28318530718,0.));
#2055 = VECTOR('',#2056,1.);
#2056 = DIRECTION('',(-0.,-1.));
#2057 = ( GEOMETRIC_REPRESENTATION_CONTEXT(2) 
PARAMETRIC_REPRESENTATION_CONTEXT() REPRESENTATION_CONTEXT('2D SPACE',''
  ) );
#2058 = ORIENTED_EDGE('',*,*,#2059,.T.);
#2059 = EDGE_CURVE('',#2037,#2037,#2060,.T.);
#2060 = SURFACE_CURVE('',#2061,(#2066,#2073),.PCURVE_S1.);
#2061 = CIRCLE('',#2062,23.75);
#2062 = AXIS2_PLACEMENT_3D('',#2063,#2064,#2065);
#2063 = CARTESIAN_POINT('',(1.174687587345E-13,5.730183352904E-16,35.));
#2064 = DIRECTION('',(0.,0.,1.));
#2065 = DIRECTION('',(1.,0.,0.));
#2066 = PCURVE('',#1986,#2067);
#2067 = DEFINITIONAL_REPRESENTATION('',(#2068),#2072);
#2068 = LINE('',#2069,#2070);
#2069 = CARTESIAN_POINT('',(-0.,-2.));
#2070 = VECTOR('',#2071,1.);
#2071 = DIRECTION('',(-1.,0.));
#2072 = ( GEOMETRIC_REPRESENTATION_CONTEXT(2) 
PARAMETRIC_REPRESENTATION_CONTEXT() REPRESENTATION_CONTEXT('2D SPACE',''
  ) );
#2073 = PCURVE('',#2074,#2079);
#2074 = PLANE('',#2075);
#2075 = AXIS2_PLACEMENT_3D('',#2076,#2077,#2078);
#2076 = CARTESIAN_POINT('',(-8.82219440348E-16,-1.301552469471E-16,35.)
  );
#2077 = DIRECTION('',(0.,0.,1.));
#2078 = DIRECTION('',(1.,0.,-0.));
#2079 = DEFINITIONAL_REPRESENTATION('',(#2080),#2084);
#2080 = CIRCLE('',#2081,23.75);
#2081 = AXIS2_PLACEMENT_2D('',#2082,#2083);
#2082 = CARTESIAN_POINT('',(1.183509781749E-13,7.031735822375E-16));
#2083 = DIRECTION('',(1.,0.));
#2084 = ( GEOMETRIC_REPRESENTATION_CONTEXT(2) 
PARAMETRIC_REPRESENTATION_CONTEXT() REPRESENTATION_CONTEXT('2D SPACE',''
  ) );
#2085 = ORIENTED_EDGE('',*,*,#2036,.F.);
#2086 = ORIENTED_EDGE('',*,*,#1969,.F.);
#2087 = ADVANCED_FACE('',(#2088),#2021,.T.);
#2088 = FACE_BOUND('',#2089,.F.);
#2089 = EDGE_LOOP('',(#2090,#2113,#2114,#2115));
#2090 = ORIENTED_EDGE('',*,*,#2091,.T.);
#2091 = EDGE_CURVE('',#2092,#2005,#2094,.T.);
#2092 = VERTEX_POINT('',#2093);
#2093 = CARTESIAN_POINT('',(23.75,5.730183352904E-16,38.));
#2094 = SEAM_CURVE('',#2095,(#2099,#2106),.PCURVE_S1.);
#2095 = LINE('',#2096,#2097);
#2096 = CARTESIAN_POINT('',(23.75,5.730183352904E-16,38.));
#2097 = VECTOR('',#2098,1.);
#2098 = DIRECTION('',(0.,0.,1.));
#2099 = PCURVE('',#2021,#2100);
#2100 = DEFINITIONAL_REPRESENTATION('',(#2101),#2105);
#2101 = LINE('',#2102,#2103);
#2102 = CARTESIAN_POINT('',(-0.,0.));
#2103 = VECTOR('',#2104,1.);
#2104 = DIRECTION('',(-0.,-1.));
#2105 = ( GEOMETRIC_REPRESENTATION_CONTEXT(2) 
PARAMETRIC_REPRESENTATION_CONTEXT() REPRESENTATION_CONTEXT('2D SPACE',''
  ) );
#2106 = PCURVE('',#2021,#2107);
#2107 = DEFINITIONAL_REPRESENTATION('',(#2108),#2112);
#2108 = LINE('',#2109,#2110);
#2109 = CARTESIAN_POINT('',(-6.28318530718,0.));
#2110 = VECTOR('',#2111,1.);
#2111 = DIRECTION('',(-0.,-1.));
#2112 = ( GEOMETRIC_REPRESENTATION_CONTEXT(2) 
PARAMETRIC_REPRESENTATION_CONTEXT() REPRESENTATION_CONTEXT('2D SPACE',''
  ) );
#2113 = ORIENTED_EDGE('',*,*,#2004,.T.);
#2114 = ORIENTED_EDGE('',*,*,#2091,.F.);
#2115 = ORIENTED_EDGE('',*,*,#2116,.F.);
#2116 = EDGE_CURVE('',#2092,#2092,#2117,.T.);
#2117 = SURFACE_CURVE('',#2118,(#2123,#2130),.PCURVE_S1.);
#2118 = CIRCLE('',#2119,23.75);
#2119 = AXIS2_PLACEMENT_3D('',#2120,#2121,#2122);
#2120 = CARTESIAN_POINT('',(1.174687587345E-13,5.730183352904E-16,38.));
#2121 = DIRECTION('',(0.,0.,1.));
#2122 = DIRECTION('',(1.,0.,0.));
#2123 = PCURVE('',#2021,#2124);
#2124 = DEFINITIONAL_REPRESENTATION('',(#2125),#2129);
#2125 = LINE('',#2126,#2127);
#2126 = CARTESIAN_POINT('',(-0.,0.));
#2127 = VECTOR('',#2128,1.);
#2128 = DIRECTION('',(-1.,0.));
#2129 = ( GEOMETRIC_REPRESENTATION_CONTEXT(2) 
PARAMETRIC_REPRESENTATION_CONTEXT() REPRESENTATION_CONTEXT('2D SPACE',''
  ) );
#2130 = PCURVE('',#2131,#2136);
#2131 = PLANE('',#2132);
#2132 = AXIS2_PLACEMENT_3D('',#2133,#2134,#2135);
#2133 = CARTESIAN_POINT('',(-8.82219440348E-16,-1.301552469471E-16,38.)
  );
#2134 = DIRECTION('',(0.,0.,1.));
#2135 = DIRECTION('',(1.,0.,-0.));
#2136 = DEFINITIONAL_REPRESENTATION('',(#2137),#2141);
#2137 = CIRCLE('',#2138,23.75);
#2138 = AXIS2_PLACEMENT_2D('',#2139,#2140);
#2139 = CARTESIAN_POINT('',(1.183509781749E-13,7.031735822375E-16));
#2140 = DIRECTION('',(1.,0.));
#2141 = ( GEOMETRIC_REPRESENTATION_CONTEXT(2) 
PARAMETRIC_REPRESENTATION_CONTEXT() REPRESENTATION_CONTEXT('2D SPACE',''
  ) );
#2142 = ADVANCED_FACE('',(#2143,#2178),#2074,.F.);
#2143 = FACE_BOUND('',#2144,.F.);
#2144 = EDGE_LOOP('',(#2145));
#2145 = ORIENTED_EDGE('',*,*,#2146,.F.);
#2146 = EDGE_CURVE('',#2147,#2147,#2149,.T.);
#2147 = VERTEX_POINT('',#2148);
#2148 = CARTESIAN_POINT('',(24.55,0.,35.));
#2149 = SURFACE_CURVE('',#2150,(#2155,#2166),.PCURVE_S1.);
#2150 = CIRCLE('',#2151,24.55);
#2151 = AXIS2_PLACEMENT_3D('',#2152,#2153,#2154);
#2152 = CARTESIAN_POINT('',(0.,0.,35.));
#2153 = DIRECTION('',(0.,0.,-1.));
#2154 = DIRECTION('',(1.,0.,0.));
#2155 = PCURVE('',#2074,#2156);
#2156 = DEFINITIONAL_REPRESENTATION('',(#2157),#2165);
#2157 = ( BOUNDED_CURVE() B_SPLINE_CURVE(2,(#2158,#2159,#2160,#2161,
#2162,#2163,#2164),.UNSPECIFIED.,.T.,.F.) B_SPLINE_CURVE_WITH_KNOTS((1,2
    ,2,2,2,1),(-2.094395102393,0.,2.094395102393,4.188790204786,
6.28318530718,8.377580409573),.UNSPECIFIED.) CURVE() 
GEOMETRIC_REPRESENTATION_ITEM() RATIONAL_B_SPLINE_CURVE((1.,0.5,1.,0.5,
1.,0.5,1.)) REPRESENTATION_ITEM('') );
#2158 = CARTESIAN_POINT('',(24.55,1.301552469471E-16));
#2159 = CARTESIAN_POINT('',(24.55,-42.52184732581));
#2160 = CARTESIAN_POINT('',(-12.275,-21.2609236629));
#2161 = CARTESIAN_POINT('',(-49.1,-5.882860536866E-15));
#2162 = CARTESIAN_POINT('',(-12.275,21.260923662908));
#2163 = CARTESIAN_POINT('',(24.55,42.521847325816));
#2164 = CARTESIAN_POINT('',(24.55,1.301552469471E-16));
#2165 = ( GEOMETRIC_REPRESENTATION_CONTEXT(2) 
PARAMETRIC_REPRESENTATION_CONTEXT() REPRESENTATION_CONTEXT('2D SPACE',''
  ) );
#2166 = PCURVE('',#2167,#2172);
#2167 = CYLINDRICAL_SURFACE('',#2168,24.55);
#2168 = AXIS2_PLACEMENT_3D('',#2169,#2170,#2171);
#2169 = CARTESIAN_POINT('',(0.,0.,30.));
#2170 = DIRECTION('',(-0.,-0.,-1.));
#2171 = DIRECTION('',(1.,0.,0.));
#2172 = DEFINITIONAL_REPRESENTATION('',(#2173),#2177);
#2173 = LINE('',#2174,#2175);
#2174 = CARTESIAN_POINT('',(-6.28318530718,-5.));
#2175 = VECTOR('',#2176,1.);
#2176 = DIRECTION('',(1.,-0.));
#2177 = ( GEOMETRIC_REPRESENTATION_CONTEXT(2) 
PARAMETRIC_REPRESENTATION_CONTEXT() REPRESENTATION_CONTEXT('2D SPACE',''
  ) );
#2178 = FACE_BOUND('',#2179,.F.);
#2179 = EDGE_LOOP('',(#2180));
#2180 = ORIENTED_EDGE('',*,*,#2059,.F.);
#2181 = ADVANCED_FACE('',(#2182,#2212),#2131,.T.);
#2182 = FACE_BOUND('',#2183,.T.);
#2183 = EDGE_LOOP('',(#2184));
#2184 = ORIENTED_EDGE('',*,*,#2185,.F.);
#2185 = EDGE_CURVE('',#2186,#2186,#2188,.T.);
#2186 = VERTEX_POINT('',#2187);
#2187 = CARTESIAN_POINT('',(24.55,0.,38.));
#2188 = SURFACE_CURVE('',#2189,(#2194,#2205),.PCURVE_S1.);
#2189 = CIRCLE('',#2190,24.55);
#2190 = AXIS2_PLACEMENT_3D('',#2191,#2192,#2193);
#2191 = CARTESIAN_POINT('',(0.,0.,38.));
#2192 = DIRECTION('',(0.,0.,-1.));
#2193 = DIRECTION('',(1.,0.,0.));
#2194 = PCURVE('',#2131,#2195);
#2195 = DEFINITIONAL_REPRESENTATION('',(#2196),#2204);
#2196 = ( BOUNDED_CURVE() B_SPLINE_CURVE(2,(#2197,#2198,#2199,#2200,
#2201,#2202,#2203),.UNSPECIFIED.,.T.,.F.) B_SPLINE_CURVE_WITH_KNOTS((1,2
    ,2,2,2,1),(-2.094395102393,0.,2.094395102393,4.188790204786,
6.28318530718,8.377580409573),.UNSPECIFIED.) CURVE() 
GEOMETRIC_REPRESENTATION_ITEM() RATIONAL_B_SPLINE_CURVE((1.,0.5,1.,0.5,
1.,0.5,1.)) REPRESENTATION_ITEM('') );
#2197 = CARTESIAN_POINT('',(24.55,1.301552469471E-16));
#2198 = CARTESIAN_POINT('',(24.55,-42.52184732581));
#2199 = CARTESIAN_POINT('',(-12.275,-21.2609236629));
#2200 = CARTESIAN_POINT('',(-49.1,-5.882860536866E-15));
#2201 = CARTESIAN_POINT('',(-12.275,21.260923662908));
#2202 = CARTESIAN_POINT('',(24.55,42.521847325816));
#2203 = CARTESIAN_POINT('',(24.55,1.301552469471E-16));
#2204 = ( GEOMETRIC_REPRESENTATION_CONTEXT(2) 
PARAMETRIC_REPRESENTATION_CONTEXT() REPRESENTATION_CONTEXT('2D SPACE',''
  ) );
#2205 = PCURVE('',#2167,#2206);
#2206 = DEFINITIONAL_REPRESENTATION('',(#2207),#2211);
#2207 = LINE('',#2208,#2209);
#2208 = CARTESIAN_POINT('',(-6.28318530718,-8.));
#2209 = VECTOR('',#2210,1.);
#2210 = DIRECTION('',(1.,-0.));
#2211 = ( GEOMETRIC_REPRESENTATION_CONTEXT(2) 
PARAMETRIC_REPRESENTATION_CONTEXT() REPRESENTATION_CONTEXT('2D SPACE',''
  ) );
#2212 = FACE_BOUND('',#2213,.T.);
#2213 = EDGE_LOOP('',(#2214));
#2214 = ORIENTED_EDGE('',*,*,#2116,.F.);
#2215 = ADVANCED_FACE('',(#2216),#2167,.T.);
#2216 = FACE_BOUND('',#2217,.F.);
#2217 = EDGE_LOOP('',(#2218,#2239,#2240,#2241));
#2218 = ORIENTED_EDGE('',*,*,#2219,.F.);
#2219 = EDGE_CURVE('',#2147,#2186,#2220,.T.);
#2220 = SEAM_CURVE('',#2221,(#2225,#2232),.PCURVE_S1.);
#2221 = LINE('',#2222,#2223);
#2222 = CARTESIAN_POINT('',(24.55,0.,30.));
#2223 = VECTOR('',#2224,1.);
#2224 = DIRECTION('',(0.,0.,1.));
#2225 = PCURVE('',#2167,#2226);
#2226 = DEFINITIONAL_REPRESENTATION('',(#2227),#2231);
#2227 = LINE('',#2228,#2229);
#2228 = CARTESIAN_POINT('',(-6.28318530718,0.));
#2229 = VECTOR('',#2230,1.);
#2230 = DIRECTION('',(-0.,-1.));
#2231 = ( GEOMETRIC_REPRESENTATION_CONTEXT(2) 
PARAMETRIC_REPRESENTATION_CONTEXT() REPRESENTATION_CONTEXT('2D SPACE',''
  ) );
#2232 = PCURVE('',#2167,#2233);
#2233 = DEFINITIONAL_REPRESENTATION('',(#2234),#2238);
#2234 = LINE('',#2235,#2236);
#2235 = CARTESIAN_POINT('',(-0.,0.));
#2236 = VECTOR('',#2237,1.);
#2237 = DIRECTION('',(-0.,-1.));
#2238 = ( GEOMETRIC_REPRESENTATION_CONTEXT(2) 
PARAMETRIC_REPRESENTATION_CONTEXT() REPRESENTATION_CONTEXT('2D SPACE',''
  ) );
#2239 = ORIENTED_EDGE('',*,*,#2146,.T.);
#2240 = ORIENTED_EDGE('',*,*,#2219,.T.);
#2241 = ORIENTED_EDGE('',*,*,#2185,.F.);
#2242 = ( GEOMETRIC_REPRESENTATION_CONTEXT(3) 
GLOBAL_UNCERTAINTY_ASSIGNED_CONTEXT((#2246)) 
GLOBAL_UNIT_ASSIGNED_CONTEXT((#2243,#2244,#2245)) REPRESENTATION_CONTEXT
('Context #1','3D Context with UNIT and UNCERTAINTY') );
#2243 = ( LENGTH_UNIT() NAMED_UNIT(*) SI_UNIT(.MILLI.,.METRE.) );
#2244 = ( NAMED_UNIT(*) PLANE_ANGLE_UNIT() SI_UNIT($,.RADIAN.) );
#2245 = ( NAMED_UNIT(*) SI_UNIT($,.STERADIAN.) SOLID_ANGLE_UNIT() );
#2246 = UNCERTAINTY_MEASURE_WITH_UNIT(LENGTH_MEASURE(1.E-05),#2243,
  'distance_accuracy_value','confusion accuracy');
#2247 = CONTEXT_DEPENDENT_SHAPE_REPRESENTATION(#2248,#2250);
#2248 = ( REPRESENTATION_RELATIONSHIP('','',#326,#10) 
REPRESENTATION_RELATIONSHIP_WITH_TRANSFORMATION(#2249) 
SHAPE_REPRESENTATION_RELATIONSHIP() );
#2249 = ITEM_DEFINED_TRANSFORMATION('','',#11,#23);
#2250 = PRODUCT_DEFINITION_SHAPE('Placement','Placement of an item',
  #2251);
#2251 = NEXT_ASSEMBLY_USAGE_OCCURRENCE('3','Threaded_front_adapter','',
  #5,#321,$);
#2252 = PRODUCT_RELATED_PRODUCT_CATEGORY('part',$,(#323));
#2253 = SHAPE_DEFINITION_REPRESENTATION(#2254,#2260);
#2254 = PRODUCT_DEFINITION_SHAPE('','',#2255);
#2255 = PRODUCT_DEFINITION('design','',#2256,#2259);
#2256 = PRODUCT_DEFINITION_FORMATION('','',#2257);
#2257 = PRODUCT('Inconel718_pressure_shell','Inconel718_pressure_shell',
  '',(#2258));
#2258 = PRODUCT_CONTEXT('',#2,'mechanical');
#2259 = PRODUCT_DEFINITION_CONTEXT('part definition',#2,'design');
#2260 = ADVANCED_BREP_SHAPE_REPRESENTATION('',(#11,#2261),#2443);
#2261 = MANIFOLD_SOLID_BREP('',#2262);
#2262 = CLOSED_SHELL('',(#2263,#2351,#2429,#2436));
#2263 = ADVANCED_FACE('',(#2264),#2278,.T.);
#2264 = FACE_BOUND('',#2265,.F.);
#2265 = EDGE_LOOP('',(#2266,#2296,#2323,#2324));
#2266 = ORIENTED_EDGE('',*,*,#2267,.T.);
#2267 = EDGE_CURVE('',#2268,#2270,#2272,.T.);
#2268 = VERTEX_POINT('',#2269);
#2269 = CARTESIAN_POINT('',(30.,0.,30.));
#2270 = VERTEX_POINT('',#2271);
#2271 = CARTESIAN_POINT('',(30.,0.,265.));
#2272 = SEAM_CURVE('',#2273,(#2277,#2289),.PCURVE_S1.);
#2273 = LINE('',#2274,#2275);
#2274 = CARTESIAN_POINT('',(30.,0.,30.));
#2275 = VECTOR('',#2276,1.);
#2276 = DIRECTION('',(0.,0.,1.));
#2277 = PCURVE('',#2278,#2283);
#2278 = CYLINDRICAL_SURFACE('',#2279,30.);
#2279 = AXIS2_PLACEMENT_3D('',#2280,#2281,#2282);
#2280 = CARTESIAN_POINT('',(0.,0.,30.));
#2281 = DIRECTION('',(-0.,-0.,-1.));
#2282 = DIRECTION('',(1.,0.,0.));
#2283 = DEFINITIONAL_REPRESENTATION('',(#2284),#2288);
#2284 = LINE('',#2285,#2286);
#2285 = CARTESIAN_POINT('',(-0.,0.));
#2286 = VECTOR('',#2287,1.);
#2287 = DIRECTION('',(-0.,-1.));
#2288 = ( GEOMETRIC_REPRESENTATION_CONTEXT(2) 
PARAMETRIC_REPRESENTATION_CONTEXT() REPRESENTATION_CONTEXT('2D SPACE',''
  ) );
#2289 = PCURVE('',#2278,#2290);
#2290 = DEFINITIONAL_REPRESENTATION('',(#2291),#2295);
#2291 = LINE('',#2292,#2293);
#2292 = CARTESIAN_POINT('',(-6.28318530718,0.));
#2293 = VECTOR('',#2294,1.);
#2294 = DIRECTION('',(-0.,-1.));
#2295 = ( GEOMETRIC_REPRESENTATION_CONTEXT(2) 
PARAMETRIC_REPRESENTATION_CONTEXT() REPRESENTATION_CONTEXT('2D SPACE',''
  ) );
#2296 = ORIENTED_EDGE('',*,*,#2297,.T.);
#2297 = EDGE_CURVE('',#2270,#2270,#2298,.T.);
#2298 = SURFACE_CURVE('',#2299,(#2304,#2311),.PCURVE_S1.);
#2299 = CIRCLE('',#2300,30.);
#2300 = AXIS2_PLACEMENT_3D('',#2301,#2302,#2303);
#2301 = CARTESIAN_POINT('',(0.,0.,265.));
#2302 = DIRECTION('',(0.,0.,1.));
#2303 = DIRECTION('',(1.,0.,0.));
#2304 = PCURVE('',#2278,#2305);
#2305 = DEFINITIONAL_REPRESENTATION('',(#2306),#2310);
#2306 = LINE('',#2307,#2308);
#2307 = CARTESIAN_POINT('',(-0.,-235.));
#2308 = VECTOR('',#2309,1.);
#2309 = DIRECTION('',(-1.,0.));
#2310 = ( GEOMETRIC_REPRESENTATION_CONTEXT(2) 
PARAMETRIC_REPRESENTATION_CONTEXT() REPRESENTATION_CONTEXT('2D SPACE',''
  ) );
#2311 = PCURVE('',#2312,#2317);
#2312 = PLANE('',#2313);
#2313 = AXIS2_PLACEMENT_3D('',#2314,#2315,#2316);
#2314 = CARTESIAN_POINT('',(-1.458602808042E-15,2.339560088947E-16,265.)
  );
#2315 = DIRECTION('',(0.,0.,1.));
#2316 = DIRECTION('',(1.,0.,-0.));
#2317 = DEFINITIONAL_REPRESENTATION('',(#2318),#2322);
#2318 = CIRCLE('',#2319,30.);
#2319 = AXIS2_PLACEMENT_2D('',#2320,#2321);
#2320 = CARTESIAN_POINT('',(1.458602808042E-15,-2.339560088947E-16));
#2321 = DIRECTION('',(1.,0.));
#2322 = ( GEOMETRIC_REPRESENTATION_CONTEXT(2) 
PARAMETRIC_REPRESENTATION_CONTEXT() REPRESENTATION_CONTEXT('2D SPACE',''
  ) );
#2323 = ORIENTED_EDGE('',*,*,#2267,.F.);
#2324 = ORIENTED_EDGE('',*,*,#2325,.F.);
#2325 = EDGE_CURVE('',#2268,#2268,#2326,.T.);
#2326 = SURFACE_CURVE('',#2327,(#2332,#2339),.PCURVE_S1.);
#2327 = CIRCLE('',#2328,30.);
#2328 = AXIS2_PLACEMENT_3D('',#2329,#2330,#2331);
#2329 = CARTESIAN_POINT('',(0.,0.,30.));
#2330 = DIRECTION('',(0.,0.,1.));
#2331 = DIRECTION('',(1.,0.,0.));
#2332 = PCURVE('',#2278,#2333);
#2333 = DEFINITIONAL_REPRESENTATION('',(#2334),#2338);
#2334 = LINE('',#2335,#2336);
#2335 = CARTESIAN_POINT('',(-0.,0.));
#2336 = VECTOR('',#2337,1.);
#2337 = DIRECTION('',(-1.,0.));
#2338 = ( GEOMETRIC_REPRESENTATION_CONTEXT(2) 
PARAMETRIC_REPRESENTATION_CONTEXT() REPRESENTATION_CONTEXT('2D SPACE',''
  ) );
#2339 = PCURVE('',#2340,#2345);
#2340 = PLANE('',#2341);
#2341 = AXIS2_PLACEMENT_3D('',#2342,#2343,#2344);
#2342 = CARTESIAN_POINT('',(-1.458602808042E-15,2.339560088947E-16,30.)
  );
#2343 = DIRECTION('',(0.,0.,1.));
#2344 = DIRECTION('',(1.,0.,-0.));
#2345 = DEFINITIONAL_REPRESENTATION('',(#2346),#2350);
#2346 = CIRCLE('',#2347,30.);
#2347 = AXIS2_PLACEMENT_2D('',#2348,#2349);
#2348 = CARTESIAN_POINT('',(1.458602808042E-15,-2.339560088947E-16));
#2349 = DIRECTION('',(1.,0.));
#2350 = ( GEOMETRIC_REPRESENTATION_CONTEXT(2) 
PARAMETRIC_REPRESENTATION_CONTEXT() REPRESENTATION_CONTEXT('2D SPACE',''
  ) );
#2351 = ADVANCED_FACE('',(#2352),#2366,.F.);
#2352 = FACE_BOUND('',#2353,.T.);
#2353 = EDGE_LOOP('',(#2354,#2384,#2406,#2407));
#2354 = ORIENTED_EDGE('',*,*,#2355,.T.);
#2355 = EDGE_CURVE('',#2356,#2358,#2360,.T.);
#2356 = VERTEX_POINT('',#2357);
#2357 = CARTESIAN_POINT('',(24.75,-9.473903143468E-16,30.));
#2358 = VERTEX_POINT('',#2359);
#2359 = CARTESIAN_POINT('',(24.75,-9.473903143468E-16,265.));
#2360 = SEAM_CURVE('',#2361,(#2365,#2377),.PCURVE_S1.);
#2361 = LINE('',#2362,#2363);
#2362 = CARTESIAN_POINT('',(24.75,-9.473903143468E-16,30.));
#2363 = VECTOR('',#2364,1.);
#2364 = DIRECTION('',(0.,0.,1.));
#2365 = PCURVE('',#2366,#2371);
#2366 = CYLINDRICAL_SURFACE('',#2367,24.75);
#2367 = AXIS2_PLACEMENT_3D('',#2368,#2369,#2370);
#2368 = CARTESIAN_POINT('',(1.402137665233E-13,-9.473903143468E-16,30.)
  );
#2369 = DIRECTION('',(-0.,-0.,-1.));
#2370 = DIRECTION('',(1.,0.,0.));
#2371 = DEFINITIONAL_REPRESENTATION('',(#2372),#2376);
#2372 = LINE('',#2373,#2374);
#2373 = CARTESIAN_POINT('',(-0.,0.));
#2374 = VECTOR('',#2375,1.);
#2375 = DIRECTION('',(-0.,-1.));
#2376 = ( GEOMETRIC_REPRESENTATION_CONTEXT(2) 
PARAMETRIC_REPRESENTATION_CONTEXT() REPRESENTATION_CONTEXT('2D SPACE',''
  ) );
#2377 = PCURVE('',#2366,#2378);
#2378 = DEFINITIONAL_REPRESENTATION('',(#2379),#2383);
#2379 = LINE('',#2380,#2381);
#2380 = CARTESIAN_POINT('',(-6.28318530718,0.));
#2381 = VECTOR('',#2382,1.);
#2382 = DIRECTION('',(-0.,-1.));
#2383 = ( GEOMETRIC_REPRESENTATION_CONTEXT(2) 
PARAMETRIC_REPRESENTATION_CONTEXT() REPRESENTATION_CONTEXT('2D SPACE',''
  ) );
#2384 = ORIENTED_EDGE('',*,*,#2385,.T.);
#2385 = EDGE_CURVE('',#2358,#2358,#2386,.T.);
#2386 = SURFACE_CURVE('',#2387,(#2392,#2399),.PCURVE_S1.);
#2387 = CIRCLE('',#2388,24.75);
#2388 = AXIS2_PLACEMENT_3D('',#2389,#2390,#2391);
#2389 = CARTESIAN_POINT('',(1.402137665233E-13,-9.473903143468E-16,265.)
  );
#2390 = DIRECTION('',(0.,0.,1.));
#2391 = DIRECTION('',(1.,0.,0.));
#2392 = PCURVE('',#2366,#2393);
#2393 = DEFINITIONAL_REPRESENTATION('',(#2394),#2398);
#2394 = LINE('',#2395,#2396);
#2395 = CARTESIAN_POINT('',(-0.,-235.));
#2396 = VECTOR('',#2397,1.);
#2397 = DIRECTION('',(-1.,0.));
#2398 = ( GEOMETRIC_REPRESENTATION_CONTEXT(2) 
PARAMETRIC_REPRESENTATION_CONTEXT() REPRESENTATION_CONTEXT('2D SPACE',''
  ) );
#2399 = PCURVE('',#2312,#2400);
#2400 = DEFINITIONAL_REPRESENTATION('',(#2401),#2405);
#2401 = CIRCLE('',#2402,24.75);
#2402 = AXIS2_PLACEMENT_2D('',#2403,#2404);
#2403 = CARTESIAN_POINT('',(1.416723693314E-13,-1.181346323241E-15));
#2404 = DIRECTION('',(1.,0.));
#2405 = ( GEOMETRIC_REPRESENTATION_CONTEXT(2) 
PARAMETRIC_REPRESENTATION_CONTEXT() REPRESENTATION_CONTEXT('2D SPACE',''
  ) );
#2406 = ORIENTED_EDGE('',*,*,#2355,.F.);
#2407 = ORIENTED_EDGE('',*,*,#2408,.F.);
#2408 = EDGE_CURVE('',#2356,#2356,#2409,.T.);
#2409 = SURFACE_CURVE('',#2410,(#2415,#2422),.PCURVE_S1.);
#2410 = CIRCLE('',#2411,24.75);
#2411 = AXIS2_PLACEMENT_3D('',#2412,#2413,#2414);
#2412 = CARTESIAN_POINT('',(1.402137665233E-13,-9.473903143468E-16,30.)
  );
#2413 = DIRECTION('',(0.,0.,1.));
#2414 = DIRECTION('',(1.,0.,0.));
#2415 = PCURVE('',#2366,#2416);
#2416 = DEFINITIONAL_REPRESENTATION('',(#2417),#2421);
#2417 = LINE('',#2418,#2419);
#2418 = CARTESIAN_POINT('',(-0.,0.));
#2419 = VECTOR('',#2420,1.);
#2420 = DIRECTION('',(-1.,0.));
#2421 = ( GEOMETRIC_REPRESENTATION_CONTEXT(2) 
PARAMETRIC_REPRESENTATION_CONTEXT() REPRESENTATION_CONTEXT('2D SPACE',''
  ) );
#2422 = PCURVE('',#2340,#2423);
#2423 = DEFINITIONAL_REPRESENTATION('',(#2424),#2428);
#2424 = CIRCLE('',#2425,24.75);
#2425 = AXIS2_PLACEMENT_2D('',#2426,#2427);
#2426 = CARTESIAN_POINT('',(1.416723693314E-13,-1.181346323241E-15));
#2427 = DIRECTION('',(1.,0.));
#2428 = ( GEOMETRIC_REPRESENTATION_CONTEXT(2) 
PARAMETRIC_REPRESENTATION_CONTEXT() REPRESENTATION_CONTEXT('2D SPACE',''
  ) );
#2429 = ADVANCED_FACE('',(#2430,#2433),#2340,.F.);
#2430 = FACE_BOUND('',#2431,.F.);
#2431 = EDGE_LOOP('',(#2432));
#2432 = ORIENTED_EDGE('',*,*,#2325,.T.);
#2433 = FACE_BOUND('',#2434,.F.);
#2434 = EDGE_LOOP('',(#2435));
#2435 = ORIENTED_EDGE('',*,*,#2408,.F.);
#2436 = ADVANCED_FACE('',(#2437,#2440),#2312,.T.);
#2437 = FACE_BOUND('',#2438,.T.);
#2438 = EDGE_LOOP('',(#2439));
#2439 = ORIENTED_EDGE('',*,*,#2297,.T.);
#2440 = FACE_BOUND('',#2441,.T.);
#2441 = EDGE_LOOP('',(#2442));
#2442 = ORIENTED_EDGE('',*,*,#2385,.F.);
#2443 = ( GEOMETRIC_REPRESENTATION_CONTEXT(3) 
GLOBAL_UNCERTAINTY_ASSIGNED_CONTEXT((#2447)) 
GLOBAL_UNIT_ASSIGNED_CONTEXT((#2444,#2445,#2446)) REPRESENTATION_CONTEXT
('Context #1','3D Context with UNIT and UNCERTAINTY') );
#2444 = ( LENGTH_UNIT() NAMED_UNIT(*) SI_UNIT(.MILLI.,.METRE.) );
#2445 = ( NAMED_UNIT(*) PLANE_ANGLE_UNIT() SI_UNIT($,.RADIAN.) );
#2446 = ( NAMED_UNIT(*) SI_UNIT($,.STERADIAN.) SOLID_ANGLE_UNIT() );
#2447 = UNCERTAINTY_MEASURE_WITH_UNIT(LENGTH_MEASURE(1.E-07),#2444,
  'distance_accuracy_value','confusion accuracy');
#2448 = CONTEXT_DEPENDENT_SHAPE_REPRESENTATION(#2449,#2451);
#2449 = ( REPRESENTATION_RELATIONSHIP('','',#2260,#10) 
REPRESENTATION_RELATIONSHIP_WITH_TRANSFORMATION(#2450) 
SHAPE_REPRESENTATION_RELATIONSHIP() );
#2450 = ITEM_DEFINED_TRANSFORMATION('','',#11,#27);
#2451 = PRODUCT_DEFINITION_SHAPE('Placement','Placement of an item',
  #2452);
#2452 = NEXT_ASSEMBLY_USAGE_OCCURRENCE('4','Inconel718_pressure_shell',
  '',#5,#2255,$);
#2453 = PRODUCT_RELATED_PRODUCT_CATEGORY('part',$,(#2257));
#2454 = SHAPE_DEFINITION_REPRESENTATION(#2455,#2461);
#2455 = PRODUCT_DEFINITION_SHAPE('','',#2456);
#2456 = PRODUCT_DEFINITION('design','',#2457,#2460);
#2457 = PRODUCT_DEFINITION_FORMATION('','',#2458);
#2458 = PRODUCT('Sealed_aerogel','Sealed_aerogel','',(#2459));
#2459 = PRODUCT_CONTEXT('',#2,'mechanical');
#2460 = PRODUCT_DEFINITION_CONTEXT('part definition',#2,'design');
#2461 = ADVANCED_BREP_SHAPE_REPRESENTATION('',(#11,#2462),#2644);
#2462 = MANIFOLD_SOLID_BREP('',#2463);
#2463 = CLOSED_SHELL('',(#2464,#2552,#2630,#2637));
#2464 = ADVANCED_FACE('',(#2465),#2479,.T.);
#2465 = FACE_BOUND('',#2466,.F.);
#2466 = EDGE_LOOP('',(#2467,#2497,#2524,#2525));
#2467 = ORIENTED_EDGE('',*,*,#2468,.T.);
#2468 = EDGE_CURVE('',#2469,#2471,#2473,.T.);
#2469 = VERTEX_POINT('',#2470);
#2470 = CARTESIAN_POINT('',(24.75,0.,42.));
#2471 = VERTEX_POINT('',#2472);
#2472 = CARTESIAN_POINT('',(24.75,0.,253.));
#2473 = SEAM_CURVE('',#2474,(#2478,#2490),.PCURVE_S1.);
#2474 = LINE('',#2475,#2476);
#2475 = CARTESIAN_POINT('',(24.75,0.,42.));
#2476 = VECTOR('',#2477,1.);
#2477 = DIRECTION('',(0.,0.,1.));
#2478 = PCURVE('',#2479,#2484);
#2479 = CYLINDRICAL_SURFACE('',#2480,24.75);
#2480 = AXIS2_PLACEMENT_3D('',#2481,#2482,#2483);
#2481 = CARTESIAN_POINT('',(0.,0.,42.));
#2482 = DIRECTION('',(-0.,-0.,-1.));
#2483 = DIRECTION('',(1.,0.,0.));
#2484 = DEFINITIONAL_REPRESENTATION('',(#2485),#2489);
#2485 = LINE('',#2486,#2487);
#2486 = CARTESIAN_POINT('',(-0.,0.));
#2487 = VECTOR('',#2488,1.);
#2488 = DIRECTION('',(-0.,-1.));
#2489 = ( GEOMETRIC_REPRESENTATION_CONTEXT(2) 
PARAMETRIC_REPRESENTATION_CONTEXT() REPRESENTATION_CONTEXT('2D SPACE',''
  ) );
#2490 = PCURVE('',#2479,#2491);
#2491 = DEFINITIONAL_REPRESENTATION('',(#2492),#2496);
#2492 = LINE('',#2493,#2494);
#2493 = CARTESIAN_POINT('',(-6.28318530718,0.));
#2494 = VECTOR('',#2495,1.);
#2495 = DIRECTION('',(-0.,-1.));
#2496 = ( GEOMETRIC_REPRESENTATION_CONTEXT(2) 
PARAMETRIC_REPRESENTATION_CONTEXT() REPRESENTATION_CONTEXT('2D SPACE',''
  ) );
#2497 = ORIENTED_EDGE('',*,*,#2498,.T.);
#2498 = EDGE_CURVE('',#2471,#2471,#2499,.T.);
#2499 = SURFACE_CURVE('',#2500,(#2505,#2512),.PCURVE_S1.);
#2500 = CIRCLE('',#2501,24.75);
#2501 = AXIS2_PLACEMENT_3D('',#2502,#2503,#2504);
#2502 = CARTESIAN_POINT('',(0.,0.,253.));
#2503 = DIRECTION('',(0.,0.,1.));
#2504 = DIRECTION('',(1.,0.,0.));
#2505 = PCURVE('',#2479,#2506);
#2506 = DEFINITIONAL_REPRESENTATION('',(#2507),#2511);
#2507 = LINE('',#2508,#2509);
#2508 = CARTESIAN_POINT('',(-0.,-211.));
#2509 = VECTOR('',#2510,1.);
#2510 = DIRECTION('',(-1.,0.));
#2511 = ( GEOMETRIC_REPRESENTATION_CONTEXT(2) 
PARAMETRIC_REPRESENTATION_CONTEXT() REPRESENTATION_CONTEXT('2D SPACE',''
  ) );
#2512 = PCURVE('',#2513,#2518);
#2513 = PLANE('',#2514);
#2514 = AXIS2_PLACEMENT_3D('',#2515,#2516,#2517);
#2515 = CARTESIAN_POINT('',(-1.768003403687E-15,-1.263319074529E-16,253.
    ));
#2516 = DIRECTION('',(0.,0.,1.));
#2517 = DIRECTION('',(1.,0.,-0.));
#2518 = DEFINITIONAL_REPRESENTATION('',(#2519),#2523);
#2519 = CIRCLE('',#2520,24.75);
#2520 = AXIS2_PLACEMENT_2D('',#2521,#2522);
#2521 = CARTESIAN_POINT('',(1.768003403687E-15,1.263319074529E-16));
#2522 = DIRECTION('',(1.,0.));
#2523 = ( GEOMETRIC_REPRESENTATION_CONTEXT(2) 
PARAMETRIC_REPRESENTATION_CONTEXT() REPRESENTATION_CONTEXT('2D SPACE',''
  ) );
#2524 = ORIENTED_EDGE('',*,*,#2468,.F.);
#2525 = ORIENTED_EDGE('',*,*,#2526,.F.);
#2526 = EDGE_CURVE('',#2469,#2469,#2527,.T.);
#2527 = SURFACE_CURVE('',#2528,(#2533,#2540),.PCURVE_S1.);
#2528 = CIRCLE('',#2529,24.75);
#2529 = AXIS2_PLACEMENT_3D('',#2530,#2531,#2532);
#2530 = CARTESIAN_POINT('',(0.,0.,42.));
#2531 = DIRECTION('',(0.,0.,1.));
#2532 = DIRECTION('',(1.,0.,0.));
#2533 = PCURVE('',#2479,#2534);
#2534 = DEFINITIONAL_REPRESENTATION('',(#2535),#2539);
#2535 = LINE('',#2536,#2537);
#2536 = CARTESIAN_POINT('',(-0.,0.));
#2537 = VECTOR('',#2538,1.);
#2538 = DIRECTION('',(-1.,0.));
#2539 = ( GEOMETRIC_REPRESENTATION_CONTEXT(2) 
PARAMETRIC_REPRESENTATION_CONTEXT() REPRESENTATION_CONTEXT('2D SPACE',''
  ) );
#2540 = PCURVE('',#2541,#2546);
#2541 = PLANE('',#2542);
#2542 = AXIS2_PLACEMENT_3D('',#2543,#2544,#2545);
#2543 = CARTESIAN_POINT('',(-1.768003403687E-15,-1.263319074529E-16,42.)
  );
#2544 = DIRECTION('',(0.,0.,1.));
#2545 = DIRECTION('',(1.,0.,-0.));
#2546 = DEFINITIONAL_REPRESENTATION('',(#2547),#2551);
#2547 = CIRCLE('',#2548,24.75);
#2548 = AXIS2_PLACEMENT_2D('',#2549,#2550);
#2549 = CARTESIAN_POINT('',(1.768003403687E-15,1.263319074529E-16));
#2550 = DIRECTION('',(1.,0.));
#2551 = ( GEOMETRIC_REPRESENTATION_CONTEXT(2) 
PARAMETRIC_REPRESENTATION_CONTEXT() REPRESENTATION_CONTEXT('2D SPACE',''
  ) );
#2552 = ADVANCED_FACE('',(#2553),#2567,.F.);
#2553 = FACE_BOUND('',#2554,.T.);
#2554 = EDGE_LOOP('',(#2555,#2585,#2607,#2608));
#2555 = ORIENTED_EDGE('',*,*,#2556,.T.);
#2556 = EDGE_CURVE('',#2557,#2559,#2561,.T.);
#2557 = VERTEX_POINT('',#2558);
#2558 = CARTESIAN_POINT('',(22.5,5.74175948089E-16,42.));
#2559 = VERTEX_POINT('',#2560);
#2560 = CARTESIAN_POINT('',(22.5,5.74175948089E-16,253.));
#2561 = SEAM_CURVE('',#2562,(#2566,#2578),.PCURVE_S1.);
#2562 = LINE('',#2563,#2564);
#2563 = CARTESIAN_POINT('',(22.5,5.74175948089E-16,42.));
#2564 = VECTOR('',#2565,1.);
#2565 = DIRECTION('',(0.,0.,1.));
#2566 = PCURVE('',#2567,#2572);
#2567 = CYLINDRICAL_SURFACE('',#2568,22.5);
#2568 = AXIS2_PLACEMENT_3D('',#2569,#2570,#2571);
#2569 = CARTESIAN_POINT('',(1.177060693582E-13,5.74175948089E-16,42.));
#2570 = DIRECTION('',(-0.,-0.,-1.));
#2571 = DIRECTION('',(1.,0.,0.));
#2572 = DEFINITIONAL_REPRESENTATION('',(#2573),#2577);
#2573 = LINE('',#2574,#2575);
#2574 = CARTESIAN_POINT('',(-0.,0.));
#2575 = VECTOR('',#2576,1.);
#2576 = DIRECTION('',(-0.,-1.));
#2577 = ( GEOMETRIC_REPRESENTATION_CONTEXT(2) 
PARAMETRIC_REPRESENTATION_CONTEXT() REPRESENTATION_CONTEXT('2D SPACE',''
  ) );
#2578 = PCURVE('',#2567,#2579);
#2579 = DEFINITIONAL_REPRESENTATION('',(#2580),#2584);
#2580 = LINE('',#2581,#2582);
#2581 = CARTESIAN_POINT('',(-6.28318530718,0.));
#2582 = VECTOR('',#2583,1.);
#2583 = DIRECTION('',(-0.,-1.));
#2584 = ( GEOMETRIC_REPRESENTATION_CONTEXT(2) 
PARAMETRIC_REPRESENTATION_CONTEXT() REPRESENTATION_CONTEXT('2D SPACE',''
  ) );
#2585 = ORIENTED_EDGE('',*,*,#2586,.T.);
#2586 = EDGE_CURVE('',#2559,#2559,#2587,.T.);
#2587 = SURFACE_CURVE('',#2588,(#2593,#2600),.PCURVE_S1.);
#2588 = CIRCLE('',#2589,22.5);
#2589 = AXIS2_PLACEMENT_3D('',#2590,#2591,#2592);
#2590 = CARTESIAN_POINT('',(1.177060693582E-13,5.74175948089E-16,253.));
#2591 = DIRECTION('',(0.,0.,1.));
#2592 = DIRECTION('',(1.,0.,0.));
#2593 = PCURVE('',#2567,#2594);
#2594 = DEFINITIONAL_REPRESENTATION('',(#2595),#2599);
#2595 = LINE('',#2596,#2597);
#2596 = CARTESIAN_POINT('',(-0.,-211.));
#2597 = VECTOR('',#2598,1.);
#2598 = DIRECTION('',(-1.,0.));
#2599 = ( GEOMETRIC_REPRESENTATION_CONTEXT(2) 
PARAMETRIC_REPRESENTATION_CONTEXT() REPRESENTATION_CONTEXT('2D SPACE',''
  ) );
#2600 = PCURVE('',#2513,#2601);
#2601 = DEFINITIONAL_REPRESENTATION('',(#2602),#2606);
#2602 = CIRCLE('',#2603,22.5);
#2603 = AXIS2_PLACEMENT_2D('',#2604,#2605);
#2604 = CARTESIAN_POINT('',(1.194740727619E-13,7.005078555419E-16));
#2605 = DIRECTION('',(1.,0.));
#2606 = ( GEOMETRIC_REPRESENTATION_CONTEXT(2) 
PARAMETRIC_REPRESENTATION_CONTEXT() REPRESENTATION_CONTEXT('2D SPACE',''
  ) );
#2607 = ORIENTED_EDGE('',*,*,#2556,.F.);
#2608 = ORIENTED_EDGE('',*,*,#2609,.F.);
#2609 = EDGE_CURVE('',#2557,#2557,#2610,.T.);
#2610 = SURFACE_CURVE('',#2611,(#2616,#2623),.PCURVE_S1.);
#2611 = CIRCLE('',#2612,22.5);
#2612 = AXIS2_PLACEMENT_3D('',#2613,#2614,#2615);
#2613 = CARTESIAN_POINT('',(1.177060693582E-13,5.74175948089E-16,42.));
#2614 = DIRECTION('',(0.,0.,1.));
#2615 = DIRECTION('',(1.,0.,0.));
#2616 = PCURVE('',#2567,#2617);
#2617 = DEFINITIONAL_REPRESENTATION('',(#2618),#2622);
#2618 = LINE('',#2619,#2620);
#2619 = CARTESIAN_POINT('',(-0.,0.));
#2620 = VECTOR('',#2621,1.);
#2621 = DIRECTION('',(-1.,0.));
#2622 = ( GEOMETRIC_REPRESENTATION_CONTEXT(2) 
PARAMETRIC_REPRESENTATION_CONTEXT() REPRESENTATION_CONTEXT('2D SPACE',''
  ) );
#2623 = PCURVE('',#2541,#2624);
#2624 = DEFINITIONAL_REPRESENTATION('',(#2625),#2629);
#2625 = CIRCLE('',#2626,22.5);
#2626 = AXIS2_PLACEMENT_2D('',#2627,#2628);
#2627 = CARTESIAN_POINT('',(1.194740727619E-13,7.005078555419E-16));
#2628 = DIRECTION('',(1.,0.));
#2629 = ( GEOMETRIC_REPRESENTATION_CONTEXT(2) 
PARAMETRIC_REPRESENTATION_CONTEXT() REPRESENTATION_CONTEXT('2D SPACE',''
  ) );
#2630 = ADVANCED_FACE('',(#2631,#2634),#2541,.F.);
#2631 = FACE_BOUND('',#2632,.F.);
#2632 = EDGE_LOOP('',(#2633));
#2633 = ORIENTED_EDGE('',*,*,#2526,.T.);
#2634 = FACE_BOUND('',#2635,.F.);
#2635 = EDGE_LOOP('',(#2636));
#2636 = ORIENTED_EDGE('',*,*,#2609,.F.);
#2637 = ADVANCED_FACE('',(#2638,#2641),#2513,.T.);
#2638 = FACE_BOUND('',#2639,.T.);
#2639 = EDGE_LOOP('',(#2640));
#2640 = ORIENTED_EDGE('',*,*,#2498,.T.);
#2641 = FACE_BOUND('',#2642,.T.);
#2642 = EDGE_LOOP('',(#2643));
#2643 = ORIENTED_EDGE('',*,*,#2586,.F.);
#2644 = ( GEOMETRIC_REPRESENTATION_CONTEXT(3) 
GLOBAL_UNCERTAINTY_ASSIGNED_CONTEXT((#2648)) 
GLOBAL_UNIT_ASSIGNED_CONTEXT((#2645,#2646,#2647)) REPRESENTATION_CONTEXT
('Context #1','3D Context with UNIT and UNCERTAINTY') );
#2645 = ( LENGTH_UNIT() NAMED_UNIT(*) SI_UNIT(.MILLI.,.METRE.) );
#2646 = ( NAMED_UNIT(*) PLANE_ANGLE_UNIT() SI_UNIT($,.RADIAN.) );
#2647 = ( NAMED_UNIT(*) SI_UNIT($,.STERADIAN.) SOLID_ANGLE_UNIT() );
#2648 = UNCERTAINTY_MEASURE_WITH_UNIT(LENGTH_MEASURE(1.E-07),#2645,
  'distance_accuracy_value','confusion accuracy');
#2649 = CONTEXT_DEPENDENT_SHAPE_REPRESENTATION(#2650,#2652);
#2650 = ( REPRESENTATION_RELATIONSHIP('','',#2461,#10) 
REPRESENTATION_RELATIONSHIP_WITH_TRANSFORMATION(#2651) 
SHAPE_REPRESENTATION_RELATIONSHIP() );
#2651 = ITEM_DEFINED_TRANSFORMATION('','',#11,#31);
#2652 = PRODUCT_DEFINITION_SHAPE('Placement','Placement of an item',
  #2653);
#2653 = NEXT_ASSEMBLY_USAGE_OCCURRENCE('5','Sealed_aerogel','',#5,#2456,
  $);
#2654 = PRODUCT_RELATED_PRODUCT_CATEGORY('part',$,(#2458));
#2655 = SHAPE_DEFINITION_REPRESENTATION(#2656,#2662);
#2656 = PRODUCT_DEFINITION_SHAPE('','',#2657);
#2657 = PRODUCT_DEFINITION('design','',#2658,#2661);
#2658 = PRODUCT_DEFINITION_FORMATION('','',#2659);
#2659 = PRODUCT('PEEK_carrier','PEEK_carrier','',(#2660));
#2660 = PRODUCT_CONTEXT('',#2,'mechanical');
#2661 = PRODUCT_DEFINITION_CONTEXT('part definition',#2,'design');
#2662 = ADVANCED_BREP_SHAPE_REPRESENTATION('',(#11,#2663),#2845);
#2663 = MANIFOLD_SOLID_BREP('',#2664);
#2664 = CLOSED_SHELL('',(#2665,#2753,#2831,#2838));
#2665 = ADVANCED_FACE('',(#2666),#2680,.T.);
#2666 = FACE_BOUND('',#2667,.F.);
#2667 = EDGE_LOOP('',(#2668,#2698,#2725,#2726));
#2668 = ORIENTED_EDGE('',*,*,#2669,.T.);
#2669 = EDGE_CURVE('',#2670,#2672,#2674,.T.);
#2670 = VERTEX_POINT('',#2671);
#2671 = CARTESIAN_POINT('',(22.5,0.,42.));
#2672 = VERTEX_POINT('',#2673);
#2673 = CARTESIAN_POINT('',(22.5,0.,253.));
#2674 = SEAM_CURVE('',#2675,(#2679,#2691),.PCURVE_S1.);
#2675 = LINE('',#2676,#2677);
#2676 = CARTESIAN_POINT('',(22.5,0.,42.));
#2677 = VECTOR('',#2678,1.);
#2678 = DIRECTION('',(0.,0.,1.));
#2679 = PCURVE('',#2680,#2685);
#2680 = CYLINDRICAL_SURFACE('',#2681,22.5);
#2681 = AXIS2_PLACEMENT_3D('',#2682,#2683,#2684);
#2682 = CARTESIAN_POINT('',(0.,0.,42.));
#2683 = DIRECTION('',(-0.,-0.,-1.));
#2684 = DIRECTION('',(1.,0.,0.));
#2685 = DEFINITIONAL_REPRESENTATION('',(#2686),#2690);
#2686 = LINE('',#2687,#2688);
#2687 = CARTESIAN_POINT('',(-0.,0.));
#2688 = VECTOR('',#2689,1.);
#2689 = DIRECTION('',(-0.,-1.));
#2690 = ( GEOMETRIC_REPRESENTATION_CONTEXT(2) 
PARAMETRIC_REPRESENTATION_CONTEXT() REPRESENTATION_CONTEXT('2D SPACE',''
  ) );
#2691 = PCURVE('',#2680,#2692);
#2692 = DEFINITIONAL_REPRESENTATION('',(#2693),#2697);
#2693 = LINE('',#2694,#2695);
#2694 = CARTESIAN_POINT('',(-6.28318530718,0.));
#2695 = VECTOR('',#2696,1.);
#2696 = DIRECTION('',(-0.,-1.));
#2697 = ( GEOMETRIC_REPRESENTATION_CONTEXT(2) 
PARAMETRIC_REPRESENTATION_CONTEXT() REPRESENTATION_CONTEXT('2D SPACE',''
  ) );
#2698 = ORIENTED_EDGE('',*,*,#2699,.T.);
#2699 = EDGE_CURVE('',#2672,#2672,#2700,.T.);
#2700 = SURFACE_CURVE('',#2701,(#2706,#2713),.PCURVE_S1.);
#2701 = CIRCLE('',#2702,22.5);
#2702 = AXIS2_PLACEMENT_3D('',#2703,#2704,#2705);
#2703 = CARTESIAN_POINT('',(0.,0.,253.));
#2704 = DIRECTION('',(0.,0.,1.));
#2705 = DIRECTION('',(1.,0.,0.));
#2706 = PCURVE('',#2680,#2707);
#2707 = DEFINITIONAL_REPRESENTATION('',(#2708),#2712);
#2708 = LINE('',#2709,#2710);
#2709 = CARTESIAN_POINT('',(-0.,-211.));
#2710 = VECTOR('',#2711,1.);
#2711 = DIRECTION('',(-1.,0.));
#2712 = ( GEOMETRIC_REPRESENTATION_CONTEXT(2) 
PARAMETRIC_REPRESENTATION_CONTEXT() REPRESENTATION_CONTEXT('2D SPACE',''
  ) );
#2713 = PCURVE('',#2714,#2719);
#2714 = PLANE('',#2715);
#2715 = AXIS2_PLACEMENT_3D('',#2716,#2717,#2718);
#2716 = CARTESIAN_POINT('',(-1.944803744056E-15,5.391677266752E-17,253.)
  );
#2717 = DIRECTION('',(0.,0.,1.));
#2718 = DIRECTION('',(1.,0.,-0.));
#2719 = DEFINITIONAL_REPRESENTATION('',(#2720),#2724);
#2720 = CIRCLE('',#2721,22.5);
#2721 = AXIS2_PLACEMENT_2D('',#2722,#2723);
#2722 = CARTESIAN_POINT('',(1.944803744056E-15,-5.391677266752E-17));
#2723 = DIRECTION('',(1.,0.));
#2724 = ( GEOMETRIC_REPRESENTATION_CONTEXT(2) 
PARAMETRIC_REPRESENTATION_CONTEXT() REPRESENTATION_CONTEXT('2D SPACE',''
  ) );
#2725 = ORIENTED_EDGE('',*,*,#2669,.F.);
#2726 = ORIENTED_EDGE('',*,*,#2727,.F.);
#2727 = EDGE_CURVE('',#2670,#2670,#2728,.T.);
#2728 = SURFACE_CURVE('',#2729,(#2734,#2741),.PCURVE_S1.);
#2729 = CIRCLE('',#2730,22.5);
#2730 = AXIS2_PLACEMENT_3D('',#2731,#2732,#2733);
#2731 = CARTESIAN_POINT('',(0.,0.,42.));
#2732 = DIRECTION('',(0.,0.,1.));
#2733 = DIRECTION('',(1.,0.,0.));
#2734 = PCURVE('',#2680,#2735);
#2735 = DEFINITIONAL_REPRESENTATION('',(#2736),#2740);
#2736 = LINE('',#2737,#2738);
#2737 = CARTESIAN_POINT('',(-0.,0.));
#2738 = VECTOR('',#2739,1.);
#2739 = DIRECTION('',(-1.,0.));
#2740 = ( GEOMETRIC_REPRESENTATION_CONTEXT(2) 
PARAMETRIC_REPRESENTATION_CONTEXT() REPRESENTATION_CONTEXT('2D SPACE',''
  ) );
#2741 = PCURVE('',#2742,#2747);
#2742 = PLANE('',#2743);
#2743 = AXIS2_PLACEMENT_3D('',#2744,#2745,#2746);
#2744 = CARTESIAN_POINT('',(-1.944803744056E-15,5.391677266752E-17,42.)
  );
#2745 = DIRECTION('',(0.,0.,1.));
#2746 = DIRECTION('',(1.,0.,-0.));
#2747 = DEFINITIONAL_REPRESENTATION('',(#2748),#2752);
#2748 = CIRCLE('',#2749,22.5);
#2749 = AXIS2_PLACEMENT_2D('',#2750,#2751);
#2750 = CARTESIAN_POINT('',(1.944803744056E-15,-5.391677266752E-17));
#2751 = DIRECTION('',(1.,0.));
#2752 = ( GEOMETRIC_REPRESENTATION_CONTEXT(2) 
PARAMETRIC_REPRESENTATION_CONTEXT() REPRESENTATION_CONTEXT('2D SPACE',''
  ) );
#2753 = ADVANCED_FACE('',(#2754),#2768,.F.);
#2754 = FACE_BOUND('',#2755,.T.);
#2755 = EDGE_LOOP('',(#2756,#2786,#2808,#2809));
#2756 = ORIENTED_EDGE('',*,*,#2757,.T.);
#2757 = EDGE_CURVE('',#2758,#2760,#2762,.T.);
#2758 = VERTEX_POINT('',#2759);
#2759 = CARTESIAN_POINT('',(20.5,3.157967714489E-16,42.));
#2760 = VERTEX_POINT('',#2761);
#2761 = CARTESIAN_POINT('',(20.5,3.157967714489E-16,253.));
#2762 = SEAM_CURVE('',#2763,(#2767,#2779),.PCURVE_S1.);
#2763 = LINE('',#2764,#2765);
#2764 = CARTESIAN_POINT('',(20.5,3.157967714489E-16,42.));
#2765 = VECTOR('',#2766,1.);
#2766 = DIRECTION('',(0.,0.,1.));
#2767 = PCURVE('',#2768,#2773);
#2768 = CYLINDRICAL_SURFACE('',#2769,20.5);
#2769 = AXIS2_PLACEMENT_3D('',#2770,#2771,#2772);
#2770 = CARTESIAN_POINT('',(1.061077152068E-13,3.157967714489E-16,42.));
#2771 = DIRECTION('',(-0.,-0.,-1.));
#2772 = DIRECTION('',(1.,0.,0.));
#2773 = DEFINITIONAL_REPRESENTATION('',(#2774),#2778);
#2774 = LINE('',#2775,#2776);
#2775 = CARTESIAN_POINT('',(-0.,0.));
#2776 = VECTOR('',#2777,1.);
#2777 = DIRECTION('',(-0.,-1.));
#2778 = ( GEOMETRIC_REPRESENTATION_CONTEXT(2) 
PARAMETRIC_REPRESENTATION_CONTEXT() REPRESENTATION_CONTEXT('2D SPACE',''
  ) );
#2779 = PCURVE('',#2768,#2780);
#2780 = DEFINITIONAL_REPRESENTATION('',(#2781),#2785);
#2781 = LINE('',#2782,#2783);
#2782 = CARTESIAN_POINT('',(-6.28318530718,0.));
#2783 = VECTOR('',#2784,1.);
#2784 = DIRECTION('',(-0.,-1.));
#2785 = ( GEOMETRIC_REPRESENTATION_CONTEXT(2) 
PARAMETRIC_REPRESENTATION_CONTEXT() REPRESENTATION_CONTEXT('2D SPACE',''
  ) );
#2786 = ORIENTED_EDGE('',*,*,#2787,.T.);
#2787 = EDGE_CURVE('',#2760,#2760,#2788,.T.);
#2788 = SURFACE_CURVE('',#2789,(#2794,#2801),.PCURVE_S1.);
#2789 = CIRCLE('',#2790,20.5);
#2790 = AXIS2_PLACEMENT_3D('',#2791,#2792,#2793);
#2791 = CARTESIAN_POINT('',(1.061077152068E-13,3.157967714489E-16,253.)
  );
#2792 = DIRECTION('',(0.,0.,1.));
#2793 = DIRECTION('',(1.,0.,0.));
#2794 = PCURVE('',#2768,#2795);
#2795 = DEFINITIONAL_REPRESENTATION('',(#2796),#2800);
#2796 = LINE('',#2797,#2798);
#2797 = CARTESIAN_POINT('',(-0.,-211.));
#2798 = VECTOR('',#2799,1.);
#2799 = DIRECTION('',(-1.,0.));
#2800 = ( GEOMETRIC_REPRESENTATION_CONTEXT(2) 
PARAMETRIC_REPRESENTATION_CONTEXT() REPRESENTATION_CONTEXT('2D SPACE',''
  ) );
#2801 = PCURVE('',#2714,#2802);
#2802 = DEFINITIONAL_REPRESENTATION('',(#2803),#2807);
#2803 = CIRCLE('',#2804,20.5);
#2804 = AXIS2_PLACEMENT_2D('',#2805,#2806);
#2805 = CARTESIAN_POINT('',(1.080525189509E-13,2.618799987814E-16));
#2806 = DIRECTION('',(1.,0.));
#2807 = ( GEOMETRIC_REPRESENTATION_CONTEXT(2) 
PARAMETRIC_REPRESENTATION_CONTEXT() REPRESENTATION_CONTEXT('2D SPACE',''
  ) );
#2808 = ORIENTED_EDGE('',*,*,#2757,.F.);
#2809 = ORIENTED_EDGE('',*,*,#2810,.F.);
#2810 = EDGE_CURVE('',#2758,#2758,#2811,.T.);
#2811 = SURFACE_CURVE('',#2812,(#2817,#2824),.PCURVE_S1.);
#2812 = CIRCLE('',#2813,20.5);
#2813 = AXIS2_PLACEMENT_3D('',#2814,#2815,#2816);
#2814 = CARTESIAN_POINT('',(1.061077152068E-13,3.157967714489E-16,42.));
#2815 = DIRECTION('',(0.,0.,1.));
#2816 = DIRECTION('',(1.,0.,0.));
#2817 = PCURVE('',#2768,#2818);
#2818 = DEFINITIONAL_REPRESENTATION('',(#2819),#2823);
#2819 = LINE('',#2820,#2821);
#2820 = CARTESIAN_POINT('',(-0.,0.));
#2821 = VECTOR('',#2822,1.);
#2822 = DIRECTION('',(-1.,0.));
#2823 = ( GEOMETRIC_REPRESENTATION_CONTEXT(2) 
PARAMETRIC_REPRESENTATION_CONTEXT() REPRESENTATION_CONTEXT('2D SPACE',''
  ) );
#2824 = PCURVE('',#2742,#2825);
#2825 = DEFINITIONAL_REPRESENTATION('',(#2826),#2830);
#2826 = CIRCLE('',#2827,20.5);
#2827 = AXIS2_PLACEMENT_2D('',#2828,#2829);
#2828 = CARTESIAN_POINT('',(1.080525189509E-13,2.618799987814E-16));
#2829 = DIRECTION('',(1.,0.));
#2830 = ( GEOMETRIC_REPRESENTATION_CONTEXT(2) 
PARAMETRIC_REPRESENTATION_CONTEXT() REPRESENTATION_CONTEXT('2D SPACE',''
  ) );
#2831 = ADVANCED_FACE('',(#2832,#2835),#2742,.F.);
#2832 = FACE_BOUND('',#2833,.F.);
#2833 = EDGE_LOOP('',(#2834));
#2834 = ORIENTED_EDGE('',*,*,#2727,.T.);
#2835 = FACE_BOUND('',#2836,.F.);
#2836 = EDGE_LOOP('',(#2837));
#2837 = ORIENTED_EDGE('',*,*,#2810,.F.);
#2838 = ADVANCED_FACE('',(#2839,#2842),#2714,.T.);
#2839 = FACE_BOUND('',#2840,.T.);
#2840 = EDGE_LOOP('',(#2841));
#2841 = ORIENTED_EDGE('',*,*,#2699,.T.);
#2842 = FACE_BOUND('',#2843,.T.);
#2843 = EDGE_LOOP('',(#2844));
#2844 = ORIENTED_EDGE('',*,*,#2787,.F.);
#2845 = ( GEOMETRIC_REPRESENTATION_CONTEXT(3) 
GLOBAL_UNCERTAINTY_ASSIGNED_CONTEXT((#2849)) 
GLOBAL_UNIT_ASSIGNED_CONTEXT((#2846,#2847,#2848)) REPRESENTATION_CONTEXT
('Context #1','3D Context with UNIT and UNCERTAINTY') );
#2846 = ( LENGTH_UNIT() NAMED_UNIT(*) SI_UNIT(.MILLI.,.METRE.) );
#2847 = ( NAMED_UNIT(*) PLANE_ANGLE_UNIT() SI_UNIT($,.RADIAN.) );
#2848 = ( NAMED_UNIT(*) SI_UNIT($,.STERADIAN.) SOLID_ANGLE_UNIT() );
#2849 = UNCERTAINTY_MEASURE_WITH_UNIT(LENGTH_MEASURE(1.E-07),#2846,
  'distance_accuracy_value','confusion accuracy');
#2850 = CONTEXT_DEPENDENT_SHAPE_REPRESENTATION(#2851,#2853);
#2851 = ( REPRESENTATION_RELATIONSHIP('','',#2662,#10) 
REPRESENTATION_RELATIONSHIP_WITH_TRANSFORMATION(#2852) 
SHAPE_REPRESENTATION_RELATIONSHIP() );
#2852 = ITEM_DEFINED_TRANSFORMATION('','',#11,#35);
#2853 = PRODUCT_DEFINITION_SHAPE('Placement','Placement of an item',
  #2854);
#2854 = NEXT_ASSEMBLY_USAGE_OCCURRENCE('6','PEEK_carrier','',#5,#2657,$
  );
#2855 = PRODUCT_RELATED_PRODUCT_CATEGORY('part',$,(#2659));
#2856 = SHAPE_DEFINITION_REPRESENTATION(#2857,#2863);
#2857 = PRODUCT_DEFINITION_SHAPE('','',#2858);
#2858 = PRODUCT_DEFINITION('design','',#2859,#2862);
#2859 = PRODUCT_DEFINITION_FORMATION('','',#2860);
#2860 = PRODUCT('Configurable_analog_front_end',
  'Configurable_analog_front_end','',(#2861));
#2861 = PRODUCT_CONTEXT('',#2,'mechanical');
#2862 = PRODUCT_DEFINITION_CONTEXT('part definition',#2,'design');
#2863 = ADVANCED_BREP_SHAPE_REPRESENTATION('',(#11,#2864),#3194);
#2864 = MANIFOLD_SOLID_BREP('',#2865);
#2865 = CLOSED_SHELL('',(#2866,#2986,#3086,#3133,#3180,#3187));
#2866 = ADVANCED_FACE('',(#2867),#2881,.F.);
#2867 = FACE_BOUND('',#2868,.F.);
#2868 = EDGE_LOOP('',(#2869,#2904,#2932,#2960));
#2869 = ORIENTED_EDGE('',*,*,#2870,.F.);
#2870 = EDGE_CURVE('',#2871,#2873,#2875,.T.);
#2871 = VERTEX_POINT('',#2872);
#2872 = CARTESIAN_POINT('',(-9.,-4.,48.));
#2873 = VERTEX_POINT('',#2874);
#2874 = CARTESIAN_POINT('',(-9.,-4.,73.));
#2875 = SURFACE_CURVE('',#2876,(#2880,#2892),.PCURVE_S1.);
#2876 = LINE('',#2877,#2878);
#2877 = CARTESIAN_POINT('',(-9.,-4.,48.));
#2878 = VECTOR('',#2879,1.);
#2879 = DIRECTION('',(0.,0.,1.));
#2880 = PCURVE('',#2881,#2886);
#2881 = PLANE('',#2882);
#2882 = AXIS2_PLACEMENT_3D('',#2883,#2884,#2885);
#2883 = CARTESIAN_POINT('',(-9.,-4.,48.));
#2884 = DIRECTION('',(1.,0.,0.));
#2885 = DIRECTION('',(0.,0.,1.));
#2886 = DEFINITIONAL_REPRESENTATION('',(#2887),#2891);
#2887 = LINE('',#2888,#2889);
#2888 = CARTESIAN_POINT('',(0.,0.));
#2889 = VECTOR('',#2890,1.);
#2890 = DIRECTION('',(1.,0.));
#2891 = ( GEOMETRIC_REPRESENTATION_CONTEXT(2) 
PARAMETRIC_REPRESENTATION_CONTEXT() REPRESENTATION_CONTEXT('2D SPACE',''
  ) );
#2892 = PCURVE('',#2893,#2898);
#2893 = PLANE('',#2894);
#2894 = AXIS2_PLACEMENT_3D('',#2895,#2896,#2897);
#2895 = CARTESIAN_POINT('',(-9.,-4.,48.));
#2896 = DIRECTION('',(0.,1.,0.));
#2897 = DIRECTION('',(0.,0.,1.));
#2898 = DEFINITIONAL_REPRESENTATION('',(#2899),#2903);
#2899 = LINE('',#2900,#2901);
#2900 = CARTESIAN_POINT('',(0.,0.));
#2901 = VECTOR('',#2902,1.);
#2902 = DIRECTION('',(1.,0.));
#2903 = ( GEOMETRIC_REPRESENTATION_CONTEXT(2) 
PARAMETRIC_REPRESENTATION_CONTEXT() REPRESENTATION_CONTEXT('2D SPACE',''
  ) );
#2904 = ORIENTED_EDGE('',*,*,#2905,.T.);
#2905 = EDGE_CURVE('',#2871,#2906,#2908,.T.);
#2906 = VERTEX_POINT('',#2907);
#2907 = CARTESIAN_POINT('',(-9.,4.,48.));
#2908 = SURFACE_CURVE('',#2909,(#2913,#2920),.PCURVE_S1.);
#2909 = LINE('',#2910,#2911);
#2910 = CARTESIAN_POINT('',(-9.,-4.,48.));
#2911 = VECTOR('',#2912,1.);
#2912 = DIRECTION('',(0.,1.,0.));
#2913 = PCURVE('',#2881,#2914);
#2914 = DEFINITIONAL_REPRESENTATION('',(#2915),#2919);
#2915 = LINE('',#2916,#2917);
#2916 = CARTESIAN_POINT('',(0.,0.));
#2917 = VECTOR('',#2918,1.);
#2918 = DIRECTION('',(0.,-1.));
#2919 = ( GEOMETRIC_REPRESENTATION_CONTEXT(2) 
PARAMETRIC_REPRESENTATION_CONTEXT() REPRESENTATION_CONTEXT('2D SPACE',''
  ) );
#2920 = PCURVE('',#2921,#2926);
#2921 = PLANE('',#2922);
#2922 = AXIS2_PLACEMENT_3D('',#2923,#2924,#2925);
#2923 = CARTESIAN_POINT('',(-9.,-4.,48.));
#2924 = DIRECTION('',(0.,0.,1.));
#2925 = DIRECTION('',(1.,0.,0.));
#2926 = DEFINITIONAL_REPRESENTATION('',(#2927),#2931);
#2927 = LINE('',#2928,#2929);
#2928 = CARTESIAN_POINT('',(0.,0.));
#2929 = VECTOR('',#2930,1.);
#2930 = DIRECTION('',(0.,1.));
#2931 = ( GEOMETRIC_REPRESENTATION_CONTEXT(2) 
PARAMETRIC_REPRESENTATION_CONTEXT() REPRESENTATION_CONTEXT('2D SPACE',''
  ) );
#2932 = ORIENTED_EDGE('',*,*,#2933,.T.);
#2933 = EDGE_CURVE('',#2906,#2934,#2936,.T.);
#2934 = VERTEX_POINT('',#2935);
#2935 = CARTESIAN_POINT('',(-9.,4.,73.));
#2936 = SURFACE_CURVE('',#2937,(#2941,#2948),.PCURVE_S1.);
#2937 = LINE('',#2938,#2939);
#2938 = CARTESIAN_POINT('',(-9.,4.,48.));
#2939 = VECTOR('',#2940,1.);
#2940 = DIRECTION('',(0.,0.,1.));
#2941 = PCURVE('',#2881,#2942);
#2942 = DEFINITIONAL_REPRESENTATION('',(#2943),#2947);
#2943 = LINE('',#2944,#2945);
#2944 = CARTESIAN_POINT('',(0.,-8.));
#2945 = VECTOR('',#2946,1.);
#2946 = DIRECTION('',(1.,0.));
#2947 = ( GEOMETRIC_REPRESENTATION_CONTEXT(2) 
PARAMETRIC_REPRESENTATION_CONTEXT() REPRESENTATION_CONTEXT('2D SPACE',''
  ) );
#2948 = PCURVE('',#2949,#2954);
#2949 = PLANE('',#2950);
#2950 = AXIS2_PLACEMENT_3D('',#2951,#2952,#2953);
#2951 = CARTESIAN_POINT('',(-9.,4.,48.));
#2952 = DIRECTION('',(0.,1.,0.));
#2953 = DIRECTION('',(0.,0.,1.));
#2954 = DEFINITIONAL_REPRESENTATION('',(#2955),#2959);
#2955 = LINE('',#2956,#2957);
#2956 = CARTESIAN_POINT('',(0.,0.));
#2957 = VECTOR('',#2958,1.);
#2958 = DIRECTION('',(1.,0.));
#2959 = ( GEOMETRIC_REPRESENTATION_CONTEXT(2) 
PARAMETRIC_REPRESENTATION_CONTEXT() REPRESENTATION_CONTEXT('2D SPACE',''
  ) );
#2960 = ORIENTED_EDGE('',*,*,#2961,.F.);
#2961 = EDGE_CURVE('',#2873,#2934,#2962,.T.);
#2962 = SURFACE_CURVE('',#2963,(#2967,#2974),.PCURVE_S1.);
#2963 = LINE('',#2964,#2965);
#2964 = CARTESIAN_POINT('',(-9.,-4.,73.));
#2965 = VECTOR('',#2966,1.);
#2966 = DIRECTION('',(0.,1.,0.));
#2967 = PCURVE('',#2881,#2968);
#2968 = DEFINITIONAL_REPRESENTATION('',(#2969),#2973);
#2969 = LINE('',#2970,#2971);
#2970 = CARTESIAN_POINT('',(25.,0.));
#2971 = VECTOR('',#2972,1.);
#2972 = DIRECTION('',(0.,-1.));
#2973 = ( GEOMETRIC_REPRESENTATION_CONTEXT(2) 
PARAMETRIC_REPRESENTATION_CONTEXT() REPRESENTATION_CONTEXT('2D SPACE',''
  ) );
#2974 = PCURVE('',#2975,#2980);
#2975 = PLANE('',#2976);
#2976 = AXIS2_PLACEMENT_3D('',#2977,#2978,#2979);
#2977 = CARTESIAN_POINT('',(-9.,-4.,73.));
#2978 = DIRECTION('',(0.,0.,1.));
#2979 = DIRECTION('',(1.,0.,0.));
#2980 = DEFINITIONAL_REPRESENTATION('',(#2981),#2985);
#2981 = LINE('',#2982,#2983);
#2982 = CARTESIAN_POINT('',(0.,0.));
#2983 = VECTOR('',#2984,1.);
#2984 = DIRECTION('',(0.,1.));
#2985 = ( GEOMETRIC_REPRESENTATION_CONTEXT(2) 
PARAMETRIC_REPRESENTATION_CONTEXT() REPRESENTATION_CONTEXT('2D SPACE',''
  ) );
#2986 = ADVANCED_FACE('',(#2987),#3001,.T.);
#2987 = FACE_BOUND('',#2988,.T.);
#2988 = EDGE_LOOP('',(#2989,#3019,#3042,#3065));
#2989 = ORIENTED_EDGE('',*,*,#2990,.F.);
#2990 = EDGE_CURVE('',#2991,#2993,#2995,.T.);
#2991 = VERTEX_POINT('',#2992);
#2992 = CARTESIAN_POINT('',(9.,-4.,48.));
#2993 = VERTEX_POINT('',#2994);
#2994 = CARTESIAN_POINT('',(9.,-4.,73.));
#2995 = SURFACE_CURVE('',#2996,(#3000,#3012),.PCURVE_S1.);
#2996 = LINE('',#2997,#2998);
#2997 = CARTESIAN_POINT('',(9.,-4.,48.));
#2998 = VECTOR('',#2999,1.);
#2999 = DIRECTION('',(0.,0.,1.));
#3000 = PCURVE('',#3001,#3006);
#3001 = PLANE('',#3002);
#3002 = AXIS2_PLACEMENT_3D('',#3003,#3004,#3005);
#3003 = CARTESIAN_POINT('',(9.,-4.,48.));
#3004 = DIRECTION('',(1.,0.,0.));
#3005 = DIRECTION('',(0.,0.,1.));
#3006 = DEFINITIONAL_REPRESENTATION('',(#3007),#3011);
#3007 = LINE('',#3008,#3009);
#3008 = CARTESIAN_POINT('',(0.,0.));
#3009 = VECTOR('',#3010,1.);
#3010 = DIRECTION('',(1.,0.));
#3011 = ( GEOMETRIC_REPRESENTATION_CONTEXT(2) 
PARAMETRIC_REPRESENTATION_CONTEXT() REPRESENTATION_CONTEXT('2D SPACE',''
  ) );
#3012 = PCURVE('',#2893,#3013);
#3013 = DEFINITIONAL_REPRESENTATION('',(#3014),#3018);
#3014 = LINE('',#3015,#3016);
#3015 = CARTESIAN_POINT('',(0.,18.));
#3016 = VECTOR('',#3017,1.);
#3017 = DIRECTION('',(1.,0.));
#3018 = ( GEOMETRIC_REPRESENTATION_CONTEXT(2) 
PARAMETRIC_REPRESENTATION_CONTEXT() REPRESENTATION_CONTEXT('2D SPACE',''
  ) );
#3019 = ORIENTED_EDGE('',*,*,#3020,.T.);
#3020 = EDGE_CURVE('',#2991,#3021,#3023,.T.);
#3021 = VERTEX_POINT('',#3022);
#3022 = CARTESIAN_POINT('',(9.,4.,48.));
#3023 = SURFACE_CURVE('',#3024,(#3028,#3035),.PCURVE_S1.);
#3024 = LINE('',#3025,#3026);
#3025 = CARTESIAN_POINT('',(9.,-4.,48.));
#3026 = VECTOR('',#3027,1.);
#3027 = DIRECTION('',(0.,1.,0.));
#3028 = PCURVE('',#3001,#3029);
#3029 = DEFINITIONAL_REPRESENTATION('',(#3030),#3034);
#3030 = LINE('',#3031,#3032);
#3031 = CARTESIAN_POINT('',(0.,0.));
#3032 = VECTOR('',#3033,1.);
#3033 = DIRECTION('',(0.,-1.));
#3034 = ( GEOMETRIC_REPRESENTATION_CONTEXT(2) 
PARAMETRIC_REPRESENTATION_CONTEXT() REPRESENTATION_CONTEXT('2D SPACE',''
  ) );
#3035 = PCURVE('',#2921,#3036);
#3036 = DEFINITIONAL_REPRESENTATION('',(#3037),#3041);
#3037 = LINE('',#3038,#3039);
#3038 = CARTESIAN_POINT('',(18.,0.));
#3039 = VECTOR('',#3040,1.);
#3040 = DIRECTION('',(0.,1.));
#3041 = ( GEOMETRIC_REPRESENTATION_CONTEXT(2) 
PARAMETRIC_REPRESENTATION_CONTEXT() REPRESENTATION_CONTEXT('2D SPACE',''
  ) );
#3042 = ORIENTED_EDGE('',*,*,#3043,.T.);
#3043 = EDGE_CURVE('',#3021,#3044,#3046,.T.);
#3044 = VERTEX_POINT('',#3045);
#3045 = CARTESIAN_POINT('',(9.,4.,73.));
#3046 = SURFACE_CURVE('',#3047,(#3051,#3058),.PCURVE_S1.);
#3047 = LINE('',#3048,#3049);
#3048 = CARTESIAN_POINT('',(9.,4.,48.));
#3049 = VECTOR('',#3050,1.);
#3050 = DIRECTION('',(0.,0.,1.));
#3051 = PCURVE('',#3001,#3052);
#3052 = DEFINITIONAL_REPRESENTATION('',(#3053),#3057);
#3053 = LINE('',#3054,#3055);
#3054 = CARTESIAN_POINT('',(0.,-8.));
#3055 = VECTOR('',#3056,1.);
#3056 = DIRECTION('',(1.,0.));
#3057 = ( GEOMETRIC_REPRESENTATION_CONTEXT(2) 
PARAMETRIC_REPRESENTATION_CONTEXT() REPRESENTATION_CONTEXT('2D SPACE',''
  ) );
#3058 = PCURVE('',#2949,#3059);
#3059 = DEFINITIONAL_REPRESENTATION('',(#3060),#3064);
#3060 = LINE('',#3061,#3062);
#3061 = CARTESIAN_POINT('',(0.,18.));
#3062 = VECTOR('',#3063,1.);
#3063 = DIRECTION('',(1.,0.));
#3064 = ( GEOMETRIC_REPRESENTATION_CONTEXT(2) 
PARAMETRIC_REPRESENTATION_CONTEXT() REPRESENTATION_CONTEXT('2D SPACE',''
  ) );
#3065 = ORIENTED_EDGE('',*,*,#3066,.F.);
#3066 = EDGE_CURVE('',#2993,#3044,#3067,.T.);
#3067 = SURFACE_CURVE('',#3068,(#3072,#3079),.PCURVE_S1.);
#3068 = LINE('',#3069,#3070);
#3069 = CARTESIAN_POINT('',(9.,-4.,73.));
#3070 = VECTOR('',#3071,1.);
#3071 = DIRECTION('',(0.,1.,0.));
#3072 = PCURVE('',#3001,#3073);
#3073 = DEFINITIONAL_REPRESENTATION('',(#3074),#3078);
#3074 = LINE('',#3075,#3076);
#3075 = CARTESIAN_POINT('',(25.,0.));
#3076 = VECTOR('',#3077,1.);
#3077 = DIRECTION('',(0.,-1.));
#3078 = ( GEOMETRIC_REPRESENTATION_CONTEXT(2) 
PARAMETRIC_REPRESENTATION_CONTEXT() REPRESENTATION_CONTEXT('2D SPACE',''
  ) );
#3079 = PCURVE('',#2975,#3080);
#3080 = DEFINITIONAL_REPRESENTATION('',(#3081),#3085);
#3081 = LINE('',#3082,#3083);
#3082 = CARTESIAN_POINT('',(18.,0.));
#3083 = VECTOR('',#3084,1.);
#3084 = DIRECTION('',(0.,1.));
#3085 = ( GEOMETRIC_REPRESENTATION_CONTEXT(2) 
PARAMETRIC_REPRESENTATION_CONTEXT() REPRESENTATION_CONTEXT('2D SPACE',''
  ) );
#3086 = ADVANCED_FACE('',(#3087),#2893,.F.);
#3087 = FACE_BOUND('',#3088,.F.);
#3088 = EDGE_LOOP('',(#3089,#3110,#3111,#3132));
#3089 = ORIENTED_EDGE('',*,*,#3090,.F.);
#3090 = EDGE_CURVE('',#2871,#2991,#3091,.T.);
#3091 = SURFACE_CURVE('',#3092,(#3096,#3103),.PCURVE_S1.);
#3092 = LINE('',#3093,#3094);
#3093 = CARTESIAN_POINT('',(-9.,-4.,48.));
#3094 = VECTOR('',#3095,1.);
#3095 = DIRECTION('',(1.,0.,0.));
#3096 = PCURVE('',#2893,#3097);
#3097 = DEFINITIONAL_REPRESENTATION('',(#3098),#3102);
#3098 = LINE('',#3099,#3100);
#3099 = CARTESIAN_POINT('',(0.,0.));
#3100 = VECTOR('',#3101,1.);
#3101 = DIRECTION('',(0.,1.));
#3102 = ( GEOMETRIC_REPRESENTATION_CONTEXT(2) 
PARAMETRIC_REPRESENTATION_CONTEXT() REPRESENTATION_CONTEXT('2D SPACE',''
  ) );
#3103 = PCURVE('',#2921,#3104);
#3104 = DEFINITIONAL_REPRESENTATION('',(#3105),#3109);
#3105 = LINE('',#3106,#3107);
#3106 = CARTESIAN_POINT('',(0.,0.));
#3107 = VECTOR('',#3108,1.);
#3108 = DIRECTION('',(1.,0.));
#3109 = ( GEOMETRIC_REPRESENTATION_CONTEXT(2) 
PARAMETRIC_REPRESENTATION_CONTEXT() REPRESENTATION_CONTEXT('2D SPACE',''
  ) );
#3110 = ORIENTED_EDGE('',*,*,#2870,.T.);
#3111 = ORIENTED_EDGE('',*,*,#3112,.T.);
#3112 = EDGE_CURVE('',#2873,#2993,#3113,.T.);
#3113 = SURFACE_CURVE('',#3114,(#3118,#3125),.PCURVE_S1.);
#3114 = LINE('',#3115,#3116);
#3115 = CARTESIAN_POINT('',(-9.,-4.,73.));
#3116 = VECTOR('',#3117,1.);
#3117 = DIRECTION('',(1.,0.,0.));
#3118 = PCURVE('',#2893,#3119);
#3119 = DEFINITIONAL_REPRESENTATION('',(#3120),#3124);
#3120 = LINE('',#3121,#3122);
#3121 = CARTESIAN_POINT('',(25.,0.));
#3122 = VECTOR('',#3123,1.);
#3123 = DIRECTION('',(0.,1.));
#3124 = ( GEOMETRIC_REPRESENTATION_CONTEXT(2) 
PARAMETRIC_REPRESENTATION_CONTEXT() REPRESENTATION_CONTEXT('2D SPACE',''
  ) );
#3125 = PCURVE('',#2975,#3126);
#3126 = DEFINITIONAL_REPRESENTATION('',(#3127),#3131);
#3127 = LINE('',#3128,#3129);
#3128 = CARTESIAN_POINT('',(0.,0.));
#3129 = VECTOR('',#3130,1.);
#3130 = DIRECTION('',(1.,0.));
#3131 = ( GEOMETRIC_REPRESENTATION_CONTEXT(2) 
PARAMETRIC_REPRESENTATION_CONTEXT() REPRESENTATION_CONTEXT('2D SPACE',''
  ) );
#3132 = ORIENTED_EDGE('',*,*,#2990,.F.);
#3133 = ADVANCED_FACE('',(#3134),#2949,.T.);
#3134 = FACE_BOUND('',#3135,.T.);
#3135 = EDGE_LOOP('',(#3136,#3157,#3158,#3179));
#3136 = ORIENTED_EDGE('',*,*,#3137,.F.);
#3137 = EDGE_CURVE('',#2906,#3021,#3138,.T.);
#3138 = SURFACE_CURVE('',#3139,(#3143,#3150),.PCURVE_S1.);
#3139 = LINE('',#3140,#3141);
#3140 = CARTESIAN_POINT('',(-9.,4.,48.));
#3141 = VECTOR('',#3142,1.);
#3142 = DIRECTION('',(1.,0.,0.));
#3143 = PCURVE('',#2949,#3144);
#3144 = DEFINITIONAL_REPRESENTATION('',(#3145),#3149);
#3145 = LINE('',#3146,#3147);
#3146 = CARTESIAN_POINT('',(0.,0.));
#3147 = VECTOR('',#3148,1.);
#3148 = DIRECTION('',(0.,1.));
#3149 = ( GEOMETRIC_REPRESENTATION_CONTEXT(2) 
PARAMETRIC_REPRESENTATION_CONTEXT() REPRESENTATION_CONTEXT('2D SPACE',''
  ) );
#3150 = PCURVE('',#2921,#3151);
#3151 = DEFINITIONAL_REPRESENTATION('',(#3152),#3156);
#3152 = LINE('',#3153,#3154);
#3153 = CARTESIAN_POINT('',(0.,8.));
#3154 = VECTOR('',#3155,1.);
#3155 = DIRECTION('',(1.,0.));
#3156 = ( GEOMETRIC_REPRESENTATION_CONTEXT(2) 
PARAMETRIC_REPRESENTATION_CONTEXT() REPRESENTATION_CONTEXT('2D SPACE',''
  ) );
#3157 = ORIENTED_EDGE('',*,*,#2933,.T.);
#3158 = ORIENTED_EDGE('',*,*,#3159,.T.);
#3159 = EDGE_CURVE('',#2934,#3044,#3160,.T.);
#3160 = SURFACE_CURVE('',#3161,(#3165,#3172),.PCURVE_S1.);
#3161 = LINE('',#3162,#3163);
#3162 = CARTESIAN_POINT('',(-9.,4.,73.));
#3163 = VECTOR('',#3164,1.);
#3164 = DIRECTION('',(1.,0.,0.));
#3165 = PCURVE('',#2949,#3166);
#3166 = DEFINITIONAL_REPRESENTATION('',(#3167),#3171);
#3167 = LINE('',#3168,#3169);
#3168 = CARTESIAN_POINT('',(25.,0.));
#3169 = VECTOR('',#3170,1.);
#3170 = DIRECTION('',(0.,1.));
#3171 = ( GEOMETRIC_REPRESENTATION_CONTEXT(2) 
PARAMETRIC_REPRESENTATION_CONTEXT() REPRESENTATION_CONTEXT('2D SPACE',''
  ) );
#3172 = PCURVE('',#2975,#3173);
#3173 = DEFINITIONAL_REPRESENTATION('',(#3174),#3178);
#3174 = LINE('',#3175,#3176);
#3175 = CARTESIAN_POINT('',(0.,8.));
#3176 = VECTOR('',#3177,1.);
#3177 = DIRECTION('',(1.,0.));
#3178 = ( GEOMETRIC_REPRESENTATION_CONTEXT(2) 
PARAMETRIC_REPRESENTATION_CONTEXT() REPRESENTATION_CONTEXT('2D SPACE',''
  ) );
#3179 = ORIENTED_EDGE('',*,*,#3043,.F.);
#3180 = ADVANCED_FACE('',(#3181),#2921,.F.);
#3181 = FACE_BOUND('',#3182,.F.);
#3182 = EDGE_LOOP('',(#3183,#3184,#3185,#3186));
#3183 = ORIENTED_EDGE('',*,*,#2905,.F.);
#3184 = ORIENTED_EDGE('',*,*,#3090,.T.);
#3185 = ORIENTED_EDGE('',*,*,#3020,.T.);
#3186 = ORIENTED_EDGE('',*,*,#3137,.F.);
#3187 = ADVANCED_FACE('',(#3188),#2975,.T.);
#3188 = FACE_BOUND('',#3189,.T.);
#3189 = EDGE_LOOP('',(#3190,#3191,#3192,#3193));
#3190 = ORIENTED_EDGE('',*,*,#2961,.F.);
#3191 = ORIENTED_EDGE('',*,*,#3112,.T.);
#3192 = ORIENTED_EDGE('',*,*,#3066,.T.);
#3193 = ORIENTED_EDGE('',*,*,#3159,.F.);
#3194 = ( GEOMETRIC_REPRESENTATION_CONTEXT(3) 
GLOBAL_UNCERTAINTY_ASSIGNED_CONTEXT((#3198)) 
GLOBAL_UNIT_ASSIGNED_CONTEXT((#3195,#3196,#3197)) REPRESENTATION_CONTEXT
('Context #1','3D Context with UNIT and UNCERTAINTY') );
#3195 = ( LENGTH_UNIT() NAMED_UNIT(*) SI_UNIT(.MILLI.,.METRE.) );
#3196 = ( NAMED_UNIT(*) PLANE_ANGLE_UNIT() SI_UNIT($,.RADIAN.) );
#3197 = ( NAMED_UNIT(*) SI_UNIT($,.STERADIAN.) SOLID_ANGLE_UNIT() );
#3198 = UNCERTAINTY_MEASURE_WITH_UNIT(LENGTH_MEASURE(1.E-07),#3195,
  'distance_accuracy_value','confusion accuracy');
#3199 = CONTEXT_DEPENDENT_SHAPE_REPRESENTATION(#3200,#3202);
#3200 = ( REPRESENTATION_RELATIONSHIP('','',#2863,#10) 
REPRESENTATION_RELATIONSHIP_WITH_TRANSFORMATION(#3201) 
SHAPE_REPRESENTATION_RELATIONSHIP() );
#3201 = ITEM_DEFINED_TRANSFORMATION('','',#11,#39);
#3202 = PRODUCT_DEFINITION_SHAPE('Placement','Placement of an item',
  #3203);
#3203 = NEXT_ASSEMBLY_USAGE_OCCURRENCE('7',
  'Configurable_analog_front_end','',#5,#2858,$);
#3204 = PRODUCT_RELATED_PRODUCT_CATEGORY('part',$,(#2860));
#3205 = SHAPE_DEFINITION_REPRESENTATION(#3206,#3212);
#3206 = PRODUCT_DEFINITION_SHAPE('','',#3207);
#3207 = PRODUCT_DEFINITION('design','',#3208,#3211);
#3208 = PRODUCT_DEFINITION_FORMATION('','',#3209);
#3209 = PRODUCT('PCM1808_provisional_envelope',
  'PCM1808_provisional_envelope','',(#3210));
#3210 = PRODUCT_CONTEXT('',#2,'mechanical');
#3211 = PRODUCT_DEFINITION_CONTEXT('part definition',#2,'design');
#3212 = ADVANCED_BREP_SHAPE_REPRESENTATION('',(#11,#3213),#3543);
#3213 = MANIFOLD_SOLID_BREP('',#3214);
#3214 = CLOSED_SHELL('',(#3215,#3335,#3435,#3482,#3529,#3536));
#3215 = ADVANCED_FACE('',(#3216),#3230,.F.);
#3216 = FACE_BOUND('',#3217,.F.);
#3217 = EDGE_LOOP('',(#3218,#3253,#3281,#3309));
#3218 = ORIENTED_EDGE('',*,*,#3219,.F.);
#3219 = EDGE_CURVE('',#3220,#3222,#3224,.T.);
#3220 = VERTEX_POINT('',#3221);
#3221 = CARTESIAN_POINT('',(-16.,-9.,78.));
#3222 = VERTEX_POINT('',#3223);
#3223 = CARTESIAN_POINT('',(-16.,-9.,130.));
#3224 = SURFACE_CURVE('',#3225,(#3229,#3241),.PCURVE_S1.);
#3225 = LINE('',#3226,#3227);
#3226 = CARTESIAN_POINT('',(-16.,-9.,78.));
#3227 = VECTOR('',#3228,1.);
#3228 = DIRECTION('',(0.,0.,1.));
#3229 = PCURVE('',#3230,#3235);
#3230 = PLANE('',#3231);
#3231 = AXIS2_PLACEMENT_3D('',#3232,#3233,#3234);
#3232 = CARTESIAN_POINT('',(-16.,-9.,78.));
#3233 = DIRECTION('',(1.,0.,0.));
#3234 = DIRECTION('',(0.,0.,1.));
#3235 = DEFINITIONAL_REPRESENTATION('',(#3236),#3240);
#3236 = LINE('',#3237,#3238);
#3237 = CARTESIAN_POINT('',(0.,0.));
#3238 = VECTOR('',#3239,1.);
#3239 = DIRECTION('',(1.,0.));
#3240 = ( GEOMETRIC_REPRESENTATION_CONTEXT(2) 
PARAMETRIC_REPRESENTATION_CONTEXT() REPRESENTATION_CONTEXT('2D SPACE',''
  ) );
#3241 = PCURVE('',#3242,#3247);
#3242 = PLANE('',#3243);
#3243 = AXIS2_PLACEMENT_3D('',#3244,#3245,#3246);
#3244 = CARTESIAN_POINT('',(-16.,-9.,78.));
#3245 = DIRECTION('',(0.,1.,0.));
#3246 = DIRECTION('',(0.,0.,1.));
#3247 = DEFINITIONAL_REPRESENTATION('',(#3248),#3252);
#3248 = LINE('',#3249,#3250);
#3249 = CARTESIAN_POINT('',(0.,0.));
#3250 = VECTOR('',#3251,1.);
#3251 = DIRECTION('',(1.,0.));
#3252 = ( GEOMETRIC_REPRESENTATION_CONTEXT(2) 
PARAMETRIC_REPRESENTATION_CONTEXT() REPRESENTATION_CONTEXT('2D SPACE',''
  ) );
#3253 = ORIENTED_EDGE('',*,*,#3254,.T.);
#3254 = EDGE_CURVE('',#3220,#3255,#3257,.T.);
#3255 = VERTEX_POINT('',#3256);
#3256 = CARTESIAN_POINT('',(-16.,9.,78.));
#3257 = SURFACE_CURVE('',#3258,(#3262,#3269),.PCURVE_S1.);
#3258 = LINE('',#3259,#3260);
#3259 = CARTESIAN_POINT('',(-16.,-9.,78.));
#3260 = VECTOR('',#3261,1.);
#3261 = DIRECTION('',(0.,1.,0.));
#3262 = PCURVE('',#3230,#3263);
#3263 = DEFINITIONAL_REPRESENTATION('',(#3264),#3268);
#3264 = LINE('',#3265,#3266);
#3265 = CARTESIAN_POINT('',(0.,0.));
#3266 = VECTOR('',#3267,1.);
#3267 = DIRECTION('',(0.,-1.));
#3268 = ( GEOMETRIC_REPRESENTATION_CONTEXT(2) 
PARAMETRIC_REPRESENTATION_CONTEXT() REPRESENTATION_CONTEXT('2D SPACE',''
  ) );
#3269 = PCURVE('',#3270,#3275);
#3270 = PLANE('',#3271);
#3271 = AXIS2_PLACEMENT_3D('',#3272,#3273,#3274);
#3272 = CARTESIAN_POINT('',(-16.,-9.,78.));
#3273 = DIRECTION('',(0.,0.,1.));
#3274 = DIRECTION('',(1.,0.,0.));
#3275 = DEFINITIONAL_REPRESENTATION('',(#3276),#3280);
#3276 = LINE('',#3277,#3278);
#3277 = CARTESIAN_POINT('',(0.,0.));
#3278 = VECTOR('',#3279,1.);
#3279 = DIRECTION('',(0.,1.));
#3280 = ( GEOMETRIC_REPRESENTATION_CONTEXT(2) 
PARAMETRIC_REPRESENTATION_CONTEXT() REPRESENTATION_CONTEXT('2D SPACE',''
  ) );
#3281 = ORIENTED_EDGE('',*,*,#3282,.T.);
#3282 = EDGE_CURVE('',#3255,#3283,#3285,.T.);
#3283 = VERTEX_POINT('',#3284);
#3284 = CARTESIAN_POINT('',(-16.,9.,130.));
#3285 = SURFACE_CURVE('',#3286,(#3290,#3297),.PCURVE_S1.);
#3286 = LINE('',#3287,#3288);
#3287 = CARTESIAN_POINT('',(-16.,9.,78.));
#3288 = VECTOR('',#3289,1.);
#3289 = DIRECTION('',(0.,0.,1.));
#3290 = PCURVE('',#3230,#3291);
#3291 = DEFINITIONAL_REPRESENTATION('',(#3292),#3296);
#3292 = LINE('',#3293,#3294);
#3293 = CARTESIAN_POINT('',(0.,-18.));
#3294 = VECTOR('',#3295,1.);
#3295 = DIRECTION('',(1.,0.));
#3296 = ( GEOMETRIC_REPRESENTATION_CONTEXT(2) 
PARAMETRIC_REPRESENTATION_CONTEXT() REPRESENTATION_CONTEXT('2D SPACE',''
  ) );
#3297 = PCURVE('',#3298,#3303);
#3298 = PLANE('',#3299);
#3299 = AXIS2_PLACEMENT_3D('',#3300,#3301,#3302);
#3300 = CARTESIAN_POINT('',(-16.,9.,78.));
#3301 = DIRECTION('',(0.,1.,0.));
#3302 = DIRECTION('',(0.,0.,1.));
#3303 = DEFINITIONAL_REPRESENTATION('',(#3304),#3308);
#3304 = LINE('',#3305,#3306);
#3305 = CARTESIAN_POINT('',(0.,0.));
#3306 = VECTOR('',#3307,1.);
#3307 = DIRECTION('',(1.,0.));
#3308 = ( GEOMETRIC_REPRESENTATION_CONTEXT(2) 
PARAMETRIC_REPRESENTATION_CONTEXT() REPRESENTATION_CONTEXT('2D SPACE',''
  ) );
#3309 = ORIENTED_EDGE('',*,*,#3310,.F.);
#3310 = EDGE_CURVE('',#3222,#3283,#3311,.T.);
#3311 = SURFACE_CURVE('',#3312,(#3316,#3323),.PCURVE_S1.);
#3312 = LINE('',#3313,#3314);
#3313 = CARTESIAN_POINT('',(-16.,-9.,130.));
#3314 = VECTOR('',#3315,1.);
#3315 = DIRECTION('',(0.,1.,0.));
#3316 = PCURVE('',#3230,#3317);
#3317 = DEFINITIONAL_REPRESENTATION('',(#3318),#3322);
#3318 = LINE('',#3319,#3320);
#3319 = CARTESIAN_POINT('',(52.,0.));
#3320 = VECTOR('',#3321,1.);
#3321 = DIRECTION('',(0.,-1.));
#3322 = ( GEOMETRIC_REPRESENTATION_CONTEXT(2) 
PARAMETRIC_REPRESENTATION_CONTEXT() REPRESENTATION_CONTEXT('2D SPACE',''
  ) );
#3323 = PCURVE('',#3324,#3329);
#3324 = PLANE('',#3325);
#3325 = AXIS2_PLACEMENT_3D('',#3326,#3327,#3328);
#3326 = CARTESIAN_POINT('',(-16.,-9.,130.));
#3327 = DIRECTION('',(0.,0.,1.));
#3328 = DIRECTION('',(1.,0.,0.));
#3329 = DEFINITIONAL_REPRESENTATION('',(#3330),#3334);
#3330 = LINE('',#3331,#3332);
#3331 = CARTESIAN_POINT('',(0.,0.));
#3332 = VECTOR('',#3333,1.);
#3333 = DIRECTION('',(0.,1.));
#3334 = ( GEOMETRIC_REPRESENTATION_CONTEXT(2) 
PARAMETRIC_REPRESENTATION_CONTEXT() REPRESENTATION_CONTEXT('2D SPACE',''
  ) );
#3335 = ADVANCED_FACE('',(#3336),#3350,.T.);
#3336 = FACE_BOUND('',#3337,.T.);
#3337 = EDGE_LOOP('',(#3338,#3368,#3391,#3414));
#3338 = ORIENTED_EDGE('',*,*,#3339,.F.);
#3339 = EDGE_CURVE('',#3340,#3342,#3344,.T.);
#3340 = VERTEX_POINT('',#3341);
#3341 = CARTESIAN_POINT('',(16.,-9.,78.));
#3342 = VERTEX_POINT('',#3343);
#3343 = CARTESIAN_POINT('',(16.,-9.,130.));
#3344 = SURFACE_CURVE('',#3345,(#3349,#3361),.PCURVE_S1.);
#3345 = LINE('',#3346,#3347);
#3346 = CARTESIAN_POINT('',(16.,-9.,78.));
#3347 = VECTOR('',#3348,1.);
#3348 = DIRECTION('',(0.,0.,1.));
#3349 = PCURVE('',#3350,#3355);
#3350 = PLANE('',#3351);
#3351 = AXIS2_PLACEMENT_3D('',#3352,#3353,#3354);
#3352 = CARTESIAN_POINT('',(16.,-9.,78.));
#3353 = DIRECTION('',(1.,0.,0.));
#3354 = DIRECTION('',(0.,0.,1.));
#3355 = DEFINITIONAL_REPRESENTATION('',(#3356),#3360);
#3356 = LINE('',#3357,#3358);
#3357 = CARTESIAN_POINT('',(0.,0.));
#3358 = VECTOR('',#3359,1.);
#3359 = DIRECTION('',(1.,0.));
#3360 = ( GEOMETRIC_REPRESENTATION_CONTEXT(2) 
PARAMETRIC_REPRESENTATION_CONTEXT() REPRESENTATION_CONTEXT('2D SPACE',''
  ) );
#3361 = PCURVE('',#3242,#3362);
#3362 = DEFINITIONAL_REPRESENTATION('',(#3363),#3367);
#3363 = LINE('',#3364,#3365);
#3364 = CARTESIAN_POINT('',(0.,32.));
#3365 = VECTOR('',#3366,1.);
#3366 = DIRECTION('',(1.,0.));
#3367 = ( GEOMETRIC_REPRESENTATION_CONTEXT(2) 
PARAMETRIC_REPRESENTATION_CONTEXT() REPRESENTATION_CONTEXT('2D SPACE',''
  ) );
#3368 = ORIENTED_EDGE('',*,*,#3369,.T.);
#3369 = EDGE_CURVE('',#3340,#3370,#3372,.T.);
#3370 = VERTEX_POINT('',#3371);
#3371 = CARTESIAN_POINT('',(16.,9.,78.));
#3372 = SURFACE_CURVE('',#3373,(#3377,#3384),.PCURVE_S1.);
#3373 = LINE('',#3374,#3375);
#3374 = CARTESIAN_POINT('',(16.,-9.,78.));
#3375 = VECTOR('',#3376,1.);
#3376 = DIRECTION('',(0.,1.,0.));
#3377 = PCURVE('',#3350,#3378);
#3378 = DEFINITIONAL_REPRESENTATION('',(#3379),#3383);
#3379 = LINE('',#3380,#3381);
#3380 = CARTESIAN_POINT('',(0.,0.));
#3381 = VECTOR('',#3382,1.);
#3382 = DIRECTION('',(0.,-1.));
#3383 = ( GEOMETRIC_REPRESENTATION_CONTEXT(2) 
PARAMETRIC_REPRESENTATION_CONTEXT() REPRESENTATION_CONTEXT('2D SPACE',''
  ) );
#3384 = PCURVE('',#3270,#3385);
#3385 = DEFINITIONAL_REPRESENTATION('',(#3386),#3390);
#3386 = LINE('',#3387,#3388);
#3387 = CARTESIAN_POINT('',(32.,0.));
#3388 = VECTOR('',#3389,1.);
#3389 = DIRECTION('',(0.,1.));
#3390 = ( GEOMETRIC_REPRESENTATION_CONTEXT(2) 
PARAMETRIC_REPRESENTATION_CONTEXT() REPRESENTATION_CONTEXT('2D SPACE',''
  ) );
#3391 = ORIENTED_EDGE('',*,*,#3392,.T.);
#3392 = EDGE_CURVE('',#3370,#3393,#3395,.T.);
#3393 = VERTEX_POINT('',#3394);
#3394 = CARTESIAN_POINT('',(16.,9.,130.));
#3395 = SURFACE_CURVE('',#3396,(#3400,#3407),.PCURVE_S1.);
#3396 = LINE('',#3397,#3398);
#3397 = CARTESIAN_POINT('',(16.,9.,78.));
#3398 = VECTOR('',#3399,1.);
#3399 = DIRECTION('',(0.,0.,1.));
#3400 = PCURVE('',#3350,#3401);
#3401 = DEFINITIONAL_REPRESENTATION('',(#3402),#3406);
#3402 = LINE('',#3403,#3404);
#3403 = CARTESIAN_POINT('',(0.,-18.));
#3404 = VECTOR('',#3405,1.);
#3405 = DIRECTION('',(1.,0.));
#3406 = ( GEOMETRIC_REPRESENTATION_CONTEXT(2) 
PARAMETRIC_REPRESENTATION_CONTEXT() REPRESENTATION_CONTEXT('2D SPACE',''
  ) );
#3407 = PCURVE('',#3298,#3408);
#3408 = DEFINITIONAL_REPRESENTATION('',(#3409),#3413);
#3409 = LINE('',#3410,#3411);
#3410 = CARTESIAN_POINT('',(0.,32.));
#3411 = VECTOR('',#3412,1.);
#3412 = DIRECTION('',(1.,0.));
#3413 = ( GEOMETRIC_REPRESENTATION_CONTEXT(2) 
PARAMETRIC_REPRESENTATION_CONTEXT() REPRESENTATION_CONTEXT('2D SPACE',''
  ) );
#3414 = ORIENTED_EDGE('',*,*,#3415,.F.);
#3415 = EDGE_CURVE('',#3342,#3393,#3416,.T.);
#3416 = SURFACE_CURVE('',#3417,(#3421,#3428),.PCURVE_S1.);
#3417 = LINE('',#3418,#3419);
#3418 = CARTESIAN_POINT('',(16.,-9.,130.));
#3419 = VECTOR('',#3420,1.);
#3420 = DIRECTION('',(0.,1.,0.));
#3421 = PCURVE('',#3350,#3422);
#3422 = DEFINITIONAL_REPRESENTATION('',(#3423),#3427);
#3423 = LINE('',#3424,#3425);
#3424 = CARTESIAN_POINT('',(52.,0.));
#3425 = VECTOR('',#3426,1.);
#3426 = DIRECTION('',(0.,-1.));
#3427 = ( GEOMETRIC_REPRESENTATION_CONTEXT(2) 
PARAMETRIC_REPRESENTATION_CONTEXT() REPRESENTATION_CONTEXT('2D SPACE',''
  ) );
#3428 = PCURVE('',#3324,#3429);
#3429 = DEFINITIONAL_REPRESENTATION('',(#3430),#3434);
#3430 = LINE('',#3431,#3432);
#3431 = CARTESIAN_POINT('',(32.,0.));
#3432 = VECTOR('',#3433,1.);
#3433 = DIRECTION('',(0.,1.));
#3434 = ( GEOMETRIC_REPRESENTATION_CONTEXT(2) 
PARAMETRIC_REPRESENTATION_CONTEXT() REPRESENTATION_CONTEXT('2D SPACE',''
  ) );
#3435 = ADVANCED_FACE('',(#3436),#3242,.F.);
#3436 = FACE_BOUND('',#3437,.F.);
#3437 = EDGE_LOOP('',(#3438,#3459,#3460,#3481));
#3438 = ORIENTED_EDGE('',*,*,#3439,.F.);
#3439 = EDGE_CURVE('',#3220,#3340,#3440,.T.);
#3440 = SURFACE_CURVE('',#3441,(#3445,#3452),.PCURVE_S1.);
#3441 = LINE('',#3442,#3443);
#3442 = CARTESIAN_POINT('',(-16.,-9.,78.));
#3443 = VECTOR('',#3444,1.);
#3444 = DIRECTION('',(1.,0.,0.));
#3445 = PCURVE('',#3242,#3446);
#3446 = DEFINITIONAL_REPRESENTATION('',(#3447),#3451);
#3447 = LINE('',#3448,#3449);
#3448 = CARTESIAN_POINT('',(0.,0.));
#3449 = VECTOR('',#3450,1.);
#3450 = DIRECTION('',(0.,1.));
#3451 = ( GEOMETRIC_REPRESENTATION_CONTEXT(2) 
PARAMETRIC_REPRESENTATION_CONTEXT() REPRESENTATION_CONTEXT('2D SPACE',''
  ) );
#3452 = PCURVE('',#3270,#3453);
#3453 = DEFINITIONAL_REPRESENTATION('',(#3454),#3458);
#3454 = LINE('',#3455,#3456);
#3455 = CARTESIAN_POINT('',(0.,0.));
#3456 = VECTOR('',#3457,1.);
#3457 = DIRECTION('',(1.,0.));
#3458 = ( GEOMETRIC_REPRESENTATION_CONTEXT(2) 
PARAMETRIC_REPRESENTATION_CONTEXT() REPRESENTATION_CONTEXT('2D SPACE',''
  ) );
#3459 = ORIENTED_EDGE('',*,*,#3219,.T.);
#3460 = ORIENTED_EDGE('',*,*,#3461,.T.);
#3461 = EDGE_CURVE('',#3222,#3342,#3462,.T.);
#3462 = SURFACE_CURVE('',#3463,(#3467,#3474),.PCURVE_S1.);
#3463 = LINE('',#3464,#3465);
#3464 = CARTESIAN_POINT('',(-16.,-9.,130.));
#3465 = VECTOR('',#3466,1.);
#3466 = DIRECTION('',(1.,0.,0.));
#3467 = PCURVE('',#3242,#3468);
#3468 = DEFINITIONAL_REPRESENTATION('',(#3469),#3473);
#3469 = LINE('',#3470,#3471);
#3470 = CARTESIAN_POINT('',(52.,0.));
#3471 = VECTOR('',#3472,1.);
#3472 = DIRECTION('',(0.,1.));
#3473 = ( GEOMETRIC_REPRESENTATION_CONTEXT(2) 
PARAMETRIC_REPRESENTATION_CONTEXT() REPRESENTATION_CONTEXT('2D SPACE',''
  ) );
#3474 = PCURVE('',#3324,#3475);
#3475 = DEFINITIONAL_REPRESENTATION('',(#3476),#3480);
#3476 = LINE('',#3477,#3478);
#3477 = CARTESIAN_POINT('',(0.,0.));
#3478 = VECTOR('',#3479,1.);
#3479 = DIRECTION('',(1.,0.));
#3480 = ( GEOMETRIC_REPRESENTATION_CONTEXT(2) 
PARAMETRIC_REPRESENTATION_CONTEXT() REPRESENTATION_CONTEXT('2D SPACE',''
  ) );
#3481 = ORIENTED_EDGE('',*,*,#3339,.F.);
#3482 = ADVANCED_FACE('',(#3483),#3298,.T.);
#3483 = FACE_BOUND('',#3484,.T.);
#3484 = EDGE_LOOP('',(#3485,#3506,#3507,#3528));
#3485 = ORIENTED_EDGE('',*,*,#3486,.F.);
#3486 = EDGE_CURVE('',#3255,#3370,#3487,.T.);
#3487 = SURFACE_CURVE('',#3488,(#3492,#3499),.PCURVE_S1.);
#3488 = LINE('',#3489,#3490);
#3489 = CARTESIAN_POINT('',(-16.,9.,78.));
#3490 = VECTOR('',#3491,1.);
#3491 = DIRECTION('',(1.,0.,0.));
#3492 = PCURVE('',#3298,#3493);
#3493 = DEFINITIONAL_REPRESENTATION('',(#3494),#3498);
#3494 = LINE('',#3495,#3496);
#3495 = CARTESIAN_POINT('',(0.,0.));
#3496 = VECTOR('',#3497,1.);
#3497 = DIRECTION('',(0.,1.));
#3498 = ( GEOMETRIC_REPRESENTATION_CONTEXT(2) 
PARAMETRIC_REPRESENTATION_CONTEXT() REPRESENTATION_CONTEXT('2D SPACE',''
  ) );
#3499 = PCURVE('',#3270,#3500);
#3500 = DEFINITIONAL_REPRESENTATION('',(#3501),#3505);
#3501 = LINE('',#3502,#3503);
#3502 = CARTESIAN_POINT('',(0.,18.));
#3503 = VECTOR('',#3504,1.);
#3504 = DIRECTION('',(1.,0.));
#3505 = ( GEOMETRIC_REPRESENTATION_CONTEXT(2) 
PARAMETRIC_REPRESENTATION_CONTEXT() REPRESENTATION_CONTEXT('2D SPACE',''
  ) );
#3506 = ORIENTED_EDGE('',*,*,#3282,.T.);
#3507 = ORIENTED_EDGE('',*,*,#3508,.T.);
#3508 = EDGE_CURVE('',#3283,#3393,#3509,.T.);
#3509 = SURFACE_CURVE('',#3510,(#3514,#3521),.PCURVE_S1.);
#3510 = LINE('',#3511,#3512);
#3511 = CARTESIAN_POINT('',(-16.,9.,130.));
#3512 = VECTOR('',#3513,1.);
#3513 = DIRECTION('',(1.,0.,0.));
#3514 = PCURVE('',#3298,#3515);
#3515 = DEFINITIONAL_REPRESENTATION('',(#3516),#3520);
#3516 = LINE('',#3517,#3518);
#3517 = CARTESIAN_POINT('',(52.,0.));
#3518 = VECTOR('',#3519,1.);
#3519 = DIRECTION('',(0.,1.));
#3520 = ( GEOMETRIC_REPRESENTATION_CONTEXT(2) 
PARAMETRIC_REPRESENTATION_CONTEXT() REPRESENTATION_CONTEXT('2D SPACE',''
  ) );
#3521 = PCURVE('',#3324,#3522);
#3522 = DEFINITIONAL_REPRESENTATION('',(#3523),#3527);
#3523 = LINE('',#3524,#3525);
#3524 = CARTESIAN_POINT('',(0.,18.));
#3525 = VECTOR('',#3526,1.);
#3526 = DIRECTION('',(1.,0.));
#3527 = ( GEOMETRIC_REPRESENTATION_CONTEXT(2) 
PARAMETRIC_REPRESENTATION_CONTEXT() REPRESENTATION_CONTEXT('2D SPACE',''
  ) );
#3528 = ORIENTED_EDGE('',*,*,#3392,.F.);
#3529 = ADVANCED_FACE('',(#3530),#3270,.F.);
#3530 = FACE_BOUND('',#3531,.F.);
#3531 = EDGE_LOOP('',(#3532,#3533,#3534,#3535));
#3532 = ORIENTED_EDGE('',*,*,#3254,.F.);
#3533 = ORIENTED_EDGE('',*,*,#3439,.T.);
#3534 = ORIENTED_EDGE('',*,*,#3369,.T.);
#3535 = ORIENTED_EDGE('',*,*,#3486,.F.);
#3536 = ADVANCED_FACE('',(#3537),#3324,.T.);
#3537 = FACE_BOUND('',#3538,.T.);
#3538 = EDGE_LOOP('',(#3539,#3540,#3541,#3542));
#3539 = ORIENTED_EDGE('',*,*,#3310,.F.);
#3540 = ORIENTED_EDGE('',*,*,#3461,.T.);
#3541 = ORIENTED_EDGE('',*,*,#3415,.T.);
#3542 = ORIENTED_EDGE('',*,*,#3508,.F.);
#3543 = ( GEOMETRIC_REPRESENTATION_CONTEXT(3) 
GLOBAL_UNCERTAINTY_ASSIGNED_CONTEXT((#3547)) 
GLOBAL_UNIT_ASSIGNED_CONTEXT((#3544,#3545,#3546)) REPRESENTATION_CONTEXT
('Context #1','3D Context with UNIT and UNCERTAINTY') );
#3544 = ( LENGTH_UNIT() NAMED_UNIT(*) SI_UNIT(.MILLI.,.METRE.) );
#3545 = ( NAMED_UNIT(*) PLANE_ANGLE_UNIT() SI_UNIT($,.RADIAN.) );
#3546 = ( NAMED_UNIT(*) SI_UNIT($,.STERADIAN.) SOLID_ANGLE_UNIT() );
#3547 = UNCERTAINTY_MEASURE_WITH_UNIT(LENGTH_MEASURE(1.E-07),#3544,
  'distance_accuracy_value','confusion accuracy');
#3548 = CONTEXT_DEPENDENT_SHAPE_REPRESENTATION(#3549,#3551);
#3549 = ( REPRESENTATION_RELATIONSHIP('','',#3212,#10) 
REPRESENTATION_RELATIONSHIP_WITH_TRANSFORMATION(#3550) 
SHAPE_REPRESENTATION_RELATIONSHIP() );
#3550 = ITEM_DEFINED_TRANSFORMATION('','',#11,#43);
#3551 = PRODUCT_DEFINITION_SHAPE('Placement','Placement of an item',
  #3552);
#3552 = NEXT_ASSEMBLY_USAGE_OCCURRENCE('8',
  'PCM1808_provisional_envelope','',#5,#3207,$);
#3553 = PRODUCT_RELATED_PRODUCT_CATEGORY('part',$,(#3209));
#3554 = SHAPE_DEFINITION_REPRESENTATION(#3555,#3561);
#3555 = PRODUCT_DEFINITION_SHAPE('','',#3556);
#3556 = PRODUCT_DEFINITION('design','',#3557,#3560);
#3557 = PRODUCT_DEFINITION_FORMATION('','',#3558);
#3558 = PRODUCT('STM32F411_provisional_envelope',
  'STM32F411_provisional_envelope','',(#3559));
#3559 = PRODUCT_CONTEXT('',#2,'mechanical');
#3560 = PRODUCT_DEFINITION_CONTEXT('part definition',#2,'design');
#3561 = ADVANCED_BREP_SHAPE_REPRESENTATION('',(#11,#3562),#3892);
#3562 = MANIFOLD_SOLID_BREP('',#3563);
#3563 = CLOSED_SHELL('',(#3564,#3684,#3784,#3831,#3878,#3885));
#3564 = ADVANCED_FACE('',(#3565),#3579,.F.);
#3565 = FACE_BOUND('',#3566,.F.);
#3566 = EDGE_LOOP('',(#3567,#3602,#3630,#3658));
#3567 = ORIENTED_EDGE('',*,*,#3568,.F.);
#3568 = EDGE_CURVE('',#3569,#3571,#3573,.T.);
#3569 = VERTEX_POINT('',#3570);
#3570 = CARTESIAN_POINT('',(-11.,-6.,135.));
#3571 = VERTEX_POINT('',#3572);
#3572 = CARTESIAN_POINT('',(-11.,-6.,190.));
#3573 = SURFACE_CURVE('',#3574,(#3578,#3590),.PCURVE_S1.);
#3574 = LINE('',#3575,#3576);
#3575 = CARTESIAN_POINT('',(-11.,-6.,135.));
#3576 = VECTOR('',#3577,1.);
#3577 = DIRECTION('',(0.,0.,1.));
#3578 = PCURVE('',#3579,#3584);
#3579 = PLANE('',#3580);
#3580 = AXIS2_PLACEMENT_3D('',#3581,#3582,#3583);
#3581 = CARTESIAN_POINT('',(-11.,-6.,135.));
#3582 = DIRECTION('',(1.,0.,0.));
#3583 = DIRECTION('',(0.,0.,1.));
#3584 = DEFINITIONAL_REPRESENTATION('',(#3585),#3589);
#3585 = LINE('',#3586,#3587);
#3586 = CARTESIAN_POINT('',(0.,0.));
#3587 = VECTOR('',#3588,1.);
#3588 = DIRECTION('',(1.,0.));
#3589 = ( GEOMETRIC_REPRESENTATION_CONTEXT(2) 
PARAMETRIC_REPRESENTATION_CONTEXT() REPRESENTATION_CONTEXT('2D SPACE',''
  ) );
#3590 = PCURVE('',#3591,#3596);
#3591 = PLANE('',#3592);
#3592 = AXIS2_PLACEMENT_3D('',#3593,#3594,#3595);
#3593 = CARTESIAN_POINT('',(-11.,-6.,135.));
#3594 = DIRECTION('',(0.,1.,0.));
#3595 = DIRECTION('',(0.,0.,1.));
#3596 = DEFINITIONAL_REPRESENTATION('',(#3597),#3601);
#3597 = LINE('',#3598,#3599);
#3598 = CARTESIAN_POINT('',(0.,0.));
#3599 = VECTOR('',#3600,1.);
#3600 = DIRECTION('',(1.,0.));
#3601 = ( GEOMETRIC_REPRESENTATION_CONTEXT(2) 
PARAMETRIC_REPRESENTATION_CONTEXT() REPRESENTATION_CONTEXT('2D SPACE',''
  ) );
#3602 = ORIENTED_EDGE('',*,*,#3603,.T.);
#3603 = EDGE_CURVE('',#3569,#3604,#3606,.T.);
#3604 = VERTEX_POINT('',#3605);
#3605 = CARTESIAN_POINT('',(-11.,6.,135.));
#3606 = SURFACE_CURVE('',#3607,(#3611,#3618),.PCURVE_S1.);
#3607 = LINE('',#3608,#3609);
#3608 = CARTESIAN_POINT('',(-11.,-6.,135.));
#3609 = VECTOR('',#3610,1.);
#3610 = DIRECTION('',(0.,1.,0.));
#3611 = PCURVE('',#3579,#3612);
#3612 = DEFINITIONAL_REPRESENTATION('',(#3613),#3617);
#3613 = LINE('',#3614,#3615);
#3614 = CARTESIAN_POINT('',(0.,0.));
#3615 = VECTOR('',#3616,1.);
#3616 = DIRECTION('',(0.,-1.));
#3617 = ( GEOMETRIC_REPRESENTATION_CONTEXT(2) 
PARAMETRIC_REPRESENTATION_CONTEXT() REPRESENTATION_CONTEXT('2D SPACE',''
  ) );
#3618 = PCURVE('',#3619,#3624);
#3619 = PLANE('',#3620);
#3620 = AXIS2_PLACEMENT_3D('',#3621,#3622,#3623);
#3621 = CARTESIAN_POINT('',(-11.,-6.,135.));
#3622 = DIRECTION('',(0.,0.,1.));
#3623 = DIRECTION('',(1.,0.,0.));
#3624 = DEFINITIONAL_REPRESENTATION('',(#3625),#3629);
#3625 = LINE('',#3626,#3627);
#3626 = CARTESIAN_POINT('',(0.,0.));
#3627 = VECTOR('',#3628,1.);
#3628 = DIRECTION('',(0.,1.));
#3629 = ( GEOMETRIC_REPRESENTATION_CONTEXT(2) 
PARAMETRIC_REPRESENTATION_CONTEXT() REPRESENTATION_CONTEXT('2D SPACE',''
  ) );
#3630 = ORIENTED_EDGE('',*,*,#3631,.T.);
#3631 = EDGE_CURVE('',#3604,#3632,#3634,.T.);
#3632 = VERTEX_POINT('',#3633);
#3633 = CARTESIAN_POINT('',(-11.,6.,190.));
#3634 = SURFACE_CURVE('',#3635,(#3639,#3646),.PCURVE_S1.);
#3635 = LINE('',#3636,#3637);
#3636 = CARTESIAN_POINT('',(-11.,6.,135.));
#3637 = VECTOR('',#3638,1.);
#3638 = DIRECTION('',(0.,0.,1.));
#3639 = PCURVE('',#3579,#3640);
#3640 = DEFINITIONAL_REPRESENTATION('',(#3641),#3645);
#3641 = LINE('',#3642,#3643);
#3642 = CARTESIAN_POINT('',(0.,-12.));
#3643 = VECTOR('',#3644,1.);
#3644 = DIRECTION('',(1.,0.));
#3645 = ( GEOMETRIC_REPRESENTATION_CONTEXT(2) 
PARAMETRIC_REPRESENTATION_CONTEXT() REPRESENTATION_CONTEXT('2D SPACE',''
  ) );
#3646 = PCURVE('',#3647,#3652);
#3647 = PLANE('',#3648);
#3648 = AXIS2_PLACEMENT_3D('',#3649,#3650,#3651);
#3649 = CARTESIAN_POINT('',(-11.,6.,135.));
#3650 = DIRECTION('',(0.,1.,0.));
#3651 = DIRECTION('',(0.,0.,1.));
#3652 = DEFINITIONAL_REPRESENTATION('',(#3653),#3657);
#3653 = LINE('',#3654,#3655);
#3654 = CARTESIAN_POINT('',(0.,0.));
#3655 = VECTOR('',#3656,1.);
#3656 = DIRECTION('',(1.,0.));
#3657 = ( GEOMETRIC_REPRESENTATION_CONTEXT(2) 
PARAMETRIC_REPRESENTATION_CONTEXT() REPRESENTATION_CONTEXT('2D SPACE',''
  ) );
#3658 = ORIENTED_EDGE('',*,*,#3659,.F.);
#3659 = EDGE_CURVE('',#3571,#3632,#3660,.T.);
#3660 = SURFACE_CURVE('',#3661,(#3665,#3672),.PCURVE_S1.);
#3661 = LINE('',#3662,#3663);
#3662 = CARTESIAN_POINT('',(-11.,-6.,190.));
#3663 = VECTOR('',#3664,1.);
#3664 = DIRECTION('',(0.,1.,0.));
#3665 = PCURVE('',#3579,#3666);
#3666 = DEFINITIONAL_REPRESENTATION('',(#3667),#3671);
#3667 = LINE('',#3668,#3669);
#3668 = CARTESIAN_POINT('',(55.,0.));
#3669 = VECTOR('',#3670,1.);
#3670 = DIRECTION('',(0.,-1.));
#3671 = ( GEOMETRIC_REPRESENTATION_CONTEXT(2) 
PARAMETRIC_REPRESENTATION_CONTEXT() REPRESENTATION_CONTEXT('2D SPACE',''
  ) );
#3672 = PCURVE('',#3673,#3678);
#3673 = PLANE('',#3674);
#3674 = AXIS2_PLACEMENT_3D('',#3675,#3676,#3677);
#3675 = CARTESIAN_POINT('',(-11.,-6.,190.));
#3676 = DIRECTION('',(0.,0.,1.));
#3677 = DIRECTION('',(1.,0.,0.));
#3678 = DEFINITIONAL_REPRESENTATION('',(#3679),#3683);
#3679 = LINE('',#3680,#3681);
#3680 = CARTESIAN_POINT('',(0.,0.));
#3681 = VECTOR('',#3682,1.);
#3682 = DIRECTION('',(0.,1.));
#3683 = ( GEOMETRIC_REPRESENTATION_CONTEXT(2) 
PARAMETRIC_REPRESENTATION_CONTEXT() REPRESENTATION_CONTEXT('2D SPACE',''
  ) );
#3684 = ADVANCED_FACE('',(#3685),#3699,.T.);
#3685 = FACE_BOUND('',#3686,.T.);
#3686 = EDGE_LOOP('',(#3687,#3717,#3740,#3763));
#3687 = ORIENTED_EDGE('',*,*,#3688,.F.);
#3688 = EDGE_CURVE('',#3689,#3691,#3693,.T.);
#3689 = VERTEX_POINT('',#3690);
#3690 = CARTESIAN_POINT('',(11.,-6.,135.));
#3691 = VERTEX_POINT('',#3692);
#3692 = CARTESIAN_POINT('',(11.,-6.,190.));
#3693 = SURFACE_CURVE('',#3694,(#3698,#3710),.PCURVE_S1.);
#3694 = LINE('',#3695,#3696);
#3695 = CARTESIAN_POINT('',(11.,-6.,135.));
#3696 = VECTOR('',#3697,1.);
#3697 = DIRECTION('',(0.,0.,1.));
#3698 = PCURVE('',#3699,#3704);
#3699 = PLANE('',#3700);
#3700 = AXIS2_PLACEMENT_3D('',#3701,#3702,#3703);
#3701 = CARTESIAN_POINT('',(11.,-6.,135.));
#3702 = DIRECTION('',(1.,0.,0.));
#3703 = DIRECTION('',(0.,0.,1.));
#3704 = DEFINITIONAL_REPRESENTATION('',(#3705),#3709);
#3705 = LINE('',#3706,#3707);
#3706 = CARTESIAN_POINT('',(0.,0.));
#3707 = VECTOR('',#3708,1.);
#3708 = DIRECTION('',(1.,0.));
#3709 = ( GEOMETRIC_REPRESENTATION_CONTEXT(2) 
PARAMETRIC_REPRESENTATION_CONTEXT() REPRESENTATION_CONTEXT('2D SPACE',''
  ) );
#3710 = PCURVE('',#3591,#3711);
#3711 = DEFINITIONAL_REPRESENTATION('',(#3712),#3716);
#3712 = LINE('',#3713,#3714);
#3713 = CARTESIAN_POINT('',(0.,22.));
#3714 = VECTOR('',#3715,1.);
#3715 = DIRECTION('',(1.,0.));
#3716 = ( GEOMETRIC_REPRESENTATION_CONTEXT(2) 
PARAMETRIC_REPRESENTATION_CONTEXT() REPRESENTATION_CONTEXT('2D SPACE',''
  ) );
#3717 = ORIENTED_EDGE('',*,*,#3718,.T.);
#3718 = EDGE_CURVE('',#3689,#3719,#3721,.T.);
#3719 = VERTEX_POINT('',#3720);
#3720 = CARTESIAN_POINT('',(11.,6.,135.));
#3721 = SURFACE_CURVE('',#3722,(#3726,#3733),.PCURVE_S1.);
#3722 = LINE('',#3723,#3724);
#3723 = CARTESIAN_POINT('',(11.,-6.,135.));
#3724 = VECTOR('',#3725,1.);
#3725 = DIRECTION('',(0.,1.,0.));
#3726 = PCURVE('',#3699,#3727);
#3727 = DEFINITIONAL_REPRESENTATION('',(#3728),#3732);
#3728 = LINE('',#3729,#3730);
#3729 = CARTESIAN_POINT('',(0.,0.));
#3730 = VECTOR('',#3731,1.);
#3731 = DIRECTION('',(0.,-1.));
#3732 = ( GEOMETRIC_REPRESENTATION_CONTEXT(2) 
PARAMETRIC_REPRESENTATION_CONTEXT() REPRESENTATION_CONTEXT('2D SPACE',''
  ) );
#3733 = PCURVE('',#3619,#3734);
#3734 = DEFINITIONAL_REPRESENTATION('',(#3735),#3739);
#3735 = LINE('',#3736,#3737);
#3736 = CARTESIAN_POINT('',(22.,0.));
#3737 = VECTOR('',#3738,1.);
#3738 = DIRECTION('',(0.,1.));
#3739 = ( GEOMETRIC_REPRESENTATION_CONTEXT(2) 
PARAMETRIC_REPRESENTATION_CONTEXT() REPRESENTATION_CONTEXT('2D SPACE',''
  ) );
#3740 = ORIENTED_EDGE('',*,*,#3741,.T.);
#3741 = EDGE_CURVE('',#3719,#3742,#3744,.T.);
#3742 = VERTEX_POINT('',#3743);
#3743 = CARTESIAN_POINT('',(11.,6.,190.));
#3744 = SURFACE_CURVE('',#3745,(#3749,#3756),.PCURVE_S1.);
#3745 = LINE('',#3746,#3747);
#3746 = CARTESIAN_POINT('',(11.,6.,135.));
#3747 = VECTOR('',#3748,1.);
#3748 = DIRECTION('',(0.,0.,1.));
#3749 = PCURVE('',#3699,#3750);
#3750 = DEFINITIONAL_REPRESENTATION('',(#3751),#3755);
#3751 = LINE('',#3752,#3753);
#3752 = CARTESIAN_POINT('',(0.,-12.));
#3753 = VECTOR('',#3754,1.);
#3754 = DIRECTION('',(1.,0.));
#3755 = ( GEOMETRIC_REPRESENTATION_CONTEXT(2) 
PARAMETRIC_REPRESENTATION_CONTEXT() REPRESENTATION_CONTEXT('2D SPACE',''
  ) );
#3756 = PCURVE('',#3647,#3757);
#3757 = DEFINITIONAL_REPRESENTATION('',(#3758),#3762);
#3758 = LINE('',#3759,#3760);
#3759 = CARTESIAN_POINT('',(0.,22.));
#3760 = VECTOR('',#3761,1.);
#3761 = DIRECTION('',(1.,0.));
#3762 = ( GEOMETRIC_REPRESENTATION_CONTEXT(2) 
PARAMETRIC_REPRESENTATION_CONTEXT() REPRESENTATION_CONTEXT('2D SPACE',''
  ) );
#3763 = ORIENTED_EDGE('',*,*,#3764,.F.);
#3764 = EDGE_CURVE('',#3691,#3742,#3765,.T.);
#3765 = SURFACE_CURVE('',#3766,(#3770,#3777),.PCURVE_S1.);
#3766 = LINE('',#3767,#3768);
#3767 = CARTESIAN_POINT('',(11.,-6.,190.));
#3768 = VECTOR('',#3769,1.);
#3769 = DIRECTION('',(0.,1.,0.));
#3770 = PCURVE('',#3699,#3771);
#3771 = DEFINITIONAL_REPRESENTATION('',(#3772),#3776);
#3772 = LINE('',#3773,#3774);
#3773 = CARTESIAN_POINT('',(55.,0.));
#3774 = VECTOR('',#3775,1.);
#3775 = DIRECTION('',(0.,-1.));
#3776 = ( GEOMETRIC_REPRESENTATION_CONTEXT(2) 
PARAMETRIC_REPRESENTATION_CONTEXT() REPRESENTATION_CONTEXT('2D SPACE',''
  ) );
#3777 = PCURVE('',#3673,#3778);
#3778 = DEFINITIONAL_REPRESENTATION('',(#3779),#3783);
#3779 = LINE('',#3780,#3781);
#3780 = CARTESIAN_POINT('',(22.,0.));
#3781 = VECTOR('',#3782,1.);
#3782 = DIRECTION('',(0.,1.));
#3783 = ( GEOMETRIC_REPRESENTATION_CONTEXT(2) 
PARAMETRIC_REPRESENTATION_CONTEXT() REPRESENTATION_CONTEXT('2D SPACE',''
  ) );
#3784 = ADVANCED_FACE('',(#3785),#3591,.F.);
#3785 = FACE_BOUND('',#3786,.F.);
#3786 = EDGE_LOOP('',(#3787,#3808,#3809,#3830));
#3787 = ORIENTED_EDGE('',*,*,#3788,.F.);
#3788 = EDGE_CURVE('',#3569,#3689,#3789,.T.);
#3789 = SURFACE_CURVE('',#3790,(#3794,#3801),.PCURVE_S1.);
#3790 = LINE('',#3791,#3792);
#3791 = CARTESIAN_POINT('',(-11.,-6.,135.));
#3792 = VECTOR('',#3793,1.);
#3793 = DIRECTION('',(1.,0.,0.));
#3794 = PCURVE('',#3591,#3795);
#3795 = DEFINITIONAL_REPRESENTATION('',(#3796),#3800);
#3796 = LINE('',#3797,#3798);
#3797 = CARTESIAN_POINT('',(0.,0.));
#3798 = VECTOR('',#3799,1.);
#3799 = DIRECTION('',(0.,1.));
#3800 = ( GEOMETRIC_REPRESENTATION_CONTEXT(2) 
PARAMETRIC_REPRESENTATION_CONTEXT() REPRESENTATION_CONTEXT('2D SPACE',''
  ) );
#3801 = PCURVE('',#3619,#3802);
#3802 = DEFINITIONAL_REPRESENTATION('',(#3803),#3807);
#3803 = LINE('',#3804,#3805);
#3804 = CARTESIAN_POINT('',(0.,0.));
#3805 = VECTOR('',#3806,1.);
#3806 = DIRECTION('',(1.,0.));
#3807 = ( GEOMETRIC_REPRESENTATION_CONTEXT(2) 
PARAMETRIC_REPRESENTATION_CONTEXT() REPRESENTATION_CONTEXT('2D SPACE',''
  ) );
#3808 = ORIENTED_EDGE('',*,*,#3568,.T.);
#3809 = ORIENTED_EDGE('',*,*,#3810,.T.);
#3810 = EDGE_CURVE('',#3571,#3691,#3811,.T.);
#3811 = SURFACE_CURVE('',#3812,(#3816,#3823),.PCURVE_S1.);
#3812 = LINE('',#3813,#3814);
#3813 = CARTESIAN_POINT('',(-11.,-6.,190.));
#3814 = VECTOR('',#3815,1.);
#3815 = DIRECTION('',(1.,0.,0.));
#3816 = PCURVE('',#3591,#3817);
#3817 = DEFINITIONAL_REPRESENTATION('',(#3818),#3822);
#3818 = LINE('',#3819,#3820);
#3819 = CARTESIAN_POINT('',(55.,0.));
#3820 = VECTOR('',#3821,1.);
#3821 = DIRECTION('',(0.,1.));
#3822 = ( GEOMETRIC_REPRESENTATION_CONTEXT(2) 
PARAMETRIC_REPRESENTATION_CONTEXT() REPRESENTATION_CONTEXT('2D SPACE',''
  ) );
#3823 = PCURVE('',#3673,#3824);
#3824 = DEFINITIONAL_REPRESENTATION('',(#3825),#3829);
#3825 = LINE('',#3826,#3827);
#3826 = CARTESIAN_POINT('',(0.,0.));
#3827 = VECTOR('',#3828,1.);
#3828 = DIRECTION('',(1.,0.));
#3829 = ( GEOMETRIC_REPRESENTATION_CONTEXT(2) 
PARAMETRIC_REPRESENTATION_CONTEXT() REPRESENTATION_CONTEXT('2D SPACE',''
  ) );
#3830 = ORIENTED_EDGE('',*,*,#3688,.F.);
#3831 = ADVANCED_FACE('',(#3832),#3647,.T.);
#3832 = FACE_BOUND('',#3833,.T.);
#3833 = EDGE_LOOP('',(#3834,#3855,#3856,#3877));
#3834 = ORIENTED_EDGE('',*,*,#3835,.F.);
#3835 = EDGE_CURVE('',#3604,#3719,#3836,.T.);
#3836 = SURFACE_CURVE('',#3837,(#3841,#3848),.PCURVE_S1.);
#3837 = LINE('',#3838,#3839);
#3838 = CARTESIAN_POINT('',(-11.,6.,135.));
#3839 = VECTOR('',#3840,1.);
#3840 = DIRECTION('',(1.,0.,0.));
#3841 = PCURVE('',#3647,#3842);
#3842 = DEFINITIONAL_REPRESENTATION('',(#3843),#3847);
#3843 = LINE('',#3844,#3845);
#3844 = CARTESIAN_POINT('',(0.,0.));
#3845 = VECTOR('',#3846,1.);
#3846 = DIRECTION('',(0.,1.));
#3847 = ( GEOMETRIC_REPRESENTATION_CONTEXT(2) 
PARAMETRIC_REPRESENTATION_CONTEXT() REPRESENTATION_CONTEXT('2D SPACE',''
  ) );
#3848 = PCURVE('',#3619,#3849);
#3849 = DEFINITIONAL_REPRESENTATION('',(#3850),#3854);
#3850 = LINE('',#3851,#3852);
#3851 = CARTESIAN_POINT('',(0.,12.));
#3852 = VECTOR('',#3853,1.);
#3853 = DIRECTION('',(1.,0.));
#3854 = ( GEOMETRIC_REPRESENTATION_CONTEXT(2) 
PARAMETRIC_REPRESENTATION_CONTEXT() REPRESENTATION_CONTEXT('2D SPACE',''
  ) );
#3855 = ORIENTED_EDGE('',*,*,#3631,.T.);
#3856 = ORIENTED_EDGE('',*,*,#3857,.T.);
#3857 = EDGE_CURVE('',#3632,#3742,#3858,.T.);
#3858 = SURFACE_CURVE('',#3859,(#3863,#3870),.PCURVE_S1.);
#3859 = LINE('',#3860,#3861);
#3860 = CARTESIAN_POINT('',(-11.,6.,190.));
#3861 = VECTOR('',#3862,1.);
#3862 = DIRECTION('',(1.,0.,0.));
#3863 = PCURVE('',#3647,#3864);
#3864 = DEFINITIONAL_REPRESENTATION('',(#3865),#3869);
#3865 = LINE('',#3866,#3867);
#3866 = CARTESIAN_POINT('',(55.,0.));
#3867 = VECTOR('',#3868,1.);
#3868 = DIRECTION('',(0.,1.));
#3869 = ( GEOMETRIC_REPRESENTATION_CONTEXT(2) 
PARAMETRIC_REPRESENTATION_CONTEXT() REPRESENTATION_CONTEXT('2D SPACE',''
  ) );
#3870 = PCURVE('',#3673,#3871);
#3871 = DEFINITIONAL_REPRESENTATION('',(#3872),#3876);
#3872 = LINE('',#3873,#3874);
#3873 = CARTESIAN_POINT('',(0.,12.));
#3874 = VECTOR('',#3875,1.);
#3875 = DIRECTION('',(1.,0.));
#3876 = ( GEOMETRIC_REPRESENTATION_CONTEXT(2) 
PARAMETRIC_REPRESENTATION_CONTEXT() REPRESENTATION_CONTEXT('2D SPACE',''
  ) );
#3877 = ORIENTED_EDGE('',*,*,#3741,.F.);
#3878 = ADVANCED_FACE('',(#3879),#3619,.F.);
#3879 = FACE_BOUND('',#3880,.F.);
#3880 = EDGE_LOOP('',(#3881,#3882,#3883,#3884));
#3881 = ORIENTED_EDGE('',*,*,#3603,.F.);
#3882 = ORIENTED_EDGE('',*,*,#3788,.T.);
#3883 = ORIENTED_EDGE('',*,*,#3718,.T.);
#3884 = ORIENTED_EDGE('',*,*,#3835,.F.);
#3885 = ADVANCED_FACE('',(#3886),#3673,.T.);
#3886 = FACE_BOUND('',#3887,.T.);
#3887 = EDGE_LOOP('',(#3888,#3889,#3890,#3891));
#3888 = ORIENTED_EDGE('',*,*,#3659,.F.);
#3889 = ORIENTED_EDGE('',*,*,#3810,.T.);
#3890 = ORIENTED_EDGE('',*,*,#3764,.T.);
#3891 = ORIENTED_EDGE('',*,*,#3857,.F.);
#3892 = ( GEOMETRIC_REPRESENTATION_CONTEXT(3) 
GLOBAL_UNCERTAINTY_ASSIGNED_CONTEXT((#3896)) 
GLOBAL_UNIT_ASSIGNED_CONTEXT((#3893,#3894,#3895)) REPRESENTATION_CONTEXT
('Context #1','3D Context with UNIT and UNCERTAINTY') );
#3893 = ( LENGTH_UNIT() NAMED_UNIT(*) SI_UNIT(.MILLI.,.METRE.) );
#3894 = ( NAMED_UNIT(*) PLANE_ANGLE_UNIT() SI_UNIT($,.RADIAN.) );
#3895 = ( NAMED_UNIT(*) SI_UNIT($,.STERADIAN.) SOLID_ANGLE_UNIT() );
#3896 = UNCERTAINTY_MEASURE_WITH_UNIT(LENGTH_MEASURE(1.E-07),#3893,
  'distance_accuracy_value','confusion accuracy');
#3897 = CONTEXT_DEPENDENT_SHAPE_REPRESENTATION(#3898,#3900);
#3898 = ( REPRESENTATION_RELATIONSHIP('','',#3561,#10) 
REPRESENTATION_RELATIONSHIP_WITH_TRANSFORMATION(#3899) 
SHAPE_REPRESENTATION_RELATIONSHIP() );
#3899 = ITEM_DEFINED_TRANSFORMATION('','',#11,#47);
#3900 = PRODUCT_DEFINITION_SHAPE('Placement','Placement of an item',
  #3901);
#3901 = NEXT_ASSEMBLY_USAGE_OCCURRENCE('9',
  'STM32F411_provisional_envelope','',#5,#3556,$);
#3902 = PRODUCT_RELATED_PRODUCT_CATEGORY('part',$,(#3558));
#3903 = SHAPE_DEFINITION_REPRESENTATION(#3904,#3910);
#3904 = PRODUCT_DEFINITION_SHAPE('','',#3905);
#3905 = PRODUCT_DEFINITION('design','',#3906,#3909);
#3906 = PRODUCT_DEFINITION_FORMATION('','',#3907);
#3907 = PRODUCT('RTC_SD_power_reserve','RTC_SD_power_reserve','',(#3908)
  );
#3908 = PRODUCT_CONTEXT('',#2,'mechanical');
#3909 = PRODUCT_DEFINITION_CONTEXT('part definition',#2,'design');
#3910 = ADVANCED_BREP_SHAPE_REPRESENTATION('',(#11,#3911),#4241);
#3911 = MANIFOLD_SOLID_BREP('',#3912);
#3912 = CLOSED_SHELL('',(#3913,#4033,#4133,#4180,#4227,#4234));
#3913 = ADVANCED_FACE('',(#3914),#3928,.F.);
#3914 = FACE_BOUND('',#3915,.F.);
#3915 = EDGE_LOOP('',(#3916,#3951,#3979,#4007));
#3916 = ORIENTED_EDGE('',*,*,#3917,.F.);
#3917 = EDGE_CURVE('',#3918,#3920,#3922,.T.);
#3918 = VERTEX_POINT('',#3919);
#3919 = CARTESIAN_POINT('',(-14.,-8.,197.));
#3920 = VERTEX_POINT('',#3921);
#3921 = CARTESIAN_POINT('',(-14.,-8.,252.));
#3922 = SURFACE_CURVE('',#3923,(#3927,#3939),.PCURVE_S1.);
#3923 = LINE('',#3924,#3925);
#3924 = CARTESIAN_POINT('',(-14.,-8.,197.));
#3925 = VECTOR('',#3926,1.);
#3926 = DIRECTION('',(0.,0.,1.));
#3927 = PCURVE('',#3928,#3933);
#3928 = PLANE('',#3929);
#3929 = AXIS2_PLACEMENT_3D('',#3930,#3931,#3932);
#3930 = CARTESIAN_POINT('',(-14.,-8.,197.));
#3931 = DIRECTION('',(1.,0.,0.));
#3932 = DIRECTION('',(0.,0.,1.));
#3933 = DEFINITIONAL_REPRESENTATION('',(#3934),#3938);
#3934 = LINE('',#3935,#3936);
#3935 = CARTESIAN_POINT('',(0.,0.));
#3936 = VECTOR('',#3937,1.);
#3937 = DIRECTION('',(1.,0.));
#3938 = ( GEOMETRIC_REPRESENTATION_CONTEXT(2) 
PARAMETRIC_REPRESENTATION_CONTEXT() REPRESENTATION_CONTEXT('2D SPACE',''
  ) );
#3939 = PCURVE('',#3940,#3945);
#3940 = PLANE('',#3941);
#3941 = AXIS2_PLACEMENT_3D('',#3942,#3943,#3944);
#3942 = CARTESIAN_POINT('',(-14.,-8.,197.));
#3943 = DIRECTION('',(0.,1.,0.));
#3944 = DIRECTION('',(0.,0.,1.));
#3945 = DEFINITIONAL_REPRESENTATION('',(#3946),#3950);
#3946 = LINE('',#3947,#3948);
#3947 = CARTESIAN_POINT('',(0.,0.));
#3948 = VECTOR('',#3949,1.);
#3949 = DIRECTION('',(1.,0.));
#3950 = ( GEOMETRIC_REPRESENTATION_CONTEXT(2) 
PARAMETRIC_REPRESENTATION_CONTEXT() REPRESENTATION_CONTEXT('2D SPACE',''
  ) );
#3951 = ORIENTED_EDGE('',*,*,#3952,.T.);
#3952 = EDGE_CURVE('',#3918,#3953,#3955,.T.);
#3953 = VERTEX_POINT('',#3954);
#3954 = CARTESIAN_POINT('',(-14.,8.,197.));
#3955 = SURFACE_CURVE('',#3956,(#3960,#3967),.PCURVE_S1.);
#3956 = LINE('',#3957,#3958);
#3957 = CARTESIAN_POINT('',(-14.,-8.,197.));
#3958 = VECTOR('',#3959,1.);
#3959 = DIRECTION('',(0.,1.,0.));
#3960 = PCURVE('',#3928,#3961);
#3961 = DEFINITIONAL_REPRESENTATION('',(#3962),#3966);
#3962 = LINE('',#3963,#3964);
#3963 = CARTESIAN_POINT('',(0.,0.));
#3964 = VECTOR('',#3965,1.);
#3965 = DIRECTION('',(0.,-1.));
#3966 = ( GEOMETRIC_REPRESENTATION_CONTEXT(2) 
PARAMETRIC_REPRESENTATION_CONTEXT() REPRESENTATION_CONTEXT('2D SPACE',''
  ) );
#3967 = PCURVE('',#3968,#3973);
#3968 = PLANE('',#3969);
#3969 = AXIS2_PLACEMENT_3D('',#3970,#3971,#3972);
#3970 = CARTESIAN_POINT('',(-14.,-8.,197.));
#3971 = DIRECTION('',(0.,0.,1.));
#3972 = DIRECTION('',(1.,0.,0.));
#3973 = DEFINITIONAL_REPRESENTATION('',(#3974),#3978);
#3974 = LINE('',#3975,#3976);
#3975 = CARTESIAN_POINT('',(0.,0.));
#3976 = VECTOR('',#3977,1.);
#3977 = DIRECTION('',(0.,1.));
#3978 = ( GEOMETRIC_REPRESENTATION_CONTEXT(2) 
PARAMETRIC_REPRESENTATION_CONTEXT() REPRESENTATION_CONTEXT('2D SPACE',''
  ) );
#3979 = ORIENTED_EDGE('',*,*,#3980,.T.);
#3980 = EDGE_CURVE('',#3953,#3981,#3983,.T.);
#3981 = VERTEX_POINT('',#3982);
#3982 = CARTESIAN_POINT('',(-14.,8.,252.));
#3983 = SURFACE_CURVE('',#3984,(#3988,#3995),.PCURVE_S1.);
#3984 = LINE('',#3985,#3986);
#3985 = CARTESIAN_POINT('',(-14.,8.,197.));
#3986 = VECTOR('',#3987,1.);
#3987 = DIRECTION('',(0.,0.,1.));
#3988 = PCURVE('',#3928,#3989);
#3989 = DEFINITIONAL_REPRESENTATION('',(#3990),#3994);
#3990 = LINE('',#3991,#3992);
#3991 = CARTESIAN_POINT('',(0.,-16.));
#3992 = VECTOR('',#3993,1.);
#3993 = DIRECTION('',(1.,0.));
#3994 = ( GEOMETRIC_REPRESENTATION_CONTEXT(2) 
PARAMETRIC_REPRESENTATION_CONTEXT() REPRESENTATION_CONTEXT('2D SPACE',''
  ) );
#3995 = PCURVE('',#3996,#4001);
#3996 = PLANE('',#3997);
#3997 = AXIS2_PLACEMENT_3D('',#3998,#3999,#4000);
#3998 = CARTESIAN_POINT('',(-14.,8.,197.));
#3999 = DIRECTION('',(0.,1.,0.));
#4000 = DIRECTION('',(0.,0.,1.));
#4001 = DEFINITIONAL_REPRESENTATION('',(#4002),#4006);
#4002 = LINE('',#4003,#4004);
#4003 = CARTESIAN_POINT('',(0.,0.));
#4004 = VECTOR('',#4005,1.);
#4005 = DIRECTION('',(1.,0.));
#4006 = ( GEOMETRIC_REPRESENTATION_CONTEXT(2) 
PARAMETRIC_REPRESENTATION_CONTEXT() REPRESENTATION_CONTEXT('2D SPACE',''
  ) );
#4007 = ORIENTED_EDGE('',*,*,#4008,.F.);
#4008 = EDGE_CURVE('',#3920,#3981,#4009,.T.);
#4009 = SURFACE_CURVE('',#4010,(#4014,#4021),.PCURVE_S1.);
#4010 = LINE('',#4011,#4012);
#4011 = CARTESIAN_POINT('',(-14.,-8.,252.));
#4012 = VECTOR('',#4013,1.);
#4013 = DIRECTION('',(0.,1.,0.));
#4014 = PCURVE('',#3928,#4015);
#4015 = DEFINITIONAL_REPRESENTATION('',(#4016),#4020);
#4016 = LINE('',#4017,#4018);
#4017 = CARTESIAN_POINT('',(55.,0.));
#4018 = VECTOR('',#4019,1.);
#4019 = DIRECTION('',(0.,-1.));
#4020 = ( GEOMETRIC_REPRESENTATION_CONTEXT(2) 
PARAMETRIC_REPRESENTATION_CONTEXT() REPRESENTATION_CONTEXT('2D SPACE',''
  ) );
#4021 = PCURVE('',#4022,#4027);
#4022 = PLANE('',#4023);
#4023 = AXIS2_PLACEMENT_3D('',#4024,#4025,#4026);
#4024 = CARTESIAN_POINT('',(-14.,-8.,252.));
#4025 = DIRECTION('',(0.,0.,1.));
#4026 = DIRECTION('',(1.,0.,0.));
#4027 = DEFINITIONAL_REPRESENTATION('',(#4028),#4032);
#4028 = LINE('',#4029,#4030);
#4029 = CARTESIAN_POINT('',(0.,0.));
#4030 = VECTOR('',#4031,1.);
#4031 = DIRECTION('',(0.,1.));
#4032 = ( GEOMETRIC_REPRESENTATION_CONTEXT(2) 
PARAMETRIC_REPRESENTATION_CONTEXT() REPRESENTATION_CONTEXT('2D SPACE',''
  ) );
#4033 = ADVANCED_FACE('',(#4034),#4048,.T.);
#4034 = FACE_BOUND('',#4035,.T.);
#4035 = EDGE_LOOP('',(#4036,#4066,#4089,#4112));
#4036 = ORIENTED_EDGE('',*,*,#4037,.F.);
#4037 = EDGE_CURVE('',#4038,#4040,#4042,.T.);
#4038 = VERTEX_POINT('',#4039);
#4039 = CARTESIAN_POINT('',(14.,-8.,197.));
#4040 = VERTEX_POINT('',#4041);
#4041 = CARTESIAN_POINT('',(14.,-8.,252.));
#4042 = SURFACE_CURVE('',#4043,(#4047,#4059),.PCURVE_S1.);
#4043 = LINE('',#4044,#4045);
#4044 = CARTESIAN_POINT('',(14.,-8.,197.));
#4045 = VECTOR('',#4046,1.);
#4046 = DIRECTION('',(0.,0.,1.));
#4047 = PCURVE('',#4048,#4053);
#4048 = PLANE('',#4049);
#4049 = AXIS2_PLACEMENT_3D('',#4050,#4051,#4052);
#4050 = CARTESIAN_POINT('',(14.,-8.,197.));
#4051 = DIRECTION('',(1.,0.,0.));
#4052 = DIRECTION('',(0.,0.,1.));
#4053 = DEFINITIONAL_REPRESENTATION('',(#4054),#4058);
#4054 = LINE('',#4055,#4056);
#4055 = CARTESIAN_POINT('',(0.,0.));
#4056 = VECTOR('',#4057,1.);
#4057 = DIRECTION('',(1.,0.));
#4058 = ( GEOMETRIC_REPRESENTATION_CONTEXT(2) 
PARAMETRIC_REPRESENTATION_CONTEXT() REPRESENTATION_CONTEXT('2D SPACE',''
  ) );
#4059 = PCURVE('',#3940,#4060);
#4060 = DEFINITIONAL_REPRESENTATION('',(#4061),#4065);
#4061 = LINE('',#4062,#4063);
#4062 = CARTESIAN_POINT('',(0.,28.));
#4063 = VECTOR('',#4064,1.);
#4064 = DIRECTION('',(1.,0.));
#4065 = ( GEOMETRIC_REPRESENTATION_CONTEXT(2) 
PARAMETRIC_REPRESENTATION_CONTEXT() REPRESENTATION_CONTEXT('2D SPACE',''
  ) );
#4066 = ORIENTED_EDGE('',*,*,#4067,.T.);
#4067 = EDGE_CURVE('',#4038,#4068,#4070,.T.);
#4068 = VERTEX_POINT('',#4069);
#4069 = CARTESIAN_POINT('',(14.,8.,197.));
#4070 = SURFACE_CURVE('',#4071,(#4075,#4082),.PCURVE_S1.);
#4071 = LINE('',#4072,#4073);
#4072 = CARTESIAN_POINT('',(14.,-8.,197.));
#4073 = VECTOR('',#4074,1.);
#4074 = DIRECTION('',(0.,1.,0.));
#4075 = PCURVE('',#4048,#4076);
#4076 = DEFINITIONAL_REPRESENTATION('',(#4077),#4081);
#4077 = LINE('',#4078,#4079);
#4078 = CARTESIAN_POINT('',(0.,0.));
#4079 = VECTOR('',#4080,1.);
#4080 = DIRECTION('',(0.,-1.));
#4081 = ( GEOMETRIC_REPRESENTATION_CONTEXT(2) 
PARAMETRIC_REPRESENTATION_CONTEXT() REPRESENTATION_CONTEXT('2D SPACE',''
  ) );
#4082 = PCURVE('',#3968,#4083);
#4083 = DEFINITIONAL_REPRESENTATION('',(#4084),#4088);
#4084 = LINE('',#4085,#4086);
#4085 = CARTESIAN_POINT('',(28.,0.));
#4086 = VECTOR('',#4087,1.);
#4087 = DIRECTION('',(0.,1.));
#4088 = ( GEOMETRIC_REPRESENTATION_CONTEXT(2) 
PARAMETRIC_REPRESENTATION_CONTEXT() REPRESENTATION_CONTEXT('2D SPACE',''
  ) );
#4089 = ORIENTED_EDGE('',*,*,#4090,.T.);
#4090 = EDGE_CURVE('',#4068,#4091,#4093,.T.);
#4091 = VERTEX_POINT('',#4092);
#4092 = CARTESIAN_POINT('',(14.,8.,252.));
#4093 = SURFACE_CURVE('',#4094,(#4098,#4105),.PCURVE_S1.);
#4094 = LINE('',#4095,#4096);
#4095 = CARTESIAN_POINT('',(14.,8.,197.));
#4096 = VECTOR('',#4097,1.);
#4097 = DIRECTION('',(0.,0.,1.));
#4098 = PCURVE('',#4048,#4099);
#4099 = DEFINITIONAL_REPRESENTATION('',(#4100),#4104);
#4100 = LINE('',#4101,#4102);
#4101 = CARTESIAN_POINT('',(0.,-16.));
#4102 = VECTOR('',#4103,1.);
#4103 = DIRECTION('',(1.,0.));
#4104 = ( GEOMETRIC_REPRESENTATION_CONTEXT(2) 
PARAMETRIC_REPRESENTATION_CONTEXT() REPRESENTATION_CONTEXT('2D SPACE',''
  ) );
#4105 = PCURVE('',#3996,#4106);
#4106 = DEFINITIONAL_REPRESENTATION('',(#4107),#4111);
#4107 = LINE('',#4108,#4109);
#4108 = CARTESIAN_POINT('',(0.,28.));
#4109 = VECTOR('',#4110,1.);
#4110 = DIRECTION('',(1.,0.));
#4111 = ( GEOMETRIC_REPRESENTATION_CONTEXT(2) 
PARAMETRIC_REPRESENTATION_CONTEXT() REPRESENTATION_CONTEXT('2D SPACE',''
  ) );
#4112 = ORIENTED_EDGE('',*,*,#4113,.F.);
#4113 = EDGE_CURVE('',#4040,#4091,#4114,.T.);
#4114 = SURFACE_CURVE('',#4115,(#4119,#4126),.PCURVE_S1.);
#4115 = LINE('',#4116,#4117);
#4116 = CARTESIAN_POINT('',(14.,-8.,252.));
#4117 = VECTOR('',#4118,1.);
#4118 = DIRECTION('',(0.,1.,0.));
#4119 = PCURVE('',#4048,#4120);
#4120 = DEFINITIONAL_REPRESENTATION('',(#4121),#4125);
#4121 = LINE('',#4122,#4123);
#4122 = CARTESIAN_POINT('',(55.,0.));
#4123 = VECTOR('',#4124,1.);
#4124 = DIRECTION('',(0.,-1.));
#4125 = ( GEOMETRIC_REPRESENTATION_CONTEXT(2) 
PARAMETRIC_REPRESENTATION_CONTEXT() REPRESENTATION_CONTEXT('2D SPACE',''
  ) );
#4126 = PCURVE('',#4022,#4127);
#4127 = DEFINITIONAL_REPRESENTATION('',(#4128),#4132);
#4128 = LINE('',#4129,#4130);
#4129 = CARTESIAN_POINT('',(28.,0.));
#4130 = VECTOR('',#4131,1.);
#4131 = DIRECTION('',(0.,1.));
#4132 = ( GEOMETRIC_REPRESENTATION_CONTEXT(2) 
PARAMETRIC_REPRESENTATION_CONTEXT() REPRESENTATION_CONTEXT('2D SPACE',''
  ) );
#4133 = ADVANCED_FACE('',(#4134),#3940,.F.);
#4134 = FACE_BOUND('',#4135,.F.);
#4135 = EDGE_LOOP('',(#4136,#4157,#4158,#4179));
#4136 = ORIENTED_EDGE('',*,*,#4137,.F.);
#4137 = EDGE_CURVE('',#3918,#4038,#4138,.T.);
#4138 = SURFACE_CURVE('',#4139,(#4143,#4150),.PCURVE_S1.);
#4139 = LINE('',#4140,#4141);
#4140 = CARTESIAN_POINT('',(-14.,-8.,197.));
#4141 = VECTOR('',#4142,1.);
#4142 = DIRECTION('',(1.,0.,0.));
#4143 = PCURVE('',#3940,#4144);
#4144 = DEFINITIONAL_REPRESENTATION('',(#4145),#4149);
#4145 = LINE('',#4146,#4147);
#4146 = CARTESIAN_POINT('',(0.,0.));
#4147 = VECTOR('',#4148,1.);
#4148 = DIRECTION('',(0.,1.));
#4149 = ( GEOMETRIC_REPRESENTATION_CONTEXT(2) 
PARAMETRIC_REPRESENTATION_CONTEXT() REPRESENTATION_CONTEXT('2D SPACE',''
  ) );
#4150 = PCURVE('',#3968,#4151);
#4151 = DEFINITIONAL_REPRESENTATION('',(#4152),#4156);
#4152 = LINE('',#4153,#4154);
#4153 = CARTESIAN_POINT('',(0.,0.));
#4154 = VECTOR('',#4155,1.);
#4155 = DIRECTION('',(1.,0.));
#4156 = ( GEOMETRIC_REPRESENTATION_CONTEXT(2) 
PARAMETRIC_REPRESENTATION_CONTEXT() REPRESENTATION_CONTEXT('2D SPACE',''
  ) );
#4157 = ORIENTED_EDGE('',*,*,#3917,.T.);
#4158 = ORIENTED_EDGE('',*,*,#4159,.T.);
#4159 = EDGE_CURVE('',#3920,#4040,#4160,.T.);
#4160 = SURFACE_CURVE('',#4161,(#4165,#4172),.PCURVE_S1.);
#4161 = LINE('',#4162,#4163);
#4162 = CARTESIAN_POINT('',(-14.,-8.,252.));
#4163 = VECTOR('',#4164,1.);
#4164 = DIRECTION('',(1.,0.,0.));
#4165 = PCURVE('',#3940,#4166);
#4166 = DEFINITIONAL_REPRESENTATION('',(#4167),#4171);
#4167 = LINE('',#4168,#4169);
#4168 = CARTESIAN_POINT('',(55.,0.));
#4169 = VECTOR('',#4170,1.);
#4170 = DIRECTION('',(0.,1.));
#4171 = ( GEOMETRIC_REPRESENTATION_CONTEXT(2) 
PARAMETRIC_REPRESENTATION_CONTEXT() REPRESENTATION_CONTEXT('2D SPACE',''
  ) );
#4172 = PCURVE('',#4022,#4173);
#4173 = DEFINITIONAL_REPRESENTATION('',(#4174),#4178);
#4174 = LINE('',#4175,#4176);
#4175 = CARTESIAN_POINT('',(0.,0.));
#4176 = VECTOR('',#4177,1.);
#4177 = DIRECTION('',(1.,0.));
#4178 = ( GEOMETRIC_REPRESENTATION_CONTEXT(2) 
PARAMETRIC_REPRESENTATION_CONTEXT() REPRESENTATION_CONTEXT('2D SPACE',''
  ) );
#4179 = ORIENTED_EDGE('',*,*,#4037,.F.);
#4180 = ADVANCED_FACE('',(#4181),#3996,.T.);
#4181 = FACE_BOUND('',#4182,.T.);
#4182 = EDGE_LOOP('',(#4183,#4204,#4205,#4226));
#4183 = ORIENTED_EDGE('',*,*,#4184,.F.);
#4184 = EDGE_CURVE('',#3953,#4068,#4185,.T.);
#4185 = SURFACE_CURVE('',#4186,(#4190,#4197),.PCURVE_S1.);
#4186 = LINE('',#4187,#4188);
#4187 = CARTESIAN_POINT('',(-14.,8.,197.));
#4188 = VECTOR('',#4189,1.);
#4189 = DIRECTION('',(1.,0.,0.));
#4190 = PCURVE('',#3996,#4191);
#4191 = DEFINITIONAL_REPRESENTATION('',(#4192),#4196);
#4192 = LINE('',#4193,#4194);
#4193 = CARTESIAN_POINT('',(0.,0.));
#4194 = VECTOR('',#4195,1.);
#4195 = DIRECTION('',(0.,1.));
#4196 = ( GEOMETRIC_REPRESENTATION_CONTEXT(2) 
PARAMETRIC_REPRESENTATION_CONTEXT() REPRESENTATION_CONTEXT('2D SPACE',''
  ) );
#4197 = PCURVE('',#3968,#4198);
#4198 = DEFINITIONAL_REPRESENTATION('',(#4199),#4203);
#4199 = LINE('',#4200,#4201);
#4200 = CARTESIAN_POINT('',(0.,16.));
#4201 = VECTOR('',#4202,1.);
#4202 = DIRECTION('',(1.,0.));
#4203 = ( GEOMETRIC_REPRESENTATION_CONTEXT(2) 
PARAMETRIC_REPRESENTATION_CONTEXT() REPRESENTATION_CONTEXT('2D SPACE',''
  ) );
#4204 = ORIENTED_EDGE('',*,*,#3980,.T.);
#4205 = ORIENTED_EDGE('',*,*,#4206,.T.);
#4206 = EDGE_CURVE('',#3981,#4091,#4207,.T.);
#4207 = SURFACE_CURVE('',#4208,(#4212,#4219),.PCURVE_S1.);
#4208 = LINE('',#4209,#4210);
#4209 = CARTESIAN_POINT('',(-14.,8.,252.));
#4210 = VECTOR('',#4211,1.);
#4211 = DIRECTION('',(1.,0.,0.));
#4212 = PCURVE('',#3996,#4213);
#4213 = DEFINITIONAL_REPRESENTATION('',(#4214),#4218);
#4214 = LINE('',#4215,#4216);
#4215 = CARTESIAN_POINT('',(55.,0.));
#4216 = VECTOR('',#4217,1.);
#4217 = DIRECTION('',(0.,1.));
#4218 = ( GEOMETRIC_REPRESENTATION_CONTEXT(2) 
PARAMETRIC_REPRESENTATION_CONTEXT() REPRESENTATION_CONTEXT('2D SPACE',''
  ) );
#4219 = PCURVE('',#4022,#4220);
#4220 = DEFINITIONAL_REPRESENTATION('',(#4221),#4225);
#4221 = LINE('',#4222,#4223);
#4222 = CARTESIAN_POINT('',(0.,16.));
#4223 = VECTOR('',#4224,1.);
#4224 = DIRECTION('',(1.,0.));
#4225 = ( GEOMETRIC_REPRESENTATION_CONTEXT(2) 
PARAMETRIC_REPRESENTATION_CONTEXT() REPRESENTATION_CONTEXT('2D SPACE',''
  ) );
#4226 = ORIENTED_EDGE('',*,*,#4090,.F.);
#4227 = ADVANCED_FACE('',(#4228),#3968,.F.);
#4228 = FACE_BOUND('',#4229,.F.);
#4229 = EDGE_LOOP('',(#4230,#4231,#4232,#4233));
#4230 = ORIENTED_EDGE('',*,*,#3952,.F.);
#4231 = ORIENTED_EDGE('',*,*,#4137,.T.);
#4232 = ORIENTED_EDGE('',*,*,#4067,.T.);
#4233 = ORIENTED_EDGE('',*,*,#4184,.F.);
#4234 = ADVANCED_FACE('',(#4235),#4022,.T.);
#4235 = FACE_BOUND('',#4236,.T.);
#4236 = EDGE_LOOP('',(#4237,#4238,#4239,#4240));
#4237 = ORIENTED_EDGE('',*,*,#4008,.F.);
#4238 = ORIENTED_EDGE('',*,*,#4159,.T.);
#4239 = ORIENTED_EDGE('',*,*,#4113,.T.);
#4240 = ORIENTED_EDGE('',*,*,#4206,.F.);
#4241 = ( GEOMETRIC_REPRESENTATION_CONTEXT(3) 
GLOBAL_UNCERTAINTY_ASSIGNED_CONTEXT((#4245)) 
GLOBAL_UNIT_ASSIGNED_CONTEXT((#4242,#4243,#4244)) REPRESENTATION_CONTEXT
('Context #1','3D Context with UNIT and UNCERTAINTY') );
#4242 = ( LENGTH_UNIT() NAMED_UNIT(*) SI_UNIT(.MILLI.,.METRE.) );
#4243 = ( NAMED_UNIT(*) PLANE_ANGLE_UNIT() SI_UNIT($,.RADIAN.) );
#4244 = ( NAMED_UNIT(*) SI_UNIT($,.STERADIAN.) SOLID_ANGLE_UNIT() );
#4245 = UNCERTAINTY_MEASURE_WITH_UNIT(LENGTH_MEASURE(1.E-07),#4242,
  'distance_accuracy_value','confusion accuracy');
#4246 = CONTEXT_DEPENDENT_SHAPE_REPRESENTATION(#4247,#4249);
#4247 = ( REPRESENTATION_RELATIONSHIP('','',#3910,#10) 
REPRESENTATION_RELATIONSHIP_WITH_TRANSFORMATION(#4248) 
SHAPE_REPRESENTATION_RELATIONSHIP() );
#4248 = ITEM_DEFINED_TRANSFORMATION('','',#11,#51);
#4249 = PRODUCT_DEFINITION_SHAPE('Placement','Placement of an item',
  #4250);
#4250 = NEXT_ASSEMBLY_USAGE_OCCURRENCE('10','RTC_SD_power_reserve','',#5
  ,#3905,$);
#4251 = PRODUCT_RELATED_PRODUCT_CATEGORY('part',$,(#3907));
#4252 = SHAPE_DEFINITION_REPRESENTATION(#4253,#4259);
#4253 = PRODUCT_DEFINITION_SHAPE('','',#4254);
#4254 = PRODUCT_DEFINITION('design','',#4255,#4258);
#4255 = PRODUCT_DEFINITION_FORMATION('','',#4256);
#4256 = PRODUCT('HTI_pin_1','HTI_pin_1','',(#4257));
#4257 = PRODUCT_CONTEXT('',#2,'mechanical');
#4258 = PRODUCT_DEFINITION_CONTEXT('part definition',#2,'design');
#4259 = ADVANCED_BREP_SHAPE_REPRESENTATION('',(#11,#4260),#4358);
#4260 = MANIFOLD_SOLID_BREP('',#4261);
#4261 = CLOSED_SHELL('',(#4262,#4350,#4354));
#4262 = ADVANCED_FACE('',(#4263),#4277,.T.);
#4263 = FACE_BOUND('',#4264,.F.);
#4264 = EDGE_LOOP('',(#4265,#4295,#4322,#4323));
#4265 = ORIENTED_EDGE('',*,*,#4266,.T.);
#4266 = EDGE_CURVE('',#4267,#4269,#4271,.T.);
#4267 = VERTEX_POINT('',#4268);
#4268 = CARTESIAN_POINT('',(-0.95,0.,-3.));
#4269 = VERTEX_POINT('',#4270);
#4270 = CARTESIAN_POINT('',(-0.95,0.,3.));
#4271 = SEAM_CURVE('',#4272,(#4276,#4288),.PCURVE_S1.);
#4272 = LINE('',#4273,#4274);
#4273 = CARTESIAN_POINT('',(-0.95,0.,-3.));
#4274 = VECTOR('',#4275,1.);
#4275 = DIRECTION('',(0.,0.,1.));
#4276 = PCURVE('',#4277,#4282);
#4277 = CYLINDRICAL_SURFACE('',#4278,0.35);
#4278 = AXIS2_PLACEMENT_3D('',#4279,#4280,#4281);
#4279 = CARTESIAN_POINT('',(-1.3,0.,-3.));
#4280 = DIRECTION('',(-0.,-0.,-1.));
#4281 = DIRECTION('',(1.,0.,0.));
#4282 = DEFINITIONAL_REPRESENTATION('',(#4283),#4287);
#4283 = LINE('',#4284,#4285);
#4284 = CARTESIAN_POINT('',(-0.,0.));
#4285 = VECTOR('',#4286,1.);
#4286 = DIRECTION('',(-0.,-1.));
#4287 = ( GEOMETRIC_REPRESENTATION_CONTEXT(2) 
PARAMETRIC_REPRESENTATION_CONTEXT() REPRESENTATION_CONTEXT('2D SPACE',''
  ) );
#4288 = PCURVE('',#4277,#4289);
#4289 = DEFINITIONAL_REPRESENTATION('',(#4290),#4294);
#4290 = LINE('',#4291,#4292);
#4291 = CARTESIAN_POINT('',(-6.28318530718,0.));
#4292 = VECTOR('',#4293,1.);
#4293 = DIRECTION('',(-0.,-1.));
#4294 = ( GEOMETRIC_REPRESENTATION_CONTEXT(2) 
PARAMETRIC_REPRESENTATION_CONTEXT() REPRESENTATION_CONTEXT('2D SPACE',''
  ) );
#4295 = ORIENTED_EDGE('',*,*,#4296,.T.);
#4296 = EDGE_CURVE('',#4269,#4269,#4297,.T.);
#4297 = SURFACE_CURVE('',#4298,(#4303,#4310),.PCURVE_S1.);
#4298 = CIRCLE('',#4299,0.35);
#4299 = AXIS2_PLACEMENT_3D('',#4300,#4301,#4302);
#4300 = CARTESIAN_POINT('',(-1.3,0.,3.));
#4301 = DIRECTION('',(0.,0.,1.));
#4302 = DIRECTION('',(1.,0.,0.));
#4303 = PCURVE('',#4277,#4304);
#4304 = DEFINITIONAL_REPRESENTATION('',(#4305),#4309);
#4305 = LINE('',#4306,#4307);
#4306 = CARTESIAN_POINT('',(-0.,-6.));
#4307 = VECTOR('',#4308,1.);
#4308 = DIRECTION('',(-1.,0.));
#4309 = ( GEOMETRIC_REPRESENTATION_CONTEXT(2) 
PARAMETRIC_REPRESENTATION_CONTEXT() REPRESENTATION_CONTEXT('2D SPACE',''
  ) );
#4310 = PCURVE('',#4311,#4316);
#4311 = PLANE('',#4312);
#4312 = AXIS2_PLACEMENT_3D('',#4313,#4314,#4315);
#4313 = CARTESIAN_POINT('',(-1.3,9.740626320393E-19,3.));
#4314 = DIRECTION('',(0.,0.,1.));
#4315 = DIRECTION('',(1.,0.,-0.));
#4316 = DEFINITIONAL_REPRESENTATION('',(#4317),#4321);
#4317 = CIRCLE('',#4318,0.35);
#4318 = AXIS2_PLACEMENT_2D('',#4319,#4320);
#4319 = CARTESIAN_POINT('',(2.22044604925E-16,-9.740626320393E-19));
#4320 = DIRECTION('',(1.,0.));
#4321 = ( GEOMETRIC_REPRESENTATION_CONTEXT(2) 
PARAMETRIC_REPRESENTATION_CONTEXT() REPRESENTATION_CONTEXT('2D SPACE',''
  ) );
#4322 = ORIENTED_EDGE('',*,*,#4266,.F.);
#4323 = ORIENTED_EDGE('',*,*,#4324,.F.);
#4324 = EDGE_CURVE('',#4267,#4267,#4325,.T.);
#4325 = SURFACE_CURVE('',#4326,(#4331,#4338),.PCURVE_S1.);
#4326 = CIRCLE('',#4327,0.35);
#4327 = AXIS2_PLACEMENT_3D('',#4328,#4329,#4330);
#4328 = CARTESIAN_POINT('',(-1.3,0.,-3.));
#4329 = DIRECTION('',(0.,0.,1.));
#4330 = DIRECTION('',(1.,0.,0.));
#4331 = PCURVE('',#4277,#4332);
#4332 = DEFINITIONAL_REPRESENTATION('',(#4333),#4337);
#4333 = LINE('',#4334,#4335);
#4334 = CARTESIAN_POINT('',(-0.,0.));
#4335 = VECTOR('',#4336,1.);
#4336 = DIRECTION('',(-1.,0.));
#4337 = ( GEOMETRIC_REPRESENTATION_CONTEXT(2) 
PARAMETRIC_REPRESENTATION_CONTEXT() REPRESENTATION_CONTEXT('2D SPACE',''
  ) );
#4338 = PCURVE('',#4339,#4344);
#4339 = PLANE('',#4340);
#4340 = AXIS2_PLACEMENT_3D('',#4341,#4342,#4343);
#4341 = CARTESIAN_POINT('',(-1.3,9.740626320393E-19,-3.));
#4342 = DIRECTION('',(0.,0.,1.));
#4343 = DIRECTION('',(1.,0.,-0.));
#4344 = DEFINITIONAL_REPRESENTATION('',(#4345),#4349);
#4345 = CIRCLE('',#4346,0.35);
#4346 = AXIS2_PLACEMENT_2D('',#4347,#4348);
#4347 = CARTESIAN_POINT('',(2.22044604925E-16,-9.740626320393E-19));
#4348 = DIRECTION('',(1.,0.));
#4349 = ( GEOMETRIC_REPRESENTATION_CONTEXT(2) 
PARAMETRIC_REPRESENTATION_CONTEXT() REPRESENTATION_CONTEXT('2D SPACE',''
  ) );
#4350 = ADVANCED_FACE('',(#4351),#4339,.F.);
#4351 = FACE_BOUND('',#4352,.F.);
#4352 = EDGE_LOOP('',(#4353));
#4353 = ORIENTED_EDGE('',*,*,#4324,.T.);
#4354 = ADVANCED_FACE('',(#4355),#4311,.T.);
#4355 = FACE_BOUND('',#4356,.T.);
#4356 = EDGE_LOOP('',(#4357));
#4357 = ORIENTED_EDGE('',*,*,#4296,.T.);
#4358 = ( GEOMETRIC_REPRESENTATION_CONTEXT(3) 
GLOBAL_UNCERTAINTY_ASSIGNED_CONTEXT((#4362)) 
GLOBAL_UNIT_ASSIGNED_CONTEXT((#4359,#4360,#4361)) REPRESENTATION_CONTEXT
('Context #1','3D Context with UNIT and UNCERTAINTY') );
#4359 = ( LENGTH_UNIT() NAMED_UNIT(*) SI_UNIT(.MILLI.,.METRE.) );
#4360 = ( NAMED_UNIT(*) PLANE_ANGLE_UNIT() SI_UNIT($,.RADIAN.) );
#4361 = ( NAMED_UNIT(*) SI_UNIT($,.STERADIAN.) SOLID_ANGLE_UNIT() );
#4362 = UNCERTAINTY_MEASURE_WITH_UNIT(LENGTH_MEASURE(1.E-07),#4359,
  'distance_accuracy_value','confusion accuracy');
#4363 = CONTEXT_DEPENDENT_SHAPE_REPRESENTATION(#4364,#4366);
#4364 = ( REPRESENTATION_RELATIONSHIP('','',#4259,#10) 
REPRESENTATION_RELATIONSHIP_WITH_TRANSFORMATION(#4365) 
SHAPE_REPRESENTATION_RELATIONSHIP() );
#4365 = ITEM_DEFINED_TRANSFORMATION('','',#11,#55);
#4366 = PRODUCT_DEFINITION_SHAPE('Placement','Placement of an item',
  #4367);
#4367 = NEXT_ASSEMBLY_USAGE_OCCURRENCE('11','HTI_pin_1','',#5,#4254,$);
#4368 = PRODUCT_RELATED_PRODUCT_CATEGORY('part',$,(#4256));
#4369 = SHAPE_DEFINITION_REPRESENTATION(#4370,#4376);
#4370 = PRODUCT_DEFINITION_SHAPE('','',#4371);
#4371 = PRODUCT_DEFINITION('design','',#4372,#4375);
#4372 = PRODUCT_DEFINITION_FORMATION('','',#4373);
#4373 = PRODUCT('HTI_pin_2','HTI_pin_2','',(#4374));
#4374 = PRODUCT_CONTEXT('',#2,'mechanical');
#4375 = PRODUCT_DEFINITION_CONTEXT('part definition',#2,'design');
#4376 = ADVANCED_BREP_SHAPE_REPRESENTATION('',(#11,#4377),#4475);
#4377 = MANIFOLD_SOLID_BREP('',#4378);
#4378 = CLOSED_SHELL('',(#4379,#4467,#4471));
#4379 = ADVANCED_FACE('',(#4380),#4394,.T.);
#4380 = FACE_BOUND('',#4381,.F.);
#4381 = EDGE_LOOP('',(#4382,#4412,#4439,#4440));
#4382 = ORIENTED_EDGE('',*,*,#4383,.T.);
#4383 = EDGE_CURVE('',#4384,#4386,#4388,.T.);
#4384 = VERTEX_POINT('',#4385);
#4385 = CARTESIAN_POINT('',(0.35,0.,-3.));
#4386 = VERTEX_POINT('',#4387);
#4387 = CARTESIAN_POINT('',(0.35,0.,3.));
#4388 = SEAM_CURVE('',#4389,(#4393,#4405),.PCURVE_S1.);
#4389 = LINE('',#4390,#4391);
#4390 = CARTESIAN_POINT('',(0.35,0.,-3.));
#4391 = VECTOR('',#4392,1.);
#4392 = DIRECTION('',(0.,0.,1.));
#4393 = PCURVE('',#4394,#4399);
#4394 = CYLINDRICAL_SURFACE('',#4395,0.35);
#4395 = AXIS2_PLACEMENT_3D('',#4396,#4397,#4398);
#4396 = CARTESIAN_POINT('',(0.,0.,-3.));
#4397 = DIRECTION('',(-0.,-0.,-1.));
#4398 = DIRECTION('',(1.,0.,0.));
#4399 = DEFINITIONAL_REPRESENTATION('',(#4400),#4404);
#4400 = LINE('',#4401,#4402);
#4401 = CARTESIAN_POINT('',(-0.,0.));
#4402 = VECTOR('',#4403,1.);
#4403 = DIRECTION('',(-0.,-1.));
#4404 = ( GEOMETRIC_REPRESENTATION_CONTEXT(2) 
PARAMETRIC_REPRESENTATION_CONTEXT() REPRESENTATION_CONTEXT('2D SPACE',''
  ) );
#4405 = PCURVE('',#4394,#4406);
#4406 = DEFINITIONAL_REPRESENTATION('',(#4407),#4411);
#4407 = LINE('',#4408,#4409);
#4408 = CARTESIAN_POINT('',(-6.28318530718,0.));
#4409 = VECTOR('',#4410,1.);
#4410 = DIRECTION('',(-0.,-1.));
#4411 = ( GEOMETRIC_REPRESENTATION_CONTEXT(2) 
PARAMETRIC_REPRESENTATION_CONTEXT() REPRESENTATION_CONTEXT('2D SPACE',''
  ) );
#4412 = ORIENTED_EDGE('',*,*,#4413,.T.);
#4413 = EDGE_CURVE('',#4386,#4386,#4414,.T.);
#4414 = SURFACE_CURVE('',#4415,(#4420,#4427),.PCURVE_S1.);
#4415 = CIRCLE('',#4416,0.35);
#4416 = AXIS2_PLACEMENT_3D('',#4417,#4418,#4419);
#4417 = CARTESIAN_POINT('',(0.,0.,3.));
#4418 = DIRECTION('',(0.,0.,1.));
#4419 = DIRECTION('',(1.,0.,0.));
#4420 = PCURVE('',#4394,#4421);
#4421 = DEFINITIONAL_REPRESENTATION('',(#4422),#4426);
#4422 = LINE('',#4423,#4424);
#4423 = CARTESIAN_POINT('',(-0.,-6.));
#4424 = VECTOR('',#4425,1.);
#4425 = DIRECTION('',(-1.,0.));
#4426 = ( GEOMETRIC_REPRESENTATION_CONTEXT(2) 
PARAMETRIC_REPRESENTATION_CONTEXT() REPRESENTATION_CONTEXT('2D SPACE',''
  ) );
#4427 = PCURVE('',#4428,#4433);
#4428 = PLANE('',#4429);
#4429 = AXIS2_PLACEMENT_3D('',#4430,#4431,#4432);
#4430 = CARTESIAN_POINT('',(-2.289241293314E-17,1.623567125413E-17,3.));
#4431 = DIRECTION('',(0.,0.,1.));
#4432 = DIRECTION('',(1.,0.,-0.));
#4433 = DEFINITIONAL_REPRESENTATION('',(#4434),#4438);
#4434 = CIRCLE('',#4435,0.35);
#4435 = AXIS2_PLACEMENT_2D('',#4436,#4437);
#4436 = CARTESIAN_POINT('',(2.289241293314E-17,-1.623567125413E-17));
#4437 = DIRECTION('',(1.,0.));
#4438 = ( GEOMETRIC_REPRESENTATION_CONTEXT(2) 
PARAMETRIC_REPRESENTATION_CONTEXT() REPRESENTATION_CONTEXT('2D SPACE',''
  ) );
#4439 = ORIENTED_EDGE('',*,*,#4383,.F.);
#4440 = ORIENTED_EDGE('',*,*,#4441,.F.);
#4441 = EDGE_CURVE('',#4384,#4384,#4442,.T.);
#4442 = SURFACE_CURVE('',#4443,(#4448,#4455),.PCURVE_S1.);
#4443 = CIRCLE('',#4444,0.35);
#4444 = AXIS2_PLACEMENT_3D('',#4445,#4446,#4447);
#4445 = CARTESIAN_POINT('',(0.,0.,-3.));
#4446 = DIRECTION('',(0.,0.,1.));
#4447 = DIRECTION('',(1.,0.,0.));
#4448 = PCURVE('',#4394,#4449);
#4449 = DEFINITIONAL_REPRESENTATION('',(#4450),#4454);
#4450 = LINE('',#4451,#4452);
#4451 = CARTESIAN_POINT('',(-0.,0.));
#4452 = VECTOR('',#4453,1.);
#4453 = DIRECTION('',(-1.,0.));
#4454 = ( GEOMETRIC_REPRESENTATION_CONTEXT(2) 
PARAMETRIC_REPRESENTATION_CONTEXT() REPRESENTATION_CONTEXT('2D SPACE',''
  ) );
#4455 = PCURVE('',#4456,#4461);
#4456 = PLANE('',#4457);
#4457 = AXIS2_PLACEMENT_3D('',#4458,#4459,#4460);
#4458 = CARTESIAN_POINT('',(-2.289241293314E-17,1.623567125413E-17,-3.)
  );
#4459 = DIRECTION('',(0.,0.,1.));
#4460 = DIRECTION('',(1.,0.,-0.));
#4461 = DEFINITIONAL_REPRESENTATION('',(#4462),#4466);
#4462 = CIRCLE('',#4463,0.35);
#4463 = AXIS2_PLACEMENT_2D('',#4464,#4465);
#4464 = CARTESIAN_POINT('',(2.289241293314E-17,-1.623567125413E-17));
#4465 = DIRECTION('',(1.,0.));
#4466 = ( GEOMETRIC_REPRESENTATION_CONTEXT(2) 
PARAMETRIC_REPRESENTATION_CONTEXT() REPRESENTATION_CONTEXT('2D SPACE',''
  ) );
#4467 = ADVANCED_FACE('',(#4468),#4456,.F.);
#4468 = FACE_BOUND('',#4469,.F.);
#4469 = EDGE_LOOP('',(#4470));
#4470 = ORIENTED_EDGE('',*,*,#4441,.T.);
#4471 = ADVANCED_FACE('',(#4472),#4428,.T.);
#4472 = FACE_BOUND('',#4473,.T.);
#4473 = EDGE_LOOP('',(#4474));
#4474 = ORIENTED_EDGE('',*,*,#4413,.T.);
#4475 = ( GEOMETRIC_REPRESENTATION_CONTEXT(3) 
GLOBAL_UNCERTAINTY_ASSIGNED_CONTEXT((#4479)) 
GLOBAL_UNIT_ASSIGNED_CONTEXT((#4476,#4477,#4478)) REPRESENTATION_CONTEXT
('Context #1','3D Context with UNIT and UNCERTAINTY') );
#4476 = ( LENGTH_UNIT() NAMED_UNIT(*) SI_UNIT(.MILLI.,.METRE.) );
#4477 = ( NAMED_UNIT(*) PLANE_ANGLE_UNIT() SI_UNIT($,.RADIAN.) );
#4478 = ( NAMED_UNIT(*) SI_UNIT($,.STERADIAN.) SOLID_ANGLE_UNIT() );
#4479 = UNCERTAINTY_MEASURE_WITH_UNIT(LENGTH_MEASURE(1.E-07),#4476,
  'distance_accuracy_value','confusion accuracy');
#4480 = CONTEXT_DEPENDENT_SHAPE_REPRESENTATION(#4481,#4483);
#4481 = ( REPRESENTATION_RELATIONSHIP('','',#4376,#10) 
REPRESENTATION_RELATIONSHIP_WITH_TRANSFORMATION(#4482) 
SHAPE_REPRESENTATION_RELATIONSHIP() );
#4482 = ITEM_DEFINED_TRANSFORMATION('','',#11,#59);
#4483 = PRODUCT_DEFINITION_SHAPE('Placement','Placement of an item',
  #4484);
#4484 = NEXT_ASSEMBLY_USAGE_OCCURRENCE('12','HTI_pin_2','',#5,#4371,$);
#4485 = PRODUCT_RELATED_PRODUCT_CATEGORY('part',$,(#4373));
#4486 = SHAPE_DEFINITION_REPRESENTATION(#4487,#4493);
#4487 = PRODUCT_DEFINITION_SHAPE('','',#4488);
#4488 = PRODUCT_DEFINITION('design','',#4489,#4492);
#4489 = PRODUCT_DEFINITION_FORMATION('','',#4490);
#4490 = PRODUCT('HTI_pin_3','HTI_pin_3','',(#4491));
#4491 = PRODUCT_CONTEXT('',#2,'mechanical');
#4492 = PRODUCT_DEFINITION_CONTEXT('part definition',#2,'design');
#4493 = ADVANCED_BREP_SHAPE_REPRESENTATION('',(#11,#4494),#4592);
#4494 = MANIFOLD_SOLID_BREP('',#4495);
#4495 = CLOSED_SHELL('',(#4496,#4584,#4588));
#4496 = ADVANCED_FACE('',(#4497),#4511,.T.);
#4497 = FACE_BOUND('',#4498,.F.);
#4498 = EDGE_LOOP('',(#4499,#4529,#4556,#4557));
#4499 = ORIENTED_EDGE('',*,*,#4500,.T.);
#4500 = EDGE_CURVE('',#4501,#4503,#4505,.T.);
#4501 = VERTEX_POINT('',#4502);
#4502 = CARTESIAN_POINT('',(1.65,0.,-3.));
#4503 = VERTEX_POINT('',#4504);
#4504 = CARTESIAN_POINT('',(1.65,0.,3.));
#4505 = SEAM_CURVE('',#4506,(#4510,#4522),.PCURVE_S1.);
#4506 = LINE('',#4507,#4508);
#4507 = CARTESIAN_POINT('',(1.65,0.,-3.));
#4508 = VECTOR('',#4509,1.);
#4509 = DIRECTION('',(0.,0.,1.));
#4510 = PCURVE('',#4511,#4516);
#4511 = CYLINDRICAL_SURFACE('',#4512,0.35);
#4512 = AXIS2_PLACEMENT_3D('',#4513,#4514,#4515);
#4513 = CARTESIAN_POINT('',(1.3,0.,-3.));
#4514 = DIRECTION('',(-0.,-0.,-1.));
#4515 = DIRECTION('',(1.,0.,0.));
#4516 = DEFINITIONAL_REPRESENTATION('',(#4517),#4521);
#4517 = LINE('',#4518,#4519);
#4518 = CARTESIAN_POINT('',(-0.,0.));
#4519 = VECTOR('',#4520,1.);
#4520 = DIRECTION('',(-0.,-1.));
#4521 = ( GEOMETRIC_REPRESENTATION_CONTEXT(2) 
PARAMETRIC_REPRESENTATION_CONTEXT() REPRESENTATION_CONTEXT('2D SPACE',''
  ) );
#4522 = PCURVE('',#4511,#4523);
#4523 = DEFINITIONAL_REPRESENTATION('',(#4524),#4528);
#4524 = LINE('',#4525,#4526);
#4525 = CARTESIAN_POINT('',(-6.28318530718,0.));
#4526 = VECTOR('',#4527,1.);
#4527 = DIRECTION('',(-0.,-1.));
#4528 = ( GEOMETRIC_REPRESENTATION_CONTEXT(2) 
PARAMETRIC_REPRESENTATION_CONTEXT() REPRESENTATION_CONTEXT('2D SPACE',''
  ) );
#4529 = ORIENTED_EDGE('',*,*,#4530,.T.);
#4530 = EDGE_CURVE('',#4503,#4503,#4531,.T.);
#4531 = SURFACE_CURVE('',#4532,(#4537,#4544),.PCURVE_S1.);
#4532 = CIRCLE('',#4533,0.35);
#4533 = AXIS2_PLACEMENT_3D('',#4534,#4535,#4536);
#4534 = CARTESIAN_POINT('',(1.3,0.,3.));
#4535 = DIRECTION('',(0.,0.,1.));
#4536 = DIRECTION('',(1.,0.,0.));
#4537 = PCURVE('',#4511,#4538);
#4538 = DEFINITIONAL_REPRESENTATION('',(#4539),#4543);
#4539 = LINE('',#4540,#4541);
#4540 = CARTESIAN_POINT('',(-0.,-6.));
#4541 = VECTOR('',#4542,1.);
#4542 = DIRECTION('',(-1.,0.));
#4543 = ( GEOMETRIC_REPRESENTATION_CONTEXT(2) 
PARAMETRIC_REPRESENTATION_CONTEXT() REPRESENTATION_CONTEXT('2D SPACE',''
  ) );
#4544 = PCURVE('',#4545,#4550);
#4545 = PLANE('',#4546);
#4546 = AXIS2_PLACEMENT_3D('',#4547,#4548,#4549);
#4547 = CARTESIAN_POINT('',(1.3,1.623567125413E-17,3.));
#4548 = DIRECTION('',(0.,0.,1.));
#4549 = DIRECTION('',(1.,0.,-0.));
#4550 = DEFINITIONAL_REPRESENTATION('',(#4551),#4555);
#4551 = CIRCLE('',#4552,0.35);
#4552 = AXIS2_PLACEMENT_2D('',#4553,#4554);
#4553 = CARTESIAN_POINT('',(0.,-1.623567125413E-17));
#4554 = DIRECTION('',(1.,0.));
#4555 = ( GEOMETRIC_REPRESENTATION_CONTEXT(2) 
PARAMETRIC_REPRESENTATION_CONTEXT() REPRESENTATION_CONTEXT('2D SPACE',''
  ) );
#4556 = ORIENTED_EDGE('',*,*,#4500,.F.);
#4557 = ORIENTED_EDGE('',*,*,#4558,.F.);
#4558 = EDGE_CURVE('',#4501,#4501,#4559,.T.);
#4559 = SURFACE_CURVE('',#4560,(#4565,#4572),.PCURVE_S1.);
#4560 = CIRCLE('',#4561,0.35);
#4561 = AXIS2_PLACEMENT_3D('',#4562,#4563,#4564);
#4562 = CARTESIAN_POINT('',(1.3,0.,-3.));
#4563 = DIRECTION('',(0.,0.,1.));
#4564 = DIRECTION('',(1.,0.,0.));
#4565 = PCURVE('',#4511,#4566);
#4566 = DEFINITIONAL_REPRESENTATION('',(#4567),#4571);
#4567 = LINE('',#4568,#4569);
#4568 = CARTESIAN_POINT('',(-0.,0.));
#4569 = VECTOR('',#4570,1.);
#4570 = DIRECTION('',(-1.,0.));
#4571 = ( GEOMETRIC_REPRESENTATION_CONTEXT(2) 
PARAMETRIC_REPRESENTATION_CONTEXT() REPRESENTATION_CONTEXT('2D SPACE',''
  ) );
#4572 = PCURVE('',#4573,#4578);
#4573 = PLANE('',#4574);
#4574 = AXIS2_PLACEMENT_3D('',#4575,#4576,#4577);
#4575 = CARTESIAN_POINT('',(1.3,1.623567125413E-17,-3.));
#4576 = DIRECTION('',(0.,0.,1.));
#4577 = DIRECTION('',(1.,0.,-0.));
#4578 = DEFINITIONAL_REPRESENTATION('',(#4579),#4583);
#4579 = CIRCLE('',#4580,0.35);
#4580 = AXIS2_PLACEMENT_2D('',#4581,#4582);
#4581 = CARTESIAN_POINT('',(0.,-1.623567125413E-17));
#4582 = DIRECTION('',(1.,0.));
#4583 = ( GEOMETRIC_REPRESENTATION_CONTEXT(2) 
PARAMETRIC_REPRESENTATION_CONTEXT() REPRESENTATION_CONTEXT('2D SPACE',''
  ) );
#4584 = ADVANCED_FACE('',(#4585),#4573,.F.);
#4585 = FACE_BOUND('',#4586,.F.);
#4586 = EDGE_LOOP('',(#4587));
#4587 = ORIENTED_EDGE('',*,*,#4558,.T.);
#4588 = ADVANCED_FACE('',(#4589),#4545,.T.);
#4589 = FACE_BOUND('',#4590,.T.);
#4590 = EDGE_LOOP('',(#4591));
#4591 = ORIENTED_EDGE('',*,*,#4530,.T.);
#4592 = ( GEOMETRIC_REPRESENTATION_CONTEXT(3) 
GLOBAL_UNCERTAINTY_ASSIGNED_CONTEXT((#4596)) 
GLOBAL_UNIT_ASSIGNED_CONTEXT((#4593,#4594,#4595)) REPRESENTATION_CONTEXT
('Context #1','3D Context with UNIT and UNCERTAINTY') );
#4593 = ( LENGTH_UNIT() NAMED_UNIT(*) SI_UNIT(.MILLI.,.METRE.) );
#4594 = ( NAMED_UNIT(*) PLANE_ANGLE_UNIT() SI_UNIT($,.RADIAN.) );
#4595 = ( NAMED_UNIT(*) SI_UNIT($,.STERADIAN.) SOLID_ANGLE_UNIT() );
#4596 = UNCERTAINTY_MEASURE_WITH_UNIT(LENGTH_MEASURE(1.E-07),#4593,
  'distance_accuracy_value','confusion accuracy');
#4597 = CONTEXT_DEPENDENT_SHAPE_REPRESENTATION(#4598,#4600);
#4598 = ( REPRESENTATION_RELATIONSHIP('','',#4493,#10) 
REPRESENTATION_RELATIONSHIP_WITH_TRANSFORMATION(#4599) 
SHAPE_REPRESENTATION_RELATIONSHIP() );
#4599 = ITEM_DEFINED_TRANSFORMATION('','',#11,#63);
#4600 = PRODUCT_DEFINITION_SHAPE('Placement','Placement of an item',
  #4601);
#4601 = NEXT_ASSEMBLY_USAGE_OCCURRENCE('13','HTI_pin_3','',#5,#4488,$);
#4602 = PRODUCT_RELATED_PRODUCT_CATEGORY('part',$,(#4490));
#4603 = SHAPE_DEFINITION_REPRESENTATION(#4604,#4610);
#4604 = PRODUCT_DEFINITION_SHAPE('','',#4605);
#4605 = PRODUCT_DEFINITION('design','',#4606,#4609);
#4606 = PRODUCT_DEFINITION_FORMATION('','',#4607);
#4607 = PRODUCT('Wire_-1.3','Wire_-1.3','',(#4608));
#4608 = PRODUCT_CONTEXT('',#2,'mechanical');
#4609 = PRODUCT_DEFINITION_CONTEXT('part definition',#2,'design');
#4610 = ADVANCED_BREP_SHAPE_REPRESENTATION('',(#11,#4611),#4709);
#4611 = MANIFOLD_SOLID_BREP('',#4612);
#4612 = CLOSED_SHELL('',(#4613,#4701,#4705));
#4613 = ADVANCED_FACE('',(#4614),#4628,.T.);
#4614 = FACE_BOUND('',#4615,.F.);
#4615 = EDGE_LOOP('',(#4616,#4646,#4673,#4674));
#4616 = ORIENTED_EDGE('',*,*,#4617,.T.);
#4617 = EDGE_CURVE('',#4618,#4620,#4622,.T.);
#4618 = VERTEX_POINT('',#4619);
#4619 = CARTESIAN_POINT('',(-0.88,0.,-2.));
#4620 = VERTEX_POINT('',#4621);
#4621 = CARTESIAN_POINT('',(-0.88,0.,50.));
#4622 = SEAM_CURVE('',#4623,(#4627,#4639),.PCURVE_S1.);
#4623 = LINE('',#4624,#4625);
#4624 = CARTESIAN_POINT('',(-0.88,0.,-2.));
#4625 = VECTOR('',#4626,1.);
#4626 = DIRECTION('',(0.,0.,1.));
#4627 = PCURVE('',#4628,#4633);
#4628 = CYLINDRICAL_SURFACE('',#4629,0.42);
#4629 = AXIS2_PLACEMENT_3D('',#4630,#4631,#4632);
#4630 = CARTESIAN_POINT('',(-1.3,0.,-2.));
#4631 = DIRECTION('',(-0.,-0.,-1.));
#4632 = DIRECTION('',(1.,0.,0.));
#4633 = DEFINITIONAL_REPRESENTATION('',(#4634),#4638);
#4634 = LINE('',#4635,#4636);
#4635 = CARTESIAN_POINT('',(-0.,0.));
#4636 = VECTOR('',#4637,1.);
#4637 = DIRECTION('',(-0.,-1.));
#4638 = ( GEOMETRIC_REPRESENTATION_CONTEXT(2) 
PARAMETRIC_REPRESENTATION_CONTEXT() REPRESENTATION_CONTEXT('2D SPACE',''
  ) );
#4639 = PCURVE('',#4628,#4640);
#4640 = DEFINITIONAL_REPRESENTATION('',(#4641),#4645);
#4641 = LINE('',#4642,#4643);
#4642 = CARTESIAN_POINT('',(-6.28318530718,0.));
#4643 = VECTOR('',#4644,1.);
#4644 = DIRECTION('',(-0.,-1.));
#4645 = ( GEOMETRIC_REPRESENTATION_CONTEXT(2) 
PARAMETRIC_REPRESENTATION_CONTEXT() REPRESENTATION_CONTEXT('2D SPACE',''
  ) );
#4646 = ORIENTED_EDGE('',*,*,#4647,.T.);
#4647 = EDGE_CURVE('',#4620,#4620,#4648,.T.);
#4648 = SURFACE_CURVE('',#4649,(#4654,#4661),.PCURVE_S1.);
#4649 = CIRCLE('',#4650,0.42);
#4650 = AXIS2_PLACEMENT_3D('',#4651,#4652,#4653);
#4651 = CARTESIAN_POINT('',(-1.3,0.,50.));
#4652 = DIRECTION('',(0.,0.,1.));
#4653 = DIRECTION('',(1.,0.,0.));
#4654 = PCURVE('',#4628,#4655);
#4655 = DEFINITIONAL_REPRESENTATION('',(#4656),#4660);
#4656 = LINE('',#4657,#4658);
#4657 = CARTESIAN_POINT('',(-0.,-52.));
#4658 = VECTOR('',#4659,1.);
#4659 = DIRECTION('',(-1.,0.));
#4660 = ( GEOMETRIC_REPRESENTATION_CONTEXT(2) 
PARAMETRIC_REPRESENTATION_CONTEXT() REPRESENTATION_CONTEXT('2D SPACE',''
  ) );
#4661 = PCURVE('',#4662,#4667);
#4662 = PLANE('',#4663);
#4663 = AXIS2_PLACEMENT_3D('',#4664,#4665,#4666);
#4664 = CARTESIAN_POINT('',(-1.3,8.29095918209E-18,50.));
#4665 = DIRECTION('',(0.,0.,1.));
#4666 = DIRECTION('',(1.,0.,-0.));
#4667 = DEFINITIONAL_REPRESENTATION('',(#4668),#4672);
#4668 = CIRCLE('',#4669,0.42);
#4669 = AXIS2_PLACEMENT_2D('',#4670,#4671);
#4670 = CARTESIAN_POINT('',(0.,-8.29095918209E-18));
#4671 = DIRECTION('',(1.,0.));
#4672 = ( GEOMETRIC_REPRESENTATION_CONTEXT(2) 
PARAMETRIC_REPRESENTATION_CONTEXT() REPRESENTATION_CONTEXT('2D SPACE',''
  ) );
#4673 = ORIENTED_EDGE('',*,*,#4617,.F.);
#4674 = ORIENTED_EDGE('',*,*,#4675,.F.);
#4675 = EDGE_CURVE('',#4618,#4618,#4676,.T.);
#4676 = SURFACE_CURVE('',#4677,(#4682,#4689),.PCURVE_S1.);
#4677 = CIRCLE('',#4678,0.42);
#4678 = AXIS2_PLACEMENT_3D('',#4679,#4680,#4681);
#4679 = CARTESIAN_POINT('',(-1.3,0.,-2.));
#4680 = DIRECTION('',(0.,0.,1.));
#4681 = DIRECTION('',(1.,0.,0.));
#4682 = PCURVE('',#4628,#4683);
#4683 = DEFINITIONAL_REPRESENTATION('',(#4684),#4688);
#4684 = LINE('',#4685,#4686);
#4685 = CARTESIAN_POINT('',(-0.,0.));
#4686 = VECTOR('',#4687,1.);
#4687 = DIRECTION('',(-1.,0.));
#4688 = ( GEOMETRIC_REPRESENTATION_CONTEXT(2) 
PARAMETRIC_REPRESENTATION_CONTEXT() REPRESENTATION_CONTEXT('2D SPACE',''
  ) );
#4689 = PCURVE('',#4690,#4695);
#4690 = PLANE('',#4691);
#4691 = AXIS2_PLACEMENT_3D('',#4692,#4693,#4694);
#4692 = CARTESIAN_POINT('',(-1.3,8.29095918209E-18,-2.));
#4693 = DIRECTION('',(0.,0.,1.));
#4694 = DIRECTION('',(1.,0.,-0.));
#4695 = DEFINITIONAL_REPRESENTATION('',(#4696),#4700);
#4696 = CIRCLE('',#4697,0.42);
#4697 = AXIS2_PLACEMENT_2D('',#4698,#4699);
#4698 = CARTESIAN_POINT('',(0.,-8.29095918209E-18));
#4699 = DIRECTION('',(1.,0.));
#4700 = ( GEOMETRIC_REPRESENTATION_CONTEXT(2) 
PARAMETRIC_REPRESENTATION_CONTEXT() REPRESENTATION_CONTEXT('2D SPACE',''
  ) );
#4701 = ADVANCED_FACE('',(#4702),#4690,.F.);
#4702 = FACE_BOUND('',#4703,.F.);
#4703 = EDGE_LOOP('',(#4704));
#4704 = ORIENTED_EDGE('',*,*,#4675,.T.);
#4705 = ADVANCED_FACE('',(#4706),#4662,.T.);
#4706 = FACE_BOUND('',#4707,.T.);
#4707 = EDGE_LOOP('',(#4708));
#4708 = ORIENTED_EDGE('',*,*,#4647,.T.);
#4709 = ( GEOMETRIC_REPRESENTATION_CONTEXT(3) 
GLOBAL_UNCERTAINTY_ASSIGNED_CONTEXT((#4713)) 
GLOBAL_UNIT_ASSIGNED_CONTEXT((#4710,#4711,#4712)) REPRESENTATION_CONTEXT
('Context #1','3D Context with UNIT and UNCERTAINTY') );
#4710 = ( LENGTH_UNIT() NAMED_UNIT(*) SI_UNIT(.MILLI.,.METRE.) );
#4711 = ( NAMED_UNIT(*) PLANE_ANGLE_UNIT() SI_UNIT($,.RADIAN.) );
#4712 = ( NAMED_UNIT(*) SI_UNIT($,.STERADIAN.) SOLID_ANGLE_UNIT() );
#4713 = UNCERTAINTY_MEASURE_WITH_UNIT(LENGTH_MEASURE(1.E-07),#4710,
  'distance_accuracy_value','confusion accuracy');
#4714 = CONTEXT_DEPENDENT_SHAPE_REPRESENTATION(#4715,#4717);
#4715 = ( REPRESENTATION_RELATIONSHIP('','',#4610,#10) 
REPRESENTATION_RELATIONSHIP_WITH_TRANSFORMATION(#4716) 
SHAPE_REPRESENTATION_RELATIONSHIP() );
#4716 = ITEM_DEFINED_TRANSFORMATION('','',#11,#67);
#4717 = PRODUCT_DEFINITION_SHAPE('Placement','Placement of an item',
  #4718);
#4718 = NEXT_ASSEMBLY_USAGE_OCCURRENCE('14','Wire_-1.3','',#5,#4605,$);
#4719 = PRODUCT_RELATED_PRODUCT_CATEGORY('part',$,(#4607));
#4720 = SHAPE_DEFINITION_REPRESENTATION(#4721,#4727);
#4721 = PRODUCT_DEFINITION_SHAPE('','',#4722);
#4722 = PRODUCT_DEFINITION('design','',#4723,#4726);
#4723 = PRODUCT_DEFINITION_FORMATION('','',#4724);
#4724 = PRODUCT('Wire_0.0','Wire_0.0','',(#4725));
#4725 = PRODUCT_CONTEXT('',#2,'mechanical');
#4726 = PRODUCT_DEFINITION_CONTEXT('part definition',#2,'design');
#4727 = ADVANCED_BREP_SHAPE_REPRESENTATION('',(#11,#4728),#4826);
#4728 = MANIFOLD_SOLID_BREP('',#4729);
#4729 = CLOSED_SHELL('',(#4730,#4818,#4822));
#4730 = ADVANCED_FACE('',(#4731),#4745,.T.);
#4731 = FACE_BOUND('',#4732,.F.);
#4732 = EDGE_LOOP('',(#4733,#4763,#4790,#4791));
#4733 = ORIENTED_EDGE('',*,*,#4734,.T.);
#4734 = EDGE_CURVE('',#4735,#4737,#4739,.T.);
#4735 = VERTEX_POINT('',#4736);
#4736 = CARTESIAN_POINT('',(0.42,0.,-2.));
#4737 = VERTEX_POINT('',#4738);
#4738 = CARTESIAN_POINT('',(0.42,0.,50.));
#4739 = SEAM_CURVE('',#4740,(#4744,#4756),.PCURVE_S1.);
#4740 = LINE('',#4741,#4742);
#4741 = CARTESIAN_POINT('',(0.42,0.,-2.));
#4742 = VECTOR('',#4743,1.);
#4743 = DIRECTION('',(0.,0.,1.));
#4744 = PCURVE('',#4745,#4750);
#4745 = CYLINDRICAL_SURFACE('',#4746,0.42);
#4746 = AXIS2_PLACEMENT_3D('',#4747,#4748,#4749);
#4747 = CARTESIAN_POINT('',(0.,0.,-2.));
#4748 = DIRECTION('',(-0.,-0.,-1.));
#4749 = DIRECTION('',(1.,0.,0.));
#4750 = DEFINITIONAL_REPRESENTATION('',(#4751),#4755);
#4751 = LINE('',#4752,#4753);
#4752 = CARTESIAN_POINT('',(-0.,0.));
#4753 = VECTOR('',#4754,1.);
#4754 = DIRECTION('',(-0.,-1.));
#4755 = ( GEOMETRIC_REPRESENTATION_CONTEXT(2) 
PARAMETRIC_REPRESENTATION_CONTEXT() REPRESENTATION_CONTEXT('2D SPACE',''
  ) );
#4756 = PCURVE('',#4745,#4757);
#4757 = DEFINITIONAL_REPRESENTATION('',(#4758),#4762);
#4758 = LINE('',#4759,#4760);
#4759 = CARTESIAN_POINT('',(-6.28318530718,0.));
#4760 = VECTOR('',#4761,1.);
#4761 = DIRECTION('',(-0.,-1.));
#4762 = ( GEOMETRIC_REPRESENTATION_CONTEXT(2) 
PARAMETRIC_REPRESENTATION_CONTEXT() REPRESENTATION_CONTEXT('2D SPACE',''
  ) );
#4763 = ORIENTED_EDGE('',*,*,#4764,.T.);
#4764 = EDGE_CURVE('',#4737,#4737,#4765,.T.);
#4765 = SURFACE_CURVE('',#4766,(#4771,#4778),.PCURVE_S1.);
#4766 = CIRCLE('',#4767,0.42);
#4767 = AXIS2_PLACEMENT_3D('',#4768,#4769,#4770);
#4768 = CARTESIAN_POINT('',(0.,0.,50.));
#4769 = DIRECTION('',(0.,0.,1.));
#4770 = DIRECTION('',(1.,0.,0.));
#4771 = PCURVE('',#4745,#4772);
#4772 = DEFINITIONAL_REPRESENTATION('',(#4773),#4777);
#4773 = LINE('',#4774,#4775);
#4774 = CARTESIAN_POINT('',(-0.,-52.));
#4775 = VECTOR('',#4776,1.);
#4776 = DIRECTION('',(-1.,0.));
#4777 = ( GEOMETRIC_REPRESENTATION_CONTEXT(2) 
PARAMETRIC_REPRESENTATION_CONTEXT() REPRESENTATION_CONTEXT('2D SPACE',''
  ) );
#4778 = PCURVE('',#4779,#4784);
#4779 = PLANE('',#4780);
#4780 = AXIS2_PLACEMENT_3D('',#4781,#4782,#4783);
#4781 = CARTESIAN_POINT('',(-3.815402155523E-17,8.29095918209E-18,50.));
#4782 = DIRECTION('',(0.,0.,1.));
#4783 = DIRECTION('',(1.,0.,-0.));
#4784 = DEFINITIONAL_REPRESENTATION('',(#4785),#4789);
#4785 = CIRCLE('',#4786,0.42);
#4786 = AXIS2_PLACEMENT_2D('',#4787,#4788);
#4787 = CARTESIAN_POINT('',(3.815402155523E-17,-8.29095918209E-18));
#4788 = DIRECTION('',(1.,0.));
#4789 = ( GEOMETRIC_REPRESENTATION_CONTEXT(2) 
PARAMETRIC_REPRESENTATION_CONTEXT() REPRESENTATION_CONTEXT('2D SPACE',''
  ) );
#4790 = ORIENTED_EDGE('',*,*,#4734,.F.);
#4791 = ORIENTED_EDGE('',*,*,#4792,.F.);
#4792 = EDGE_CURVE('',#4735,#4735,#4793,.T.);
#4793 = SURFACE_CURVE('',#4794,(#4799,#4806),.PCURVE_S1.);
#4794 = CIRCLE('',#4795,0.42);
#4795 = AXIS2_PLACEMENT_3D('',#4796,#4797,#4798);
#4796 = CARTESIAN_POINT('',(0.,0.,-2.));
#4797 = DIRECTION('',(0.,0.,1.));
#4798 = DIRECTION('',(1.,0.,0.));
#4799 = PCURVE('',#4745,#4800);
#4800 = DEFINITIONAL_REPRESENTATION('',(#4801),#4805);
#4801 = LINE('',#4802,#4803);
#4802 = CARTESIAN_POINT('',(-0.,0.));
#4803 = VECTOR('',#4804,1.);
#4804 = DIRECTION('',(-1.,0.));
#4805 = ( GEOMETRIC_REPRESENTATION_CONTEXT(2) 
PARAMETRIC_REPRESENTATION_CONTEXT() REPRESENTATION_CONTEXT('2D SPACE',''
  ) );
#4806 = PCURVE('',#4807,#4812);
#4807 = PLANE('',#4808);
#4808 = AXIS2_PLACEMENT_3D('',#4809,#4810,#4811);
#4809 = CARTESIAN_POINT('',(-3.815402155523E-17,8.29095918209E-18,-2.));
#4810 = DIRECTION('',(0.,0.,1.));
#4811 = DIRECTION('',(1.,0.,-0.));
#4812 = DEFINITIONAL_REPRESENTATION('',(#4813),#4817);
#4813 = CIRCLE('',#4814,0.42);
#4814 = AXIS2_PLACEMENT_2D('',#4815,#4816);
#4815 = CARTESIAN_POINT('',(3.815402155523E-17,-8.29095918209E-18));
#4816 = DIRECTION('',(1.,0.));
#4817 = ( GEOMETRIC_REPRESENTATION_CONTEXT(2) 
PARAMETRIC_REPRESENTATION_CONTEXT() REPRESENTATION_CONTEXT('2D SPACE',''
  ) );
#4818 = ADVANCED_FACE('',(#4819),#4807,.F.);
#4819 = FACE_BOUND('',#4820,.F.);
#4820 = EDGE_LOOP('',(#4821));
#4821 = ORIENTED_EDGE('',*,*,#4792,.T.);
#4822 = ADVANCED_FACE('',(#4823),#4779,.T.);
#4823 = FACE_BOUND('',#4824,.T.);
#4824 = EDGE_LOOP('',(#4825));
#4825 = ORIENTED_EDGE('',*,*,#4764,.T.);
#4826 = ( GEOMETRIC_REPRESENTATION_CONTEXT(3) 
GLOBAL_UNCERTAINTY_ASSIGNED_CONTEXT((#4830)) 
GLOBAL_UNIT_ASSIGNED_CONTEXT((#4827,#4828,#4829)) REPRESENTATION_CONTEXT
('Context #1','3D Context with UNIT and UNCERTAINTY') );
#4827 = ( LENGTH_UNIT() NAMED_UNIT(*) SI_UNIT(.MILLI.,.METRE.) );
#4828 = ( NAMED_UNIT(*) PLANE_ANGLE_UNIT() SI_UNIT($,.RADIAN.) );
#4829 = ( NAMED_UNIT(*) SI_UNIT($,.STERADIAN.) SOLID_ANGLE_UNIT() );
#4830 = UNCERTAINTY_MEASURE_WITH_UNIT(LENGTH_MEASURE(1.E-07),#4827,
  'distance_accuracy_value','confusion accuracy');
#4831 = CONTEXT_DEPENDENT_SHAPE_REPRESENTATION(#4832,#4834);
#4832 = ( REPRESENTATION_RELATIONSHIP('','',#4727,#10) 
REPRESENTATION_RELATIONSHIP_WITH_TRANSFORMATION(#4833) 
SHAPE_REPRESENTATION_RELATIONSHIP() );
#4833 = ITEM_DEFINED_TRANSFORMATION('','',#11,#71);
#4834 = PRODUCT_DEFINITION_SHAPE('Placement','Placement of an item',
  #4835);
#4835 = NEXT_ASSEMBLY_USAGE_OCCURRENCE('15','Wire_0.0','',#5,#4722,$);
#4836 = PRODUCT_RELATED_PRODUCT_CATEGORY('part',$,(#4724));
#4837 = SHAPE_DEFINITION_REPRESENTATION(#4838,#4844);
#4838 = PRODUCT_DEFINITION_SHAPE('','',#4839);
#4839 = PRODUCT_DEFINITION('design','',#4840,#4843);
#4840 = PRODUCT_DEFINITION_FORMATION('','',#4841);
#4841 = PRODUCT('Wire_1.3','Wire_1.3','',(#4842));
#4842 = PRODUCT_CONTEXT('',#2,'mechanical');
#4843 = PRODUCT_DEFINITION_CONTEXT('part definition',#2,'design');
#4844 = ADVANCED_BREP_SHAPE_REPRESENTATION('',(#11,#4845),#4943);
#4845 = MANIFOLD_SOLID_BREP('',#4846);
#4846 = CLOSED_SHELL('',(#4847,#4935,#4939));
#4847 = ADVANCED_FACE('',(#4848),#4862,.T.);
#4848 = FACE_BOUND('',#4849,.F.);
#4849 = EDGE_LOOP('',(#4850,#4880,#4907,#4908));
#4850 = ORIENTED_EDGE('',*,*,#4851,.T.);
#4851 = EDGE_CURVE('',#4852,#4854,#4856,.T.);
#4852 = VERTEX_POINT('',#4853);
#4853 = CARTESIAN_POINT('',(1.72,0.,-2.));
#4854 = VERTEX_POINT('',#4855);
#4855 = CARTESIAN_POINT('',(1.72,0.,50.));
#4856 = SEAM_CURVE('',#4857,(#4861,#4873),.PCURVE_S1.);
#4857 = LINE('',#4858,#4859);
#4858 = CARTESIAN_POINT('',(1.72,0.,-2.));
#4859 = VECTOR('',#4860,1.);
#4860 = DIRECTION('',(0.,0.,1.));
#4861 = PCURVE('',#4862,#4867);
#4862 = CYLINDRICAL_SURFACE('',#4863,0.42);
#4863 = AXIS2_PLACEMENT_3D('',#4864,#4865,#4866);
#4864 = CARTESIAN_POINT('',(1.3,0.,-2.));
#4865 = DIRECTION('',(-0.,-0.,-1.));
#4866 = DIRECTION('',(1.,0.,0.));
#4867 = DEFINITIONAL_REPRESENTATION('',(#4868),#4872);
#4868 = LINE('',#4869,#4870);
#4869 = CARTESIAN_POINT('',(-0.,0.));
#4870 = VECTOR('',#4871,1.);
#4871 = DIRECTION('',(-0.,-1.));
#4872 = ( GEOMETRIC_REPRESENTATION_CONTEXT(2) 
PARAMETRIC_REPRESENTATION_CONTEXT() REPRESENTATION_CONTEXT('2D SPACE',''
  ) );
#4873 = PCURVE('',#4862,#4874);
#4874 = DEFINITIONAL_REPRESENTATION('',(#4875),#4879);
#4875 = LINE('',#4876,#4877);
#4876 = CARTESIAN_POINT('',(-6.28318530718,0.));
#4877 = VECTOR('',#4878,1.);
#4878 = DIRECTION('',(-0.,-1.));
#4879 = ( GEOMETRIC_REPRESENTATION_CONTEXT(2) 
PARAMETRIC_REPRESENTATION_CONTEXT() REPRESENTATION_CONTEXT('2D SPACE',''
  ) );
#4880 = ORIENTED_EDGE('',*,*,#4881,.T.);
#4881 = EDGE_CURVE('',#4854,#4854,#4882,.T.);
#4882 = SURFACE_CURVE('',#4883,(#4888,#4895),.PCURVE_S1.);
#4883 = CIRCLE('',#4884,0.42);
#4884 = AXIS2_PLACEMENT_3D('',#4885,#4886,#4887);
#4885 = CARTESIAN_POINT('',(1.3,0.,50.));
#4886 = DIRECTION('',(0.,0.,1.));
#4887 = DIRECTION('',(1.,0.,0.));
#4888 = PCURVE('',#4862,#4889);
#4889 = DEFINITIONAL_REPRESENTATION('',(#4890),#4894);
#4890 = LINE('',#4891,#4892);
#4891 = CARTESIAN_POINT('',(-0.,-52.));
#4892 = VECTOR('',#4893,1.);
#4893 = DIRECTION('',(-1.,0.));
#4894 = ( GEOMETRIC_REPRESENTATION_CONTEXT(2) 
PARAMETRIC_REPRESENTATION_CONTEXT() REPRESENTATION_CONTEXT('2D SPACE',''
  ) );
#4895 = PCURVE('',#4896,#4901);
#4896 = PLANE('',#4897);
#4897 = AXIS2_PLACEMENT_3D('',#4898,#4899,#4900);
#4898 = CARTESIAN_POINT('',(1.3,8.29095918209E-18,50.));
#4899 = DIRECTION('',(0.,0.,1.));
#4900 = DIRECTION('',(1.,0.,-0.));
#4901 = DEFINITIONAL_REPRESENTATION('',(#4902),#4906);
#4902 = CIRCLE('',#4903,0.42);
#4903 = AXIS2_PLACEMENT_2D('',#4904,#4905);
#4904 = CARTESIAN_POINT('',(2.22044604925E-16,-8.29095918209E-18));
#4905 = DIRECTION('',(1.,0.));
#4906 = ( GEOMETRIC_REPRESENTATION_CONTEXT(2) 
PARAMETRIC_REPRESENTATION_CONTEXT() REPRESENTATION_CONTEXT('2D SPACE',''
  ) );
#4907 = ORIENTED_EDGE('',*,*,#4851,.F.);
#4908 = ORIENTED_EDGE('',*,*,#4909,.F.);
#4909 = EDGE_CURVE('',#4852,#4852,#4910,.T.);
#4910 = SURFACE_CURVE('',#4911,(#4916,#4923),.PCURVE_S1.);
#4911 = CIRCLE('',#4912,0.42);
#4912 = AXIS2_PLACEMENT_3D('',#4913,#4914,#4915);
#4913 = CARTESIAN_POINT('',(1.3,0.,-2.));
#4914 = DIRECTION('',(0.,0.,1.));
#4915 = DIRECTION('',(1.,0.,0.));
#4916 = PCURVE('',#4862,#4917);
#4917 = DEFINITIONAL_REPRESENTATION('',(#4918),#4922);
#4918 = LINE('',#4919,#4920);
#4919 = CARTESIAN_POINT('',(-0.,0.));
#4920 = VECTOR('',#4921,1.);
#4921 = DIRECTION('',(-1.,0.));
#4922 = ( GEOMETRIC_REPRESENTATION_CONTEXT(2) 
PARAMETRIC_REPRESENTATION_CONTEXT() REPRESENTATION_CONTEXT('2D SPACE',''
  ) );
#4923 = PCURVE('',#4924,#4929);
#4924 = PLANE('',#4925);
#4925 = AXIS2_PLACEMENT_3D('',#4926,#4927,#4928);
#4926 = CARTESIAN_POINT('',(1.3,8.29095918209E-18,-2.));
#4927 = DIRECTION('',(0.,0.,1.));
#4928 = DIRECTION('',(1.,0.,-0.));
#4929 = DEFINITIONAL_REPRESENTATION('',(#4930),#4934);
#4930 = CIRCLE('',#4931,0.42);
#4931 = AXIS2_PLACEMENT_2D('',#4932,#4933);
#4932 = CARTESIAN_POINT('',(2.22044604925E-16,-8.29095918209E-18));
#4933 = DIRECTION('',(1.,0.));
#4934 = ( GEOMETRIC_REPRESENTATION_CONTEXT(2) 
PARAMETRIC_REPRESENTATION_CONTEXT() REPRESENTATION_CONTEXT('2D SPACE',''
  ) );
#4935 = ADVANCED_FACE('',(#4936),#4924,.F.);
#4936 = FACE_BOUND('',#4937,.F.);
#4937 = EDGE_LOOP('',(#4938));
#4938 = ORIENTED_EDGE('',*,*,#4909,.T.);
#4939 = ADVANCED_FACE('',(#4940),#4896,.T.);
#4940 = FACE_BOUND('',#4941,.T.);
#4941 = EDGE_LOOP('',(#4942));
#4942 = ORIENTED_EDGE('',*,*,#4881,.T.);
#4943 = ( GEOMETRIC_REPRESENTATION_CONTEXT(3) 
GLOBAL_UNCERTAINTY_ASSIGNED_CONTEXT((#4947)) 
GLOBAL_UNIT_ASSIGNED_CONTEXT((#4944,#4945,#4946)) REPRESENTATION_CONTEXT
('Context #1','3D Context with UNIT and UNCERTAINTY') );
#4944 = ( LENGTH_UNIT() NAMED_UNIT(*) SI_UNIT(.MILLI.,.METRE.) );
#4945 = ( NAMED_UNIT(*) PLANE_ANGLE_UNIT() SI_UNIT($,.RADIAN.) );
#4946 = ( NAMED_UNIT(*) SI_UNIT($,.STERADIAN.) SOLID_ANGLE_UNIT() );
#4947 = UNCERTAINTY_MEASURE_WITH_UNIT(LENGTH_MEASURE(1.E-07),#4944,
  'distance_accuracy_value','confusion accuracy');
#4948 = CONTEXT_DEPENDENT_SHAPE_REPRESENTATION(#4949,#4951);
#4949 = ( REPRESENTATION_RELATIONSHIP('','',#4844,#10) 
REPRESENTATION_RELATIONSHIP_WITH_TRANSFORMATION(#4950) 
SHAPE_REPRESENTATION_RELATIONSHIP() );
#4950 = ITEM_DEFINED_TRANSFORMATION('','',#11,#75);
#4951 = PRODUCT_DEFINITION_SHAPE('Placement','Placement of an item',
  #4952);
#4952 = NEXT_ASSEMBLY_USAGE_OCCURRENCE('16','Wire_1.3','',#5,#4839,$);
#4953 = PRODUCT_RELATED_PRODUCT_CATEGORY('part',$,(#4841));
#4954 = MECHANICAL_DESIGN_GEOMETRIC_PRESENTATION_REPRESENTATION('',(
    #4955),#3194);
#4955 = STYLED_ITEM('color',(#4956),#2864);
#4956 = PRESENTATION_STYLE_ASSIGNMENT((#4957));
#4957 = SURFACE_STYLE_USAGE(.BOTH.,#4958);
#4958 = SURFACE_SIDE_STYLE('',(#4959));
#4959 = SURFACE_STYLE_FILL_AREA(#4960);
#4960 = FILL_AREA_STYLE('',(#4961));
#4961 = FILL_AREA_STYLE_COLOUR('',#4962);
#4962 = COLOUR_RGB('',0.599999994755,0.250000000672,0.649999988539);
#4963 = MECHANICAL_DESIGN_GEOMETRIC_PRESENTATION_REPRESENTATION('',(
    #4964),#3543);
#4964 = STYLED_ITEM('color',(#4965),#3213);
#4965 = PRESENTATION_STYLE_ASSIGNMENT((#4966));
#4966 = SURFACE_STYLE_USAGE(.BOTH.,#4967);
#4967 = SURFACE_SIDE_STYLE('',(#4968));
#4968 = SURFACE_STYLE_FILL_AREA(#4969);
#4969 = FILL_AREA_STYLE('',(#4970));
#4970 = FILL_AREA_STYLE_COLOUR('',#4971);
#4971 = COLOUR_RGB('',0.180000002302,0.55000000909,0.219999994989);
#4972 = MECHANICAL_DESIGN_GEOMETRIC_PRESENTATION_REPRESENTATION('',(
    #4973),#4709);
#4973 = STYLED_ITEM('color',(#4974),#4611);
#4974 = PRESENTATION_STYLE_ASSIGNMENT((#4975));
#4975 = SURFACE_STYLE_USAGE(.BOTH.,#4976);
#4976 = SURFACE_SIDE_STYLE('',(#4977));
#4977 = SURFACE_STYLE_FILL_AREA(#4978);
#4978 = FILL_AREA_STYLE('',(#4979));
#4979 = FILL_AREA_STYLE_COLOUR('',#4980);
#4980 = COLOUR_RGB('',0.800000010877,9.999999991362E-02,
  9.999999991362E-02);
#4981 = MECHANICAL_DESIGN_GEOMETRIC_PRESENTATION_REPRESENTATION('',(
    #4982),#3892);
#4982 = STYLED_ITEM('color',(#4983),#3562);
#4983 = PRESENTATION_STYLE_ASSIGNMENT((#4984));
#4984 = SURFACE_STYLE_USAGE(.BOTH.,#4985);
#4985 = SURFACE_SIDE_STYLE('',(#4986));
#4986 = SURFACE_STYLE_FILL_AREA(#4987);
#4987 = FILL_AREA_STYLE('',(#4988));
#4988 = FILL_AREA_STYLE_COLOUR('',#4989);
#4989 = COLOUR_RGB('',0.149999997808,0.299999996101,0.750000000934);
#4990 = MECHANICAL_DESIGN_GEOMETRIC_PRESENTATION_REPRESENTATION('',(
    #4991),#2644);
#4991 = STYLED_ITEM('color',(#4992),#2462);
#4992 = PRESENTATION_STYLE_ASSIGNMENT((#4993));
#4993 = SURFACE_STYLE_USAGE(.BOTH.,#4994);
#4994 = SURFACE_SIDE_STYLE('',(#4995));
#4995 = SURFACE_STYLE_FILL_AREA(#4996);
#4996 = FILL_AREA_STYLE('',(#4997));
#4997 = FILL_AREA_STYLE_COLOUR('',#4998);
#4998 = COLOUR_RGB('',0.920000012397,0.720000003324,0.250000000672);
#4999 = MECHANICAL_DESIGN_GEOMETRIC_PRESENTATION_REPRESENTATION('',(
    #5000),#4592);
#5000 = STYLED_ITEM('color',(#5001),#4494);
#5001 = PRESENTATION_STYLE_ASSIGNMENT((#5002));
#5002 = SURFACE_STYLE_USAGE(.BOTH.,#5003);
#5003 = SURFACE_SIDE_STYLE('',(#5004));
#5004 = SURFACE_STYLE_FILL_AREA(#5005);
#5005 = FILL_AREA_STYLE('',(#5006));
#5006 = FILL_AREA_STYLE_COLOUR('',#5007);
#5007 = COLOUR_RGB('',0.850000012718,0.649999988539,0.149999997808);
#5008 = MECHANICAL_DESIGN_GEOMETRIC_PRESENTATION_REPRESENTATION('',(
    #5009),#191);
#5009 = STYLED_ITEM('color',(#5010),#93);
#5010 = PRESENTATION_STYLE_ASSIGNMENT((#5011));
#5011 = SURFACE_STYLE_USAGE(.BOTH.,#5012);
#5012 = SURFACE_SIDE_STYLE('',(#5013));
#5013 = SURFACE_STYLE_FILL_AREA(#5014);
#5014 = FILL_AREA_STYLE('',(#5015));
#5015 = FILL_AREA_STYLE_COLOUR('',#5016);
#5016 = COLOUR_RGB('',0.350000000377,0.350000000377,0.380000002513);
#5017 = MECHANICAL_DESIGN_GEOMETRIC_PRESENTATION_REPRESENTATION('',(
    #5018),#4241);
#5018 = STYLED_ITEM('color',(#5019),#3911);
#5019 = PRESENTATION_STYLE_ASSIGNMENT((#5020));
#5020 = SURFACE_STYLE_USAGE(.BOTH.,#5021);
#5021 = SURFACE_SIDE_STYLE('',(#5022));
#5022 = SURFACE_STYLE_FILL_AREA(#5023);
#5023 = FILL_AREA_STYLE('',(#5024));
#5024 = FILL_AREA_STYLE_COLOUR('',#5025);
#5025 = COLOUR_RGB('',0.700000005816,0.199999998682,0.199999998682);
#5026 = MECHANICAL_DESIGN_GEOMETRIC_PRESENTATION_REPRESENTATION('',(
    #5027),#2845);
#5027 = STYLED_ITEM('color',(#5028),#2663);
#5028 = PRESENTATION_STYLE_ASSIGNMENT((#5029));
#5029 = SURFACE_STYLE_USAGE(.BOTH.,#5030);
#5030 = SURFACE_SIDE_STYLE('',(#5031));
#5031 = SURFACE_STYLE_FILL_AREA(#5032);
#5032 = FILL_AREA_STYLE('',(#5033));
#5033 = FILL_AREA_STYLE_COLOUR('',#5034);
#5034 = COLOUR_RGB('',0.700000005816,0.45000000386,0.180000002302);
#5035 = MECHANICAL_DESIGN_GEOMETRIC_PRESENTATION_REPRESENTATION('',(
    #5036),#4358);
#5036 = STYLED_ITEM('color',(#5037),#4260);
#5037 = PRESENTATION_STYLE_ASSIGNMENT((#5038));
#5038 = SURFACE_STYLE_USAGE(.BOTH.,#5039);
#5039 = SURFACE_SIDE_STYLE('',(#5040));
#5040 = SURFACE_STYLE_FILL_AREA(#5041);
#5041 = FILL_AREA_STYLE('',(#5042));
#5042 = FILL_AREA_STYLE_COLOUR('',#5007);
#5043 = MECHANICAL_DESIGN_GEOMETRIC_PRESENTATION_REPRESENTATION('',(
    #5044),#4475);
#5044 = STYLED_ITEM('color',(#5045),#4377);
#5045 = PRESENTATION_STYLE_ASSIGNMENT((#5046));
#5046 = SURFACE_STYLE_USAGE(.BOTH.,#5047);
#5047 = SURFACE_SIDE_STYLE('',(#5048));
#5048 = SURFACE_STYLE_FILL_AREA(#5049);
#5049 = FILL_AREA_STYLE('',(#5050));
#5050 = FILL_AREA_STYLE_COLOUR('',#5007);
#5051 = MECHANICAL_DESIGN_GEOMETRIC_PRESENTATION_REPRESENTATION('',(
    #5052),#4943);
#5052 = STYLED_ITEM('color',(#5053),#4845);
#5053 = PRESENTATION_STYLE_ASSIGNMENT((#5054));
#5054 = SURFACE_STYLE_USAGE(.BOTH.,#5055);
#5055 = SURFACE_SIDE_STYLE('',(#5056));
#5056 = SURFACE_STYLE_FILL_AREA(#5057);
#5057 = FILL_AREA_STYLE('',(#5058));
#5058 = FILL_AREA_STYLE_COLOUR('',#5059);
#5059 = COLOUR_RGB('',9.999999991362E-02,0.199999998682,0.800000010877);
#5060 = MECHANICAL_DESIGN_GEOMETRIC_PRESENTATION_REPRESENTATION('',(
    #5061),#308);
#5061 = STYLED_ITEM('color',(#5062),#210);
#5062 = PRESENTATION_STYLE_ASSIGNMENT((#5063));
#5063 = SURFACE_STYLE_USAGE(.BOTH.,#5064);
#5064 = SURFACE_SIDE_STYLE('',(#5065));
#5065 = SURFACE_STYLE_FILL_AREA(#5066);
#5066 = FILL_AREA_STYLE('',(#5067));
#5067 = FILL_AREA_STYLE_COLOUR('',#5068);
#5068 = COLOUR_RGB('',0.250000000672,0.250000000672,0.27999999963);
#5069 = MECHANICAL_DESIGN_GEOMETRIC_PRESENTATION_REPRESENTATION('',(
    #5070),#4826);
#5070 = STYLED_ITEM('color',(#5071),#4728);
#5071 = PRESENTATION_STYLE_ASSIGNMENT((#5072));
#5072 = SURFACE_STYLE_USAGE(.BOTH.,#5073);
#5073 = SURFACE_SIDE_STYLE('',(#5074));
#5074 = SURFACE_STYLE_FILL_AREA(#5075);
#5075 = FILL_AREA_STYLE('',(#5076));
#5076 = FILL_AREA_STYLE_COLOUR('',#5077);
#5077 = COLOUR_RGB('',9.999999991362E-02,0.700000005816,0.199999998682);
#5078 = MECHANICAL_DESIGN_GEOMETRIC_PRESENTATION_REPRESENTATION('',(
    #5079),#2242);
#5079 = STYLED_ITEM('color',(#5080),#327);
#5080 = PRESENTATION_STYLE_ASSIGNMENT((#5081));
#5081 = SURFACE_STYLE_USAGE(.BOTH.,#5082);
#5082 = SURFACE_SIDE_STYLE('',(#5083));
#5083 = SURFACE_STYLE_FILL_AREA(#5084);
#5084 = FILL_AREA_STYLE('',(#5085));
#5085 = FILL_AREA_STYLE_COLOUR('',#5086);
#5086 = COLOUR_RGB('',0.55000000909,0.580000000354,0.620000000292);
#5087 = MECHANICAL_DESIGN_GEOMETRIC_PRESENTATION_REPRESENTATION('',(
    #5088),#2443);
#5088 = STYLED_ITEM('color',(#5089),#2261);
#5089 = PRESENTATION_STYLE_ASSIGNMENT((#5090));
#5090 = SURFACE_STYLE_USAGE(.BOTH.,#5091);
#5091 = SURFACE_SIDE_STYLE('',(#5092));
#5092 = SURFACE_STYLE_FILL_AREA(#5093);
#5093 = FILL_AREA_STYLE('',(#5094));
#5094 = FILL_AREA_STYLE_COLOUR('',#5095);
#5095 = COLOUR_RGB('',0.500000003429,0.520000005207,0.56000001326);
ENDSEC;
END-ISO-10303-21;
